parameter,non_na_n,MK,SEN,tau,p.value,slope,significant,slope_dir,trend,mean_value,percent_change
CHL_comp,35,,,-0.18319328129291534,0.12509003281593323,1.0714285714285714,FALSE,NA,Stable,5.739399047619048,18.667957438384537
PH_epi,35,,,0.2575761377811432,0.030845999717712402,1.0714285714285714,TRUE,increasing,Improving,6.286780952380952,17.042562474246793
SECCHI,34,,,0.025022432208061218,0.847130298614502,1.0714285714285714,FALSE,NA,Stable,4.097071078431372,26.151085761460223
SPCD_epi,35,,,-0.12941177189350128,0.2804500460624695,1.0714285714285714,FALSE,NA,Stable,25.25340476190476,4.242709375350612
TP_epi,35,,,0.0679735615849495,0.5790517330169678,1.0714285714285714,FALSE,NA,Stable,7.23952380952381,14.799710583437479
TP_hypo,34,,,0.132499098777771,0.2788710594177246,1.0714285714285714,FALSE,NA,Stable,13.08343137254902,8.189201601015675
