parameter,non_na_n,tau,p.value,slope,trend,mean_value,percent_change
CHL_comp,37,-0.009009009227156639,0.9478600025177002,-0.002433380084151471,Stable,4.697632432432433,-0.05180013803020063
PH_epi,36,-0.08779067546129227,0.4617267847061157,-0.0021130952380952433,Stable,7.039722222222222,-0.03001674173200835
SECCHI,37,0.07530154287815094,0.5214676856994629,0.01071428571428574,Stable,3.605472972972973,0.29716727304853535
SPCD_epi,36,0.06195395439863205,0.6047080755233765,0.15473684210526323,Stable,85.81305555555555,0.18031853207357973
TP_epi,36,0.14444444444444443,0.219332779970711,0.052500065192579826,Stable,8.20138888888889,0.6401362733049529
TP_hypo,36,0.09047619047619047,0.4446313228622938,0.0579071044921875,Stable,13.233333333333334,0.437585172485044
