parameter,non_na_n,tau,p.value,slope,significant,slope_dir,trend,mean_value,percent_change
CHL_comp,78,-0.030323229730129242,0.6977795362472534,-0.005499999999999972,FALSE,NA,Stable,5.165328787878788,-0.10647918507930298
PH_epi,79,-0.10861186683177948,0.15975113213062286,-0.0015862068965517026,FALSE,NA,Stable,6.812481012658228,-0.023283835853698257
SECCHI,79,-0.08032799512147903,0.29944103956222534,-0.003409090909090917,FALSE,NA,Stable,3.064256329113924,-0.11125345085202802
SPCD_epi,79,-0.058451056480407715,0.4485793709754944,-0.056500000000000127,FALSE,NA,Stable,65.42506329113924,-0.08635834213652512
TP_epi,79,0.059685103595256805,0.4431281089782715,0.00952380952380949,FALSE,NA,Stable,12.318607594936708,0.07731238656976168
TP_hypo,79,-0.07959651201963425,0.3034525513648987,-0.05172413793103448,FALSE,NA,Stable,23.491139240506328,-0.2201857364237377
