parameter,non_na_n,tau,p.value,slope,trend,mean_value,percent_change
CHL_comp,71,-0.10630161315202713,0.19172850251197815,-0.012830188679245277,Stable,4.719252112676056,-0.2718691091917509
PH_epi,66,0.15475060045719147,0.06852924823760986,0.002222222222222175,Stable,7.371818181818182,0.03014483221660368
SECCHI,67,0.14504507184028625,0.08600914478302002,0.008999999999999985,Stable,3.591716417910448,0.2505765754534684
SPCD_epi,81,0.09947486966848373,0.19045519828796387,0.5,Stable,372.1395061728395,0.1343582155901975
TP_epi,71,0.5235412474849095,1.0005907213894716e-10,0.25882357155904145,Worsening,11.899154929577465,2.1751424625600047
TP_hypo,71,0.5742454728370221,1.3569145806968663e-12,1.3780959129333579,Worsening,45.822535211267606,3.007463263609406
