parameter,non_na_n,tau,p.value,slope,significant,slope_dir,trend,mean_value,percent_change
CHL_comp,55,-0.2157062143087387,0.020559556782245636,-0.0276923076923077,TRUE,decreasing,Improving (significant),4.59936,-0.6020904580704206
PH_epi,53,-0.03801271319389343,0.695412278175354,-7.900207900208023e-4,FALSE,decreasing,Worsening (weak),6.457358490566038,-0.012234426680429676
SECCHI,54,0.05547820404171944,0.5604007244110107,0.0035714285714285713,FALSE,increasing,Improving (weak),4.3980092592592595,0.0812055719052782
SPCD_epi,54,0.11208441108465195,0.23545050621032715,0.03640000000000001,FALSE,increasing,Worsening (weak),21.10685185185185,0.1724558463549664
TP_epi,55,-0.072643280029296875,0.4411802887916565,-0.012653061224489798,FALSE,decreasing,Improving (weak),7.539454545454546,-0.1678246237603248
TP_hypo,54,-0.12833178043365479,0.1743774116039276,-0.08444444444444446,FALSE,decreasing,Improving (weak),16.076666666666668,-0.5252609026193933
