parameter,non_na_n,tau,p.value,slope,trend,mean_value,percent_change
CHL_comp,231,-0.047807265198569544,0.2787929067939938,-0.0033332830294967074,Stable,1.8114718614718615,-0.18400964985392265
PH_epi,0,NA,NA,NA,insufficient data,NA,NA
SECCHI,226,0.13014749262536873,0.0034727507011556025,0.021739130839705467,Improving,7.289845132743363,0.29821114775211216
SPCD_epi,0,NA,NA,NA,insufficient data,NA,NA
TP_epi,0,NA,NA,NA,insufficient data,NA,NA
TP_hypo,0,NA,NA,NA,insufficient data,NA,NA
