STATIONID,parameter,n,tau,mk_p,sen_slope,sen_ci_lower,sen_ci_upper,trend
STOMARD,SPCD_epi,37,-0.058602571010137175,0.6191608456304538,-0.02749999999999976,-0.08333333333333333,0.05187499999999989,Stable
STOMARD,CHL_comp,37,0.18373577322629356,0.11340179287523149,0.022858391608391607,-0.0035714285714285587,0.058421052631578964,Stable
STOMARD,PH_epi,37,0.11428584350263793,0.3265513570169716,0.004861111111111097,-0.003928571428571408,0.011428571428571439,Stable
STOMARD,SECCHI_NVS,37,-0.19062572605954425,0.10174603493723205,-0.017332015810276644,-0.03833333333333341,0.00526315789473687,Stable
STOMARD,TP_hypo,36,0.3607464221837457,0.002328258202949775,0.2,0.06875000000000009,0.35714285714285715,Worsening
STOMARD,TP_epi,36,0.29740538914660536,0.014039797292467472,0.09303571428571428,0,0.18500000000000005,Worsening
