parameter,non_na_n,tau,p.value,slope,trend,mean_value,percent_change
CHL_comp,114,-0.14792950451374054,0.019860848784446716,-0.008612244897959186,Improving,4.05510350877193,-0.21238039619283022
SPCD_epi,118,0.5695015788078308,0,0.7694736842105258,Worsening,176.31389830508473,0.43642259152994684
PH_epi,117,0.13616850972175598,0.030865788459777832,0.0012861869313482198,Improving,6.7847863247863245,0.018956926125285548
TP_epi,115,0.23513926565647125,0.00024080276489257813,0.036263736263736274,Worsening,12.333565217391305,0.29402476595008825
TP_hypo,116,-0.03332130238413811,0.5995146632194519,-0.012042614904060674,Stable,28.076724137931034,-0.04289180904759244
SECCHI,115,0.17347149550914764,0.006678342819213867,0.004573170731707317,Improving,3.2072173913043476,0.14258998295863717
