parameter,non_na_n,tau,p.value,slope,trend,mean_value,percent_change
CHL_comp,81,0.1527777777777778,0.04377826745257729,0.03901437759399366,Worsening,5.028217283950617,0.7759087444077293
PH_epi,73,-0.013318112633181126,0.8712281987632817,-3.4486383199708326e-4,Stable,6.782671232876712,-0.005084483976246292
SECCHI,93,-0.09163160355306219,0.1937846280085156,-0.011111151427030475,Stable,5.528575268817204,-0.20097675959483896
SPCD_epi,73,0.5795281582952816,4.065636716177323e-13,1.0687833595275937,Worsening,62.27931506849315,1.716112899366626
TP_epi,73,-0.0410958904109589,0.6079013462424254,-8.332747966051102e-4,Stable,7.623013698630137,-0.01093104157421166
TP_hypo,73,0.197869101978691,0.013278871711542628,0.15789467083756037,Worsening,14.51095890410959,1.0881063882886723
