parameter,non_na_n,tau,p.value,slope,trend,mean_value,percent_change
CHL_comp,129,0.0754031091928482,0.20610857009887695,0.007347672064777345,Worsening,5.998321705426356,0.12249546499198775
PH_epi,124,-0.01754533313214779,0.7755088806152344,-1.5038444142922096e-4,Worsening,7.154435483870968,-0.0021019749464265794
SECCHI,132,0.09301450103521347,0.11843633651733398,0.0030612244897959165,Improving,3.489735984848485,0.08772080475677665
SPCD_epi,124,0.0377853624522686,0.5353415012359619,0.04809626436781582,Worsening,175.0999193548387,0.0274678963559938
TP_epi,124,0.2020718594282717,NA,NA,Worsening,14.827016129032257,NA
TP_hypo,121,0.1527548209366391,NA,NA,Worsening,25.92404958677686,NA
