parameter,non_na_n,tau,p.value,slope,trend,mean_value,percent_change
CHL_comp,67,-0.09551837295293808,0.255748450756073,-0.01825000000000001,Stable,5.968564179104478,-0.30576868158496096
PH_epi,70,-0.10199982672929764,0.2159191370010376,-0.0021999999999999884,Stable,6.252142857142857,-0.03518793556494898
SECCHI,68,-0.024034330621361732,0.7787148952484131,0,Stable,4.04764705882353,0
SPCD_epi,70,-0.05350483953952789,0.5163493156433105,-0.013333333333333365,Stable,25.55742857142857,-0.05217008939717475
TP_epi,67,0.013568521031207599,0.8746483494503008,4.0978193283081055e-8,Stable,8.065820895522387,5.080473991906943e-7
TP_hypo,65,0.09759615384615385,0.251805360668216,0.05999999865889549,Stable,13.451538461538462,0.4460456239295713
