parameter,non_na_n,tau,p.value,slope,trend,mean_value,percent_change
CHL_comp,43,-0.26688815060908083,0.011875119918660637,-0.051221232414245504,Improving,2.347620930232558,-2.181835736537392
PH_epi,43,0.26578073089701,0.012197434865379941,0.022000004947185396,Improving,7.30953488372093,0.3009768103875066
SECCHI,42,-0.07200929152148665,0.5076678947993365,-0.013719806671142767,Stable,5.906642857142857,-0.23227757294571336
SPCD_epi,63,0.49923195084485406,6.681511344197588e-9,7.359779357910156,Worsening,353.6190476190476,2.0812734516040035
TP_epi,43,0.23809523809523808,0.02484755329884636,0.09228298187255848,Worsening,8.434651162790697,1.094093639339385
TP_hypo,43,0.292358803986711,0.0058144274368696625,0.229754447937008,Worsening,17.152093023255816,1.3395126042372405
