parameter,non_na_n,tau,p.value,slope,trend,mean_value,percent_change
CHL_comp,44,0.0761905238032341,0.4726424217224121,0.02218614718614717,Stable,4.719736363636364,0.47007174716542116
SPCD_epi,45,-0.09205878525972366,0.37856942415237427,-0.041277890466531464,Stable,33.01577777777778,-0.12502474042672634
PH_epi,45,0.34566864371299744,8.772611618041992e-4,0.013956521739130447,Improving,6.082777777777777,0.2294432288833209
TP_epi,45,-0.10376662015914917,0.3227749466896057,-0.020625000000000004,Stable,8.563777777777778,-0.2408399719749851
TP_hypo,43,0.2094196230173111,0.05122864246368408,0.1541666666666667,Stable,13.04232558139535,1.1820489045801983
SECCHI,44,-0.10716254264116287,0.31160610914230347,-0.009292763157894748,Stable,3.8424431818181817,-0.24184516772730946
