parameter,non_na_n,MK,SEN,tau,p.value,slope,significant,slope_dir,trend,mean_value,percent_change
CHL_comp,13,,,-0.05128205567598343,0.8547770977020264,1,FALSE,NA,Stable,4.296923076923077,23.272466881489436
PH_epi,13,,,-0.4774293303489685,0.027777183800935745,1,TRUE,increasing,Improving,6.87,14.556040756914118
SECCHI,13,,,-0.09032446891069412,0.7138155698776245,1,FALSE,NA,Stable,3.9025641025641025,25.624178712220765
SPCD_epi,13,,,0.9743590950965881,4.76837158203125e-6,1,TRUE,increasing,Worsening,82.05641025641026,1.2186738328854445
TP_epi,13,,,-0.1298810839653015,0.5815410017967224,1,FALSE,NA,Stable,7.82051282051282,12.786885245901638
TP_hypo,12,,,-0.24242421984672546,0.3036732077598572,1,FALSE,NA,Stable,9.347222222222223,10.698365527488855
