parameter,non_na_n,tau,p.value,slope,significant,slope_dir,trend,mean_value,percent_change
CHL_comp,63,0.00666325306519866,0.9432554244995117,0.0017647058823529558,FALSE,increasing,Worsening (weak),7.0740936507936505,0.024946035060688963
PH_epi,63,0.03910517320036888,0.6563149690628052,0.0010344827586206981,FALSE,increasing,Improving (weak),6.627936507936508,0.015607915938572657
SECCHI,63,-0.0056672897189855576,0.9526789784431458,0,FALSE,NA,Stable,2.623452380952381,0
SPCD_epi,63,-0.11321722716093063,0.19193178415298462,-0.17586206896551704,FALSE,decreasing,Improving (weak),126.0147619047619,-0.13955672042488815
TP_epi,63,0.038379911333322525,0.6718204021453857,0,FALSE,NA,Stable,11.087619047619048,0
TP_hypo,63,0,1,0,FALSE,NA,Stable,14.604761904761904,0
