STATIONID,PARAMETER,n,tau,mk_p,sen_slope,sen_ci_lower,sen_ci_upper,TREND
ROCCROD,SPCD_epi,36,0.08253968253968255,0.4872648904642324,0.152586206896551,-0.31666666666666654,0.5586956521739131,Stable
ROCCROD,CHL_comp,36,-0.023828442782560178,0.8487526392562733,-0.003730158730158732,-0.03666666666666665,0.033749999999999974,Stable
ROCCROD,PH_epi,36,-0.049601587276189664,0.6824977549955591,-9.468339307048783e-4,-0.00588235294117645,0.0042857142857143215,Stable
ROCCROD,SECCHI_NVS,36,-0.2709035420466611,0.023861277050996187,-0.020000000000000018,-0.04,0,Worsening
ROCCROD,TP_epi,36,-0.15319152544329426,0.20705843629803977,-0.044602272727272733,-0.10869565217391304,0.01111111111111112,Stable
ROCCROD,TP_hypo,36,-0.10834532644177142,0.3672228493178061,-0.08712121212121213,-0.3064516129032258,0.08620689655172414,Stable
