parameter,non_na_n,MK,SEN,tau,p.value,slope,significant,slope_dir,trend,mean_value,percent_change
CHL_comp,31,,,0.021528538316488266,0.878406286239624,1,FALSE,NA,Stable,3.346520161290323,29.88178620786879
PH_epi,31,,,0.23060399293899536,0.07152318954467773,1,FALSE,NA,Stable,6.822741935483871,14.65686390392662
SECCHI,31,,,0.01505376398563385,0.9187736511230469,1,FALSE,NA,Stable,6.027231182795699,16.59136624548978
SPCD_epi,31,,,-0.3290322721004486,0.009781613014638424,1,TRUE,increasing,Worsening,48.45876344086022,2.063610230625085
TP_epi,31,,,0.04112640768289566,0.7594292163848877,1,FALSE,NA,Stable,7.024784946236559,14.235311225231706
TP_hypo,31,,,0.05621704086661339,0.6706480979919434,1,FALSE,NA,Stable,10.480483870967742,9.541544191200234
