STATIONID,parameter,n,tau,mk_p,sen_slope,sen_ci_lower,sen_ci_upper,trend
WHIHOLD,SPCD_epi,37,0.4646621795041463,5.60182753032715e-5,0.4143500948766603,0.27230769230769225,0.6040000000000001,Worsening
WHIHOLD,CHL_comp,37,-0.1577761527196001,0.17372868378302317,-0.028940972222222208,-0.07785714285714285,0.014565217391304385,Stable
WHIHOLD,PH_epi,36,0.18326838676460705,0.12030309743178773,0.004587542087542119,-0.001730769230769228,0.011538461538461532,Stable
WHIHOLD,SECCHI_NVS,37,0.01524567391058357,0.9060840429197304,0,-0.018518518518518517,0.015000000000000036,Stable
WHIHOLD,TP_hypo,37,-0.06991398206342482,0.5554863459248767,-0.037980769230769235,-0.16666666666666666,0.09090909090909091,Stable
WHIHOLD,TP_epi,37,0.012292049898903448,0.92670713951657,0,-0.06521739130434782,0.08749999999999997,Stable
