STATIONID,parameter,n,tau,mk_p,sen_slope,sen_ci_lower,sen_ci_upper,trend
EASGTMD,SPCD_epi,39,0.6356275303643725,1.3040751846191707e-8,2.7833333333333314,2.174999999999997,3.460526315789474,Worsening
EASGTMD,CHL_comp,39,-0.4267387873539367,1.3852134057020727e-4,-0.11229166666666668,-0.17192307692307696,-0.05796875,Improving
EASGTMD,PH_epi,39,-0.01893174956168448,0.8750132487929823,-4.166666666666578e-4,-0.0062499999999999405,0.004230769230769209,Stable
EASGTMD,SECCHI_NVS,39,0.15238602988428193,0.17892746243603544,0.011538461538461532,-0.004687499999999997,0.02894736842105267,Stable
EASGTMD,TP_hypo,39,-0.0013914721131862286,1,0,-0.1,0.1,Stable
EASGTMD,TP_epi,39,-0.24001684387832373,0.038170735931420834,-0.0625,-0.11363636363636363,0,Improving
