stationid,parameter,n,tau,mk_p,sen_slope,sen_ci_lower,sen_ci_upper,trend
ISLSTDVLAPD,SECCHI,115,0.01113011647658276,0.8635800843551877,0,-0.0029069767441860465,0.003030303030303033,Stable
ISLSTDVLAPD,TP_epi,114,-0.14761732019417528,0.021863701629608635,-0.0189189189189189,-0.034482758620689655,0,Improving
ISLSTDVLAPD,SPCD_epi,113,-0.12029138207885094,0.05964097050964046,-0.024636459430979946,-0.04899999999999996,6.451612903226815e-4,Stable
ISLSTDVLAPD,PH_epi,115,0.06429447952495138,0.31216983376869895,7.272727272727279e-4,-7.142857142856991e-4,0.002173913043478253,Stable
ISLSTDVLAPD,TP_hypo,113,0.05551083480757239,0.3901720548692032,0.008022988505747144,-0.011111111111111105,0.03571428571428571,Stable
ISLSTDVLAPD,CHL_comp,115,-0.10424299017024788,0.0992469890154236,-0.010499999999999999,-0.02361702127659575,0.00235294117647059,Stable
ISLSTDVLAPD,Year,117,0.9905983033128906,1.737085595140927e-55,0.3253012048192771,0.32323232323232326,0.3275862068965517,Stable
