STATIONID,parameter,n,tau,mk_p,sen_slope,sen_ci_lower,sen_ci_upper,trend
MOUSUND,SPCD_epi,41,0.4200247331202095,1.1665989804800721e-4,1.247515527950311,0.7352941176470589,1.8888888888888888,Worsening
MOUSUND,CHL_comp,41,-0.14896226000193477,0.1740718170109334,-0.019821428571428587,-0.057499999999999996,0.010666666666666677,Stable
MOUSUND,PH_epi,41,-0.05388904378712247,0.6289487126316299,-0.001356321839080461,-0.0074999999999999884,0.0034782608695652206,Stable
MOUSUND,SECCHI_NVS,41,-0.2056563812510887,0.06423015161781735,-0.010934782608695667,-0.025,0,Stable
MOUSUND,TP_hypo,41,0.008826599715100207,0.945952422500602,0,-0.08571428571428572,0.125,Stable
MOUSUND,TP_epi,41,0.0038538260615544897,0.9818705515639681,0,-0.05,0.05555555555555555,Stable
