stationid,parameter,n,tau,mk_p,sen_slope,sen_ci_lower,sen_ci_upper,trend
LOOGLMD,SECCHI,72,0.02167975659116757,0.7928058800867798,0.0012660256410256475,-0.00868421052631579,0.011406249999999993,Stable
LOOGLMD,TP_epi,76,0.1484167107608176,0.06376498870976872,0.01122222222222223,0,0.03125,Stable
LOOGLMD,SPCD_epi,75,0.41262415332224717,1.7071569431707806e-7,0.4338297872340426,0.31809523809523776,0.5697297297297297,Worsening
LOOGLMD,PH_epi,76,0.09628057470857723,0.22234668235921992,0.002230514096185735,-0.001176470588235269,0.004666666666666626,Stable
LOOGLMD,TP_hypo,76,0.36371042071594367,4.614018768554599e-6,0.09375,0.05555555555555555,0.13513513513513514,Worsening
LOOGLMD,CHL_comp,75,7.226765471679632e-4,0.996349555298245,0,-0.010199999999999996,0.010000000000000009,Stable
LOOGLMD,Year,77,0.989521311807304,1.965331243228642e-36,0.43478260869565216,0.42857142857142855,0.4444444444444444,Stable
