parameter,non_na_n,MK,SEN,tau,p.value,slope,significant,slope_dir,trend,mean_value,percent_change
CHL_comp,36,,,0.06533916294574738,0.5856692790985107,1,FALSE,NA,Stable,1.5348546296296297,65.1527500191537
PH_epi,36,,,0.25159361958503723,0.032413482666015625,1,TRUE,increasing,Improving,6.314097222222222,15.837576850741836
SECCHI,36,,,-0.15018784999847412,0.21994203329086304,1,FALSE,NA,Stable,2.4925925925925925,40.11887072808321
SPCD_epi,36,,,-0.5639398694038391,1.4195210269463132e-6,1,TRUE,increasing,Worsening,17.706481481481482,5.6476494273911
TP_epi,36,,,0.053102314472198486,0.6622159481048584,1,FALSE,NA,Stable,9.676666666666668,10.334137099552185
TP_hypo,10,,,0.5228623747825623,0.047292232513427734,1,TRUE,increasing,Worsening,13.01,7.686395080707148
