parameter,non_na_n,tau,p.value,slope,significant,slope_dir,trend,mean_value,percent_change
CHL_comp,129,0.0754031091928482,0.20610857009887695,0.007347672064777345,FALSE,increasing,Worsening (weak),5.998321705426356,0.12249546499198775
PH_epi,124,-0.01754533313214779,0.7755088806152344,-1.5038444142922096e-4,FALSE,decreasing,Worsening (weak),7.154435483870968,-0.0021019749464265794
SECCHI,132,0.09301450103521347,0.11843633651733398,0.0030612244897959165,FALSE,increasing,Improving (weak),3.489735984848485,0.08772080475677665
SPCD_epi,124,0.0377853624522686,0.5353415012359619,0.04809626436781582,FALSE,increasing,Worsening (weak),175.0999193548387,0.0274678963559938
TP_epi,124,-0.11870281398296356,0.05354689061641693,-0.02132240437158469,FALSE,decreasing,Improving (weak),14.796774193548387,-0.14410170820124818
TP_hypo,121,-0.06946631520986557,0.26335084438323975,-0.023032714412024646,FALSE,decreasing,Improving (weak),25.92404958677686,-0.08884689999888365
