parameter,non_na_n,tau,p.value,slope,significant,slope_dir,trend,mean_value,percent_change
CHL_comp,33,0.1254761815071106,0.31359779834747314,0.029999999999999985,FALSE,NA,Stable,4.175454545454546,0.7184846505551923
PH_epi,31,-0.049784597009420395,0.7081947326660156,-0.0023076923076922585,FALSE,NA,Stable,6.890967741935484,-0.033488653468055435
SECCHI,33,-0.019863802939653397,0.8879667520523071,0,FALSE,NA,Stable,3.912121212121212,0
SPCD_epi,31,0.008611415512859821,0.9593281745910645,0.03333333333333333,FALSE,NA,Stable,80.83548387096774,0.04123601633478324
TP_epi,30,-0.06480860710144043,0.639960527420044,0,FALSE,NA,Stable,8.25,0
TP_hypo,27,-0.06295585632324219,0.6731759309768677,0,FALSE,NA,Stable,9.12962962962963,0
