parameter,non_na_n,MK,SEN,tau,p.value,slope,significant,slope_dir,trend,mean_value,percent_change
CHL_comp,25,,,0.4080289900302887,0.004691362380981445,1,TRUE,increasing,Worsening,3.8546026666666666,25.94301116033749
PH_epi,25,,,0.3010050058364868,0.03755056858062744,1,TRUE,increasing,Improving,6.1052333333333335,16.379390359090834
SECCHI,25,,,-0.19699525833129883,0.1754310429096222,1,FALSE,NA,Stable,3.985175,25.093000934714286
SPCD_epi,25,,,0,1,1,FALSE,NA,Stable,31.085933333333333,3.2168890966760957
TP_epi,25,,,0.10067339986562729,0.49775004386901855,1,FALSE,NA,Stable,7.8649000000000004,12.71471983114852
TP_hypo,24,,,0.364973247051239,0.013925909996032715,1,TRUE,increasing,Worsening,12.66107638888889,7.898222625665382
