STATIONID,parameter,n,tau,mk_p,sen_slope,sen_ci_lower,sen_ci_upper,trend
MARLAND,SPCD_epi,20,0.5329833856082639,0.001169823787415959,1.827818181818183,0.6763333333333331,2.4200000000000017,Worsening
MARLAND,CHL_comp,17,-0.19117647058823528,0.30309653246754925,-0.11466666666666667,-0.6033333333333332,0.2172727272727273,Stable
MARLAND,PH_epi,18,0.026403934479377986,0.9093341546154612,8.749999999999591e-4,-0.013571428571428599,0.023076923076923064,Stable
MARLAND,SECCHI_NVS,20,0.04774686984581479,0.794890717913431,0.01235119047619045,-0.041666666666666664,0.06906250000000003,Stable
MARLAND,TP_hypo,20,0.33245498310218435,0.04415618298683237,0.6686274509803922,0.020000000000000996,1.1454545454545455,Worsening
MARLAND,TP_epi,20,0.09018853193098349,0.6031122679927312,0.042708333333333307,-0.12999999999999998,0.32142857142857145,Stable
