parameter,non_na_n,tau,p.value,slope,trend,mean_value,percent_change
CHL_comp,83,0.08525650948286057,0.25571370124816895,0.028235294117647084,Worsening,13.635703614457832,0.20706884599419878
PH_epi,87,0.07147753238677979,0.3311421871185303,9.638554216867478e-4,Improving,7.114137931034483,0.013548450016439187
SECCHI,88,-0.001051823841407895,0.9913694262504578,0,Worsening,2.5360795454545455,0
SPCD_epi,87,-0.014713755808770657,0.8430639505386353,-0.24528301886792453,Improving,935.0758620689655,-0.02623134964955752
TP_epi,86,0.047879616963064295,NA,NA,Worsening,23.677906976744186,NA
TP_hypo,84,0.1861732644865175,NA,NA,Worsening,53.36190476190476,NA
