parameter,non_na_n,tau,p.value,slope,trend,mean_value,percent_change
CHL_comp,106,-0.24204851752021564,2.3026188062669206e-4,-0.11000005376525454,Improving,6.830168867924528,-1.6105026960875137
PH_epi,96,-0.14342105263157895,0.038477828724466034,-0.004705913662910524,Worsening,7.1178125,-0.06611460561669086
SECCHI,107,0.15570446129430435,0.017102867426094237,0.016666673123836594,Improving,3.82,0.4363003435559318
SPCD_epi,97,0.4415807560137457,1.4550760596421242e-10,4.090909119229764,Worsening,408.5043298969072,1.0014359260921841
TP_epi,97,0.07388316151202749,0.2837193840276089,0.03030303493142128,Stable,13.137731958762886,0.23065651686712263
TP_hypo,93,0.08835904628330996,0.21019682294904496,0.0789473369717617,Stable,18.320752688172043,0.4309175409737966
