stationid,parameter,n,tau,mk_p,sen_slope,sen_ci_lower,sen_ci_upper,trend
TUCSBYD,SECCHI,117,0.140344695749481,0.026368789211716835,0.004723355430902599,0,0.00942028985507247,Improving
TUCSBYD,TP_epi,119,-0.0485675214939566,0.4433787479841017,-0.0013793103448275568,-0.020999999999999998,0.004878048780487809,Stable
TUCSBYD,SPCD_epi,115,0.5741986405800141,1.0021897850270641e-19,0.12239436619718307,0.10047169811320757,0.14617021276595746,Worsening
TUCSBYD,PH_epi,115,-0.13400280149398405,0.03518191950008407,-0.0015384615384615398,-0.0030303030303030195,0,Worsening
TUCSBYD,TP_hypo,116,0.015692482950596866,0.807429266129945,0,-0.018421052631578953,0.02564102564102564,Stable
TUCSBYD,CHL_comp,117,-0.12652269274433095,0.04373361654318113,-0.009175239755884915,-0.018918918918918923,0,Improving
TUCSBYD,Year,119,0.988251741237652,6.093964646902255e-56,0.35714285714285715,0.3448275862068966,0.36764705882352944,Stable
