parameter,non_na_n,tau,p.value,slope,significant,slope_dir,trend,mean_value,percent_change
CHL_comp,109,-0.045775607228279114,0.48279237747192383,-0.002812499999999999,FALSE,decreasing,Improving (weak),4.245320183486238,-0.06624942003056142
PH_epi,109,0.03406170755624771,0.603937029838562,3.3712121212121e-4,FALSE,increasing,Improving (weak),6.825559633027523,0.004939099945591972
SECCHI,108,-0.027756476774811745,0.6763601303100586,0,FALSE,NA,Stable,-1.1879259259259258,-0
SPCD_epi,109,0.07223592698574066,0.2668788433074951,0.09021428571428564,FALSE,increasing,Worsening (weak),125.01788990825688,0.07216110092762602
TP_epi,108,-0.011631227098405361,0.8662261366844177,0,FALSE,NA,Stable,11.848796296296296,0
TP_hypo,109,-0.028369391337037086,0.672285795211792,0,FALSE,NA,Stable,14.740183486238532,0
