STATIONID,parameter,n,tau,mk_p,sen_slope,sen_ci_lower,sen_ci_upper,trend
MONRINAD,SPCD_epi,38,0.6130867709815079,6.447691304073759e-8,0.92125,0.7202941176470586,1.1629629629629632,Worsening
MONRINAD,CHL_comp,38,0.024182076813655765,0.8405809140670598,0.0037499999999999756,-0.05166666666666675,0.05416666666666667,Stable
MONRINAD,PH_epi,38,0.21413412601944795,0.060936708132687215,0.005476190476190486,-6.666666666667116e-4,0.010434782608695662,Stable
MONRINAD,SECCHI,14,-0.01098901098901099,1,-0.0024999999999999467,-0.0900000000000003,0.07500000000000001,Stable
MONRINAD,TP_hypo,38,0.06475249137904963,0.5795112642529834,0.03125,-0.0727272727272728,0.125,Stable
MONRINAD,TP_epi,38,-0.0506588695961797,0.6681001349242119,-0.010000000000000024,-0.07142857142857142,0.05,Stable
