STATIONID,PARAMETER,n,tau,mk_p,sen_slope,sen_ci_lower,sen_ci_upper,TREND
MASENF2D,SPCD_epi,22,0.24295068005271442,0.12078117008080871,0.41538461538461474,-0.07000000000000028,0.9399999999999996,Stable
MASENF2D,CHL_comp,21,-0.21904761904761907,0.17419048270007745,-0.05873376623376626,-0.13382352941176473,0.03999999999999998,Stable
MASENF2D,PH_epi,21,-0.11031460542154956,0.505895199469411,-0.005000000000000079,-0.01750000000000007,0.010000000000000009,Stable
MASENF2D,SECCHI_NVS,21,-0.4348282767393363,0.007023409223482354,-0.06547619047619047,-0.09500000000000001,-0.021052631578947364,Worsening
MASENF2D,TP_epi,21,0.27888667551135854,0.09309207781447958,0.20526315789473684,0,0.4,Stable
MASENF2D,TP_hypo,21,-0.34727223707707805,0.041627278537834156,-0.1,-0.25,0,Improving
