parameter,non_na_n,tau,p.value,slope,significant,slope_dir,trend,mean_value,percent_change
CHL_comp,66,-0.010727613233029842,0.9030938148498535,-0.0026177777777777757,FALSE,decreasing,Improving (weak),7.97004696969697,-0.03284519887688073
PH_epi,65,-0.06520232558250427,0.4479285478591919,-0.001610810810810818,FALSE,decreasing,Worsening (weak),6.8250769230769235,-0.023601357595902706
SECCHI,65,-0.022855857387185097,0.7943122982978821,-2.380952380952383e-4,FALSE,decreasing,Worsening (weak),3.366769230769231,-0.0070719203418892745
SPCD_epi,66,-0.08864009380340576,0.29556387662887573,-0.11222222222222279,FALSE,decreasing,Improving (weak),65.23424242424242,-0.1720296243994069
TP_epi,66,-0.027472080662846565,0.7520214915275574,0,FALSE,NA,Stable,11.543939393939393,0
TP_hypo,66,-0.04495479166507721,0.5989513397216797,-0.04242424242424238,FALSE,decreasing,Improving (weak),27.883333333333333,-0.15214910612400134
