STATIONID,PARAMETER,n,tau,mk_p,sen_slope,sen_ci_lower,sen_ci_upper,TREND
WHELEED,SPCD_epi,11,0.05454545454545454,0.8762696636277617,0.6999999999999981,-2.8499999999999943,4.599999999999999,Stable
WHELEED,CHL_comp,11,0.4909090909090909,0.042960146028425066,0.7300000000000004,0.030000000000000072,1.264,Worsening
WHELEED,PH_epi,9,0.2777777777777778,0.3480826236329239,0.027083333333333348,-0.06499999999999995,0.062142857142857215,Stable
WHELEED,SECCHI_NVS,11,-0.2935903373670295,0.24147691993853201,-0.07125000000000004,-0.18999999999999995,0.045000000000000075,Stable
WHELEED,TP_epi,11,0.45454545454545453,0.06170669002831272,0.36666666666666653,-0.044999999999999575,1.3066666666666666,Stable
WHELEED,TP_hypo,11,0.09090909090909091,0.7554968749288828,1.624999999999993,-8.3,5.175000000000001,Stable
