parameter,non_na_n,tau,p.value,slope,trend,mean_value,percent_change
CHL_comp,15,-0.06666666269302368,0.7665252685546875,-0.09624999999999995,Stable,6.7602866666666666,-1.4237561917985717
SPCD_epi,15,-0.39047616720199585,0.04776124656200409,-2.78,Improving,126.71333333333334,-2.1939285526385013
PH_epi,15,-0.2870846092700958,0.15074972808361053,-0.020000000000000018,Stable,6.783333333333333,-0.2948402948402951
TP_epi,15,0.5990967750549316,0.0024466514587402344,0.75,Worsening,12.2,6.147540983606558
TP_hypo,15,0.6175347566604614,0.002192854881286621,0.7777777777777778,Worsening,15.6,4.985754985754986
SECCHI,14,0.14610430598258972,0.5082395076751709,0.022222222222222192,Stable,2.4348214285714285,0.9126838609786893
