stationid,parameter,n,tau,mk_p,sen_slope,sen_ci_lower,sen_ci_upper,trend
WARALSD,SECCHI,76,-0.28219361421180883,3.32091954608751e-4,-0.011052748226950349,-0.01666666666666667,-0.005441176470588237,Worsening
WARALSD,TP_epi,74,0.44641315931398173,2.4529540241203843e-8,0.10526315789473684,0.07407407407407407,0.14042553191489357,Worsening
WARALSD,SPCD_epi,75,-0.11469797268922605,0.1470232424374074,-0.07063829787234029,-0.1678260869565217,0.02499999999999983,Stable
WARALSD,PH_epi,75,0.2830817588276999,3.4643840786184425e-4,0.005277777777777788,0.0025999999999999977,0.007755102040816324,Improving
WARALSD,TP_hypo,38,0.19858597354371543,0.08629015327627826,0.10434782608695654,0,0.2608695652173913,Stable
WARALSD,CHL_comp,76,0.1615168937587075,0.03952930662203506,0.029916666666666668,0.001176470588235295,0.06181612903225808,Worsening
WARALSD,Year,78,0.9869275424396535,1.4890017330019543e-36,0.34615384615384615,0.3392857142857143,0.35294117647058826,Stable
