parameter,non_na_n,tau,p.value,slope,trend,mean_value,percent_change
CHL_comp,78,0.02197802197802198,0.7789558356748141,0.0030769629590218905,Stable,4.690239743589744,0.06560353259611612
PH_epi,79,0.09477442388834793,0.21746503421526908,0.003333364278077805,Stable,6.414936708860759,0.05196254350371889
SECCHI,82,0.031918096958747366,0.6728357670582197,-3.501772879854846e-8,Stable,2.7487560975609755,-1.27394819895517e-6
SPCD_epi,78,0.5504495504495505,9.78550573904613e-13,0.8368421254120763,Worsening,50.82891025641025,1.6463900587098235
TP_epi,78,0.11355311355311355,0.14102830325029858,0.05465469360351689,Stable,12.893205128205128,0.4239030796458399
TP_hypo,65,0.24951923076923077,0.0031787257618669518,0.16666658148169378,Worsening,13.352769230769232,1.2481798988754962
