STATIONID,parameter,n,tau,mk_p,sen_slope,sen_ci_lower,sen_ci_upper,trend
SUNSUN060,CHL_comp,30,-0.4234755393059755,0.0010929862936660537,-0.03701923076923076,-0.05428571428571428,-0.017031250000000005,Improving
SUNSUN060,SECCHI,30,-0.49739988433476573,1.8730885050145292e-4,-0.10000000000000009,-0.13333333333333333,-0.06375000000000001,Worsening
