parameter,non_na_n,tau,p.value,slope,trend,mean_value,percent_change
CHL_comp,97,0.04431065544486046,0.5228468179702759,0.0031909090909090936,Worsening,4.971723711340206,0.0641811427218053
PH_epi,98,0.16569970548152924,0.016478776931762695,0.001749999999999996,Improving,6.412367346938775,0.027291012902363354
SECCHI,100,-0.05255475267767906,0.4453734755516052,-0.0012899340770791082,Worsening,3.142275,-0.041050960755475194
SPCD_epi,98,0.00463597709313035,0.9486037492752075,9.836065573770865e-4,Worsening,40.76867346938776,0.0024126528377619487
TP_epi,98,-0.1561119293078056,NA,NA,Improving,10.691632653061225,NA
TP_hypo,93,-0.11524076671341749,NA,NA,Improving,11.68247311827957,NA
