STATIONID,parameter,n,tau,mk_p,sen_slope,sen_ci_lower,sen_ci_upper,trend
WINNWHD,SPCD_epi,39,0.5357624831309041,1.6648108355258346e-6,0.9718750000000003,0.6147058823529413,1.2853124999999999,Worsening
WINNWHD,CHL_comp,40,0.24502891506433094,0.026839317176666964,0.06129323308270676,0.0057692307692307826,0.12159090909090912,Worsening
WINNWHD,PH_epi,39,-0.03387561864431383,0.7714701011857241,-7.575757575757414e-4,-0.007941176470588222,0.0045263157894736535,Stable
WINNWHD,SECCHI,19,-0.023460511435926226,0.9163591402734885,-0.006250000000000089,-0.08777777777777779,0.07187499999999997,Stable
WINNWHD,TP_hypo,38,0.30195860692771676,0.0085117710572652,0.18000000000000008,0.0472222222222222,0.3346153846153846,Worsening
WINNWHD,TP_epi,37,0.18294808692700285,0.11868750592869123,0.04801948051948057,-0.004761904761904745,0.11772727272727272,Stable
