STATIONID,parameter,n,tau,mk_p,sen_slope,sen_ci_lower,sen_ci_upper,trend
POWKIND,SPCD_epi,25,0.45333333333333325,0.0016164569904013125,2.110227272727272,0.8812499999999979,3.2052631578947355,Worsening
POWKIND,CHL_comp,25,-0.21035087743766598,0.14750434580376404,-0.047083333333333324,-0.11735294117647059,0.01555555555555552,Stable
POWKIND,PH_epi,25,0.08026800745087813,0.5909516273123683,0.005812500000000021,-0.011818181818181889,0.018749999999999933,Stable
POWKIND,SECCHI,17,-0.13333699146284095,0.48301227501623667,-0.01767857142857142,-0.08750000000000002,0.03593750000000001,Stable
POWKIND,TP_hypo,8,0.5714285714285714,0.06348653056076752,0.95,-0.033333333333333805,1.75,Stable
POWKIND,TP_epi,25,0.29732444649577383,0.04156802817772743,0.20916666666666672,0,0.3409090909090909,Worsening
