parameter,non_na_n,tau,p.value,slope,trend,mean_value,percent_change
CHL_comp,54,0.07062938809394836,0.45561814308166504,0.01148936170212766,Stable,3.734719865319865,0.30763650598847897
SPCD_epi,51,0.1961553543806076,0.043125033378601074,0.4038709677419358,Worsening,74.22019607843137,0.5441523858481183
PH_epi,51,0.2565934956073761,0.008276939392089844,0.007307692307692322,Improving,6.398627450980392,0.11420718527021985
TP_epi,52,0.14101442694664001,0.14763128757476807,0.030897321428571434,Stable,8.073076923076924,0.38272051316953654
TP_hypo,53,0.030839132145047188,0.7527902126312256,0.0031280547409579555,Stable,10.341509433962264,0.030247564544931885
SECCHI,54,-0.10116051882505417,0.2857545018196106,-0.008333333333333333,Stable,4.263981481481482,-0.19543549542898092
