STATIONID,PARAMETER,n,tau,mk_p,sen_slope,sen_ci_lower,sen_ci_upper,TREND
NORHAND,SPCD_epi,25,0.2933333333333333,0.042165578463101316,0.3369658119658121,0.012142857142856758,0.693,Worsening
NORHAND,CHL_comp,25,0.046666666666666655,0.7614215361463608,0.018545454545454573,-0.08735294117647058,0.13600000000000012,Stable
NORHAND,PH_epi,25,0.20435768910270644,0.16078209763456058,0.008090909090909218,-0.004999999999999893,0.018461538461538477,Stable
NORHAND,SECCHI_NVS,25,-0.26175086153346944,0.07176189140828289,-0.02708333333333334,-0.05533333333333334,0.004999999999999982,Stable
NORHAND,TP_epi,25,0.0033961780540566217,1,0,-0.1241176470588235,0.14749999999999996,Stable
NORHAND,TP_hypo,25,0.1775566806957941,0.22419327971444541,0.08989898989898994,-0.04583333333333339,0.21111111111111114,Stable
