parameter,non_na_n,MK,SEN,tau,p.value,slope,significant,slope_dir,trend,mean_value,percent_change
CHL_comp,12,,,-0.6363635659217834,0.0049315025098621845,1,TRUE,increasing,Worsening,4.595566666666667,21.76010212741265
PH_epi,12,,,0.48484843969345093,0.033524155616760254,1,TRUE,increasing,Improving,5.761666666666667,17.356089094590686
SECCHI,12,,,0.27272725105285645,0.24372220039367676,1,FALSE,NA,Stable,2.5741666666666667,38.84752347037876
SPCD_epi,12,,,0.45454540848731995,0.0467449426651001,1,TRUE,increasing,Worsening,45.13583333333334,2.2155345900337866
TP_epi,12,,,-0.40004733204841614,0.08499126136302948,1,FALSE,NA,Stable,12.479166666666668,8.013355592654424
TP_hypo,12,,,-0.5343667268753052,0.019440878182649612,1,TRUE,increasing,Worsening,13.98,7.153075822603719
