parameter,non_na_n,tau,p.value,slope,trend,mean_value,percent_change
CHL_comp,35,0.06722689075630252,0.5795629059624212,0.014569988250732368,Stable,4.654401428571428,0.3130367776464937
PH_epi,34,-0.012477718360071301,0.9290932525518081,-3.4469604492172765e-4,Stable,6.877617647058823,-0.005011852397307011
SECCHI,35,-0.30756302521008405,0.009669166579014066,-0.0241797637939454,Worsening,3.692642857142857,-0.6548091632304304
SPCD_epi,35,0.2823529411764706,0.017697916808353087,0.15305786132812724,Worsening,43.705714285714286,0.35020102938383035
TP_epi,34,-0.07308377896613191,0.5522056201370633,-0.0148773193359375,Stable,8.185882352941176,-0.18174362511564926
TP_hypo,29,-0.05665024630541872,0.6777116593282837,-2.2351744996227436e-9,Stable,9.552413793103447,-2.3399054396454976e-8
