STATIONID,parameter,n,tau,mk_p,sen_slope,sen_ci_lower,sen_ci_upper,trend
WINMBELD,SPCD_epi,32,0.7285573840434596,5.261257974749308e-9,1.4919855072463766,1.0977272727272729,1.7593749999999995,Worsening
WINMBELD,CHL_comp,32,-0.25050556168925064,0.04602668876488991,-0.029741304347826084,-0.06391304347826086,-3.1249999999999334e-4,Improving
WINMBELD,PH_epi,32,0.1014217561155473,0.42647749819377295,0.002182539682539685,-0.003999999999999915,0.007142857142857181,Stable
WINMBELD,SECCHI_NVS,32,-0.2979815238171493,0.018476227808996,-0.026112440191387566,-0.05999999999999996,-0.0027777777777777514,Worsening
WINMBELD,TP_hypo,32,0.04868244293546271,0.7089208623713019,0.07679487179487175,-0.44374999999999987,0.6478260869565219,Stable
WINMBELD,TP_epi,31,-0.1054016310754129,0.4225730491429415,-0.01555555555555552,-0.09208333333333334,0.03785714285714281,Stable
