parameter,non_na_n,tau,p.value,slope,trend,mean_value,percent_change
CHL_comp,79,-0.12045454233884811,0.1172647625207901,-0.01794117647058823,Stable,4.643525316455696,-0.38636973523129947
PH_epi,80,0.12917783856391907,0.0923231840133667,0.002187500000000009,Stable,6.7021749999999995,0.03263865834598483
SECCHI,80,0.10442834347486496,0.17288994789123535,0.005769230769230749,Stable,3.91934375,0.14719889698959804
SPCD_epi,80,-0.11526284366846085,0.13150474429130554,-0.0788854489164087,Stable,57.636125,-0.13686806480555155
TP_epi,82,-0.09093646492020475,0.22714085960698616,-0.05971305847167967,Stable,9.17451219512195,-0.6508581295845772
TP_hypo,79,0.36514118792599803,1.8688602265726217e-6,1.0159999934490775,Worsening,21.82164556962025,4.655927483597005
