STATIONID,PARAMETER,n,tau,mk_p,sen_slope,sen_ci_lower,sen_ci_upper,TREND
CONJAFD,SPCD_epi,32,0.4217963802356871,7.422825456874558e-4,0.6875,0.34117647058823514,1.1657142857142857,Worsening
CONJAFD,CHL_comp,32,-0.5967741935483871,1.7196589441927453e-6,-0.10945000000000002,-0.14076923076923079,-0.073125,Improving
CONJAFD,PH_epi,31,-0.11675846251739086,0.3673430664044293,-0.003461538461538456,-0.010769230769230745,0.0050000000000000044,Stable
CONJAFD,SECCHI_NVS,32,-0.2979815238171493,0.018486540254637883,-0.021366459627329193,-0.036153846153846154,-0.004999999999999982,Worsening
CONJAFD,TP_epi,32,0.03696729886054992,0.7820665172511179,0.0033333333333333114,-0.0733333333333333,0.11192307692307693,Stable
CONJAFD,TP_hypo,32,0.15134475071770162,0.23517408451564395,0.08397435897435895,-0.035294117647058906,0.20952380952380945,Stable
