parameter,non_na_n,tau,p.value,slope,trend,mean_value,percent_change
CHL_comp,35,-0.08907563239336014,0.4602261781692505,-0.19268000000000002,Stable,32.44242,-0.5939137709209117
PH_epi,29,-0.022417349740862846,0.8804699778556824,-6.666666666666524e-4,Stable,6.966206896551724,-0.009570009570009367
SECCHI,36,-0.10563451796770096,0.3810001611709595,-0.007426470588235291,Stable,1.3152777777777778,-0.5646313435617117
SPCD_epi,28,-0.1298014223575592,0.3428758978843689,-0.4496153846153841,Stable,102.37392857142858,-0.43918934331183485
TP_epi,30,-0.09195402298850575,0.4797642587807365,-0.49999997951090336,Stable,27.576666666666668,-1.8131269654692492
TP_hypo,30,0.167816091954023,0.1930980576342367,1.4285713811405003,Stable,59.89,2.385325398464686
