STATIONID,parameter,n,tau,mk_p,sen_slope,sen_ci_lower,sen_ci_upper,trend
GILJAFD,SPCD_epi,36,0.1350278424345077,0.25251530481197193,0.6507211538461535,-0.25161290322580593,1.5566666666666673,Stable
GILJAFD,CHL_comp,36,0.2034978724373877,0.08359908825535389,0.010000000000000009,-0.0018421052631579023,0.025769230769230766,Stable
GILJAFD,PH_epi,36,0.2515936325726729,0.03241345821769388,0.011132478632478663,0.0012500000000001954,0.018571428571428683,Improving
GILJAFD,SECCHI_NVS,36,-0.32454876667499366,0.005886064727376939,-0.05976190476190412,-0.090625,-0.018750000000000044,Worsening
GILJAFD,TP_hypo,36,0.027673572994599206,0.8265646996337731,0,-0.0625,0.07157894736842102,Stable
GILJAFD,TP_epi,36,0.16547385783107876,0.1638562401266579,0.03075000000000002,-0.008333333333333378,0.08250000000000002,Stable
