parameter,non_na_n,tau,p.value,slope,significant,slope_dir,trend,mean_value,percent_change
CHL_comp,84,0.08321377635002136,0.26423001289367676,0.027979166666666676,FALSE,NA,Stable,11.271790476190477,0.24822291299476662
PH_epi,83,0.09896742552518845,0.18883240222930908,0.0019047619047619065,FALSE,NA,Stable,7.00277108433735,0.02720011666556066
SECCHI,84,0.08028706163167953,0.2872943878173828,0.0016894977168949777,FALSE,NA,Stable,1.6008630952380953,0.10553667717873776
SPCD_epi,83,0.016468171030282974,0.8287479877471924,0.27906976744186046,FALSE,NA,Stable,681.7951807228916,0.04093161338365127
TP_epi,83,-0.0017770427512004972,0.9843021631240845,0,FALSE,NA,Stable,26.65421686746988,0
TP_hypo,15,0.19138973951339722,0.3464949131011963,0.6666666666666666,FALSE,NA,Stable,32.373333333333335,2.059308072487644
