stationid,parameter,n,tau,mk_p,sen_slope,sen_ci_lower,sen_ci_upper,trend
LEAOSSD,SECCHI,101,-0.18643966509367935,0.00591134021589576,-0.010553201506591343,-0.01725,-0.003125,Worsening
LEAOSSD,TP_epi,103,-0.04113988931124216,0.5449981312907912,-0.0018867924528301987,-0.01532258064516128,0.006250000000000089,Stable
LEAOSSD,SPCD_epi,102,0.5017003763768897,8.46356251408449e-14,0.15758620689655173,0.12645833333333334,0.19484848484848483,Worsening
LEAOSSD,PH_epi,102,-0.015448194708845663,0.8214931720275355,-1.1363636363636121e-4,-0.0020000000000000018,0.001388888888888884,Stable
LEAOSSD,TP_hypo,101,0.1802636124649831,0.008026417415400555,0.02030621785881253,0.0035616438356164356,0.0393103448275862,Worsening
LEAOSSD,CHL_comp,100,-0.02266751382300096,0.7409464299561386,-8.0569574621485e-4,-0.006400000000000001,0.0046153846153845855,Stable
LEAOSSD,Year,103,0.9857156060670672,5.3949564241104556e-48,0.2777777777777778,0.2631578947368421,0.3,Stable
