STATIONID,parameter,n,tau,mk_p,sen_slope,sen_ci_lower,sen_ci_upper,trend
MOUSHAVD,SPCD_epi,33,0.21800957660862316,0.07729941139302424,0.557272727272727,-0.03888888888888905,1.1857142857142853,Stable
MOUSHAVD,CHL_comp,33,0.12322280417009135,0.32131389781357916,0.04805882352941178,-0.0605,0.14937499999999998,Stable
MOUSHAVD,PH_epi,33,-0.26426046539215925,0.03241491115439473,-0.013333333333333345,-0.02333333333333333,-0.0014285714285713982,Worsening
MOUSHAVD,SECCHI_NVS,33,-0.2895718705201325,0.019823695179716015,-0.025,-0.04523809523809524,-0.005263157894736847,Worsening
MOUSHAVD,TP_hypo,32,0.1466471150213533,0.24887436287959439,0.0908333333333333,-0.10999999999999996,0.3269230769230769,Stable
MOUSHAVD,TP_epi,33,0.22606857418692056,0.06938563006833193,0.10626373626373622,0,0.21428571428571427,Stable
