parameter,non_na_n,MK,SEN,tau,p.value,slope,significant,slope_dir,trend,mean_value,percent_change
CHL_comp,28,,,-0.238095223903656,0.07869134098291397,1,FALSE,NA,Stable,2.790938988095238,35.83023506660318
PH_epi,28,,,0.2857142686843872,0.03451979160308838,1,TRUE,increasing,Improving,6.750720238095238,14.813234213985984
SECCHI,28,,,-0.3386242985725403,0.012104673311114311,1,TRUE,increasing,Improving,6.590907738095238,15.172416907310533
SPCD_epi,28,,,0,1,1,FALSE,NA,Stable,46.96955952380952,2.1290384882001847
TP_epi,28,,,-0.09705230593681335,0.48761820793151855,1,FALSE,NA,Stable,5.682357142857143,17.598330672633338
TP_hypo,28,,,-0.320010244846344,0.01856808178126812,1,TRUE,increasing,Worsening,6.356172619047618,15.732738236266396
