STATIONID,parameter,n,tau,mk_p,sen_slope,sen_ci_lower,sen_ci_upper,trend
CRYMAND,SPCD_epi,31,0.292788113651726,0.021741849333645428,3,0.75,5.55,Worsening
CRYMAND,CHL_comp,31,0.06236559139784947,0.6341458536966633,0.015416666666666653,-0.04444444444444443,0.08938461538461545,Stable
CRYMAND,PH_epi,31,-0.06500728664175622,0.621699734999317,-0.002187500000000009,-0.010384615384615369,0.004999999999999893,Stable
CRYMAND,SECCHI,16,-0.3598357857649609,0.05837580791141828,-0.10049999999999999,-0.14583333333333334,0.0125,Stable
CRYMAND,TP_hypo,31,0.23121189406306067,0.07363914137304492,0.16666666666666666,0,0.4113636363636362,Stable
CRYMAND,TP_epi,31,0.30269054017081215,0.019458784710262668,0.10869565217391304,0.012000000000000028,0.19444444444444445,Worsening
