parameter,non_na_n,tau,p.value,slope,trend,mean_value,percent_change
CHL_comp,72,-0.04662100598216057,0.566184937953949,-0.006056547619047623,Stable,4.492279166666667,-0.1348212654277598
SPCD_epi,72,0.48599985241889954,0,0.5234722222222226,Worsening,112.48513888888888,0.4653701167932064
PH_epi,73,-0.1592065989971161,0.04802838712930679,-0.0027659574468085085,Worsening,7.066712328767124,-0.03914065435420185
TP_epi,73,-0.006247194483876228,0.9428779482841492,0,Stable,9.338493150684931,0
TP_hypo,74,0.018190201371908188,0.8259053230285645,0,Stable,11.980945945945946,0
SECCHI,71,0.16267181932926178,0.04790353775024414,0.011184210526315784,Improving,4.8630774647887325,0.2299821585671916
