parameter,non_na_n,tau,p.value,slope,trend,mean_value,percent_change
CHL_comp,66,-0.26899766899766897,0.001414634615393373,-0.09111110562086167,Improving,3.417398484848485,-2.6660954531587557
PH_epi,65,0.36490384615384613,1.7229549910346975e-5,0.02000001162290571,Improving,6.633553846153847,0.3014976901785726
SECCHI,66,-0.04195804195804196,0.6218217148655258,-0.008333257585764014,Stable,4.430530303030303,-0.18808713665866145
SPCD_epi,65,0.2966346153846154,4.7968964303524153e-4,0.5204740978777422,Worsening,39.023384615384614,1.3337492455038102
TP_epi,64,0.06696428571428571,0.4366427874855141,0.03183746337890625,Stable,9.67640625,0.32902156602722477
TP_hypo,66,-0.035897435897435895,0.6731973249622467,-0.010000065630300349,Stable,11.088030303030303,-0.09018793561167832
