parameter,non_na_n,MK,SEN,tau,p.value,slope,significant,slope_dir,trend,mean_value,percent_change
CHL_comp,26,,,-0.08307693153619766,0.5665903091430664,1,FALSE,NA,Stable,14.052460256410257,7.116191625902902
PH_epi,26,,,-0.10477671027183533,0.4668903350830078,1,FALSE,NA,Stable,7.11299358974359,14.058778310188918
SECCHI,26,,,-0.2184615582227707,0.12285295873880386,1,FALSE,NA,Stable,2.505929487179487,39.90535268913475
SPCD_epi,26,,,-0.08923077583312988,0.537126898765564,1,FALSE,NA,Stable,917.874358974359,0.10894737283187746
TP_epi,26,,,0.08012336492538452,0.5815153121948242,1,FALSE,NA,Stable,24.085897435897436,4.1518071006547075
TP_hypo,26,,,0.2553846538066864,0.07069885730743408,1,FALSE,NA,Stable,54.065384615384616,1.8496122928078538
