parameter,non_na_n,tau,p.value,slope,trend,mean_value,percent_change
CHL_comp,19,-0.029239766081871343,0.8887055908352302,-0.017699960544705302,Stable,4.266836842105263,-0.4148262799749361
PH_epi,19,-0.09941520467836257,0.5756369136048027,-0.010000036656856726,Stable,6.558947368421053,-0.15246404788980725
SECCHI,19,0.04093567251461988,0.8337352412499335,0.008124977089464597,Stable,3.8673684210526313,0.21009058886748416
SPCD_epi,19,-0.16374269005847952,0.34456236532569795,-0.08375001203268798,Stable,20.87421052631579,-0.40121283593985824
TP_epi,19,-0.04678362573099415,0.8064184798032752,-0.021250015087425467,Stable,8.016315789473683,-0.26508455561754574
TP_hypo,18,0.006535947712418301,1,1.3969839516960902e-8,Stable,18.63888888888889,7.494995866029694e-8
