parameter,non_na_n,MK,SEN,tau,p.value,slope,significant,slope_dir,trend,mean_value,percent_change
CHL_comp,24,,,-0.23913046717643738,0.1068996787071228,1,FALSE,NA,Stable,1.9061611111111112,52.46146268387014
PH_epi,24,,,0.003629770129919052,1,1,FALSE,NA,Stable,6.646472222222222,15.045575555954912
SECCHI,24,,,0.13768117129802704,0.35874295234680176,1,FALSE,NA,Stable,5.5946597222222225,17.874188058801113
SPCD_epi,24,,,0.15942031145095825,0.2861572504043579,1,FALSE,NA,Stable,37.24319444444444,2.685054316411276
TP_epi,24,,,-0.18978609144687653,0.2052108645439148,1,FALSE,NA,Stable,5.359930555555556,18.65695813845018
TP_hypo,24,,,0.010929125361144543,0.9603893756866455,1,FALSE,NA,Stable,9.057708333333334,11.040320169284907
