STATIONID,parameter,n,tau,mk_p,sen_slope,sen_ci_lower,sen_ci_upper,trend
WINNWHD,SPCD_epi,39,0.5357624831309041,1.6648108355258346e-6,0.9718750000000003,0.6147058823529413,1.2853124999999999,Worsening
WINNWHD,CHL_comp,40,0.2655548974780969,0.01638271238505933,0.06682738095238096,0.009047619047619023,0.12055555555555553,Worsening
WINNWHD,PH_epi,37,0.05731582054811119,0.6282672636577071,0.0011185897435897272,-0.00470588235294118,0.007125000000000048,Stable
WINNWHD,SECCHI_NVS,41,-0.21512671973974973,0.05045994685735862,-0.019139194139194148,-0.04,0,Stable
WINNWHD,TP_hypo,38,0.30195860692771676,0.0085117710572652,0.17142857142857132,0.040000000000000036,0.3333333333333333,Worsening
WINNWHD,TP_epi,39,0.07645565968841196,0.5050815236717066,0.019166666666666703,-0.04555555555555557,0.08999999999999997,Stable
