parameter,non_na_n,tau,p.value,slope,significant,slope_dir,trend,mean_value,percent_change
CHL_comp,33,-0.017061619088053703,0.9013388752937317,-0.0019285714285714193,FALSE,NA,Stable,4.62332479338843,-0.041713950776925
PH_epi,33,0.18631312251091003,0.13263273239135742,0.006733333333333409,FALSE,NA,Stable,6.612121212121212,0.10183318056828712
SECCHI,33,-0.041825395077466965,0.7447534203529358,-0.003788461538461536,FALSE,NA,Stable,4.260151515151515,-0.0889278591380522
SPCD_epi,33,-0.13257575035095215,0.28501808643341064,-0.2829761904761906,FALSE,NA,Stable,64.1809090909091,-0.4409039922999046
TP_epi,33,-0.06501253694295883,0.6086421608924866,-0.024365079365079347,FALSE,NA,Stable,7.726666666666667,-0.31533752413821414
TP_hypo,33,-0.04571503400802612,0.7213485836982727,-0.06971153846153846,FALSE,NA,Stable,23.503030303030304,-0.2966065973737454
