parameter,non_na_n,tau,p.value,slope,trend,mean_value,percent_change
CHL_comp,63,0.00666325306519866,0.9432554244995117,0.0017647058823529558,Stable,7.0740936507936505,0.024946035060688963
PH_epi,63,0.03910517320036888,0.6563149690628052,0.0010344827586206981,Stable,6.627936507936508,0.015607915938572657
SECCHI,63,-0.0056672897189855576,0.9526789784431458,0,Stable,2.623452380952381,0
SPCD_epi,63,-0.11321722716093063,0.19193178415298462,-0.17586206896551704,Stable,126.0147619047619,-0.13955672042488815
TP_epi,63,0.1336405529953917,0.12037338363750605,0.08333338797092438,Stable,11.087619047619048,0.7515895668224583
TP_hypo,63,0.41781874039938555,1.2145219079329195e-6,0.42666662111878395,Worsening,14.604761904761904,2.921421272740288
