STATIONID,parameter,n,tau,mk_p,sen_slope,sen_ci_lower,sen_ci_upper,trend
DUBDUBD,SPCD_epi,19,-0.2697958815131516,0.11518373151505124,-0.3099999999999999,-0.7999999999999972,0.23307692307692315,Stable
DUBDUBD,CHL_comp,19,-0.13450292397660818,0.4414882110139729,-0.01833333333333333,-0.06875,0.029000000000000005,Stable
DUBDUBD,PH_epi,19,0.21114460292333603,0.2204828964900307,0.01583333333333344,-0.031428571428571396,0.033333333333333215,Stable
DUBDUBD,SECCHI_NVS,19,0.39173451338766946,0.02248994303004106,0.09722222222222222,0.012499999999999956,0.1875,Improving
DUBDUBD,TP_hypo,19,0,1,0,-0.1684615384615385,0.19166666666666674,Stable
DUBDUBD,TP_epi,19,0.15066558822210538,0.44207846629494485,0,0,0,Stable
