parameter,non_na_n,tau,p.value,slope,trend,mean_value,percent_change
CHL_comp,52,-0.22926093514328807,0.016712225733914954,-0.03555562466382953,Improving,3.2816403846153848,-1.0834710844770616
PH_epi,54,-0.17679944095038436,0.0597958217859067,-0.006000048518180997,Stable,6.7212962962962965,-0.08926921614045291
SECCHI,53,-0.06531204644412192,0.49395919796764476,-0.004999950528144744,Stable,3.7335849056603774,-0.1339182221506324
SPCD_epi,53,0.49201741654571846,2.0210733397973968e-7,0.3548165130615228,Worsening,45.43150943396226,0.7809921296523777
TP_epi,54,-0.15443745632424877,0.09960419736612103,-0.06666670273989439,Stable,11.233703703703704,-0.5934525646952453
TP_hypo,53,-0.1262699564586357,0.1834452617386224,-0.09999991208314896,Stable,19.60188679245283,-0.5101545230923953
