stationid,parameter,n,tau,mk_p,sen_slope,sen_ci_lower,sen_ci_upper,trend
ROBHUDD,SECCHI,119,-0.2517149527426613,7.13846751616125e-5,-0.005813953488372093,-0.008636363636363638,-0.0029411764705882335,Worsening
ROBHUDD,TP_epi,121,0.36334035534403036,5.397157573290408e-9,0.061445783132530137,0.04215686274509805,0.07999999999999995,Worsening
ROBHUDD,SPCD_epi,121,0.20373840254114917,9.434408976141292e-4,0.32425893635571074,0.12307692307692318,0.5,Worsening
ROBHUDD,PH_epi,121,0.06974890384320342,0.25969529202639674,8.333333333333218e-4,-6.060606060605932e-4,0.0021212121212121162,Stable
ROBHUDD,TP_hypo,127,0.29152617691196364,1.2231513288371384e-6,0.4657657657657658,0.26413043478260867,0.6829268292682927,Worsening
ROBHUDD,CHL_comp,120,0.19083650277787154,0.0020210034264688402,0.04345111178799878,0.015833333333333366,0.06999999999999999,Worsening
ROBHUDD,Year,129,0.9828347507525472,2.1456083266531376e-59,0.20238095238095238,0.2,0.20512820512820512,Stable
