parameter,non_na_n,tau,p.value,slope,trend,mean_value,percent_change
CHL_comp,120,0.013451030477881432,0.8293880224227905,0.002714912280701755,Stable,12.743435833333333,0.021304397936389254
PH_epi,121,-0.026571011170744896,0.6686593294143677,-3.2258064516129775e-4,Stable,6.960495867768595,-0.004634449201457698
SECCHI,119,0.055304329842329025,0.38385891914367676,6.510416666666666e-4,Stable,2.6768382352941176,0.02432129286270201
SPCD_epi,121,0.015587297268211842,0.8018698692321777,0.021807065217391126,Stable,203.9099173553719,0.01069446032847241
TP_epi,121,0.36170798898071627,3.777226531553879e-9,0.2944444368593391,Worsening,17.45702479338843,1.6866816673758476
TP_hypo,127,0.2693413323334583,6.9811451728352125e-6,2.0499999476713056,Worsening,72.5740157480315,2.824702376658701
