parameter,non_na_n,tau,p.value,slope,trend,mean_value,percent_change
CHL_comp,46,0.030038883909583092,0.7763111591339111,0.0036666666666666774,Worsening,3.4756891304347826,0.10549466678592181
PH_epi,46,0.08066220581531525,0.4372591972351074,0.001612903225806446,Improving,6.650652173913043,0.0242518054414724
SECCHI,47,0.10806039720773697,0.2912485599517822,0.014112903225806451,Improving,5.9897446808510635,0.2356177763457055
SPCD_epi,45,-0.12481103837490082,0.23246484994888306,-0.03748275862068967,Improving,28.006888888888888,-0.13383406764455055
TP_epi,46,0.01352657004830918,NA,NA,Worsening,6.125217391304348,NA
TP_hypo,47,-0.08695652173913043,NA,NA,Improving,8.45595744680851,NA
