parameter,non_na_n,tau,p.value,slope,significant,slope_dir,trend,mean_value,percent_change
CHL_comp,15,0.39047616720199585,0.04776120185852051,0.3499999999999999,TRUE,increasing,Worsening (significant),6.7602866666666666,5.1772952429039
PH_epi,15,0.11483384668827057,0.5857352018356323,0.012727272727272698,FALSE,increasing,Improving (weak),6.783333333333333,0.1876256421710963
SECCHI,14,-0.1236267164349556,0.5814157724380493,-0.027272727272727296,FALSE,decreasing,Worsening (weak),2.4348214285714285,-1.1201120112011211
SPCD_epi,15,0.06666666269302368,0.7665252685546875,0.6999999999999981,FALSE,increasing,Worsening (weak),126.71333333333334,0.5524280528226427
TP_epi,15,0.019325701519846916,0.9603853225708008,0,FALSE,NA,Stable,12.2,0
TP_hypo,15,0.019920475780963898,0.9599553346633911,0,FALSE,NA,Stable,15.6,0
