parameter,non_na_n,tau,p.value,slope,significant,slope_dir,trend,mean_value,percent_change
CHL_comp,87,-0.025143781676888466,0.7331366539001465,-0.006052631578947368,FALSE,decreasing,Improving (weak),7.213218390804598,-0.08391027764615107
PH_epi,80,0.021580537781119347,0.7806985378265381,4.2770167427701373e-4,FALSE,increasing,Improving (weak),7.3169625,0.005845344625956656
SECCHI,84,0.034990083426237106,0.6452294588088989,1.8561872909699255e-4,FALSE,increasing,Improving (weak),1.949602976190476,0.009520847647642163
SPCD_epi,79,0.07182326912879944,0.35164761543273926,0.0931818181818187,FALSE,increasing,Worsening (weak),147.5906329113924,0.06313531986664858
TP_epi,81,0.12218575924634933,0.10968732833862305,0.048980008159934744,FALSE,increasing,Worsening (weak),18.220123456790123,0.2688236897850508
TP_hypo,35,-0.06856516003608704,0.5786416530609131,-0.09090909090909091,FALSE,decreasing,Improving (weak),18.985714285714284,-0.47882892126684456
