parameter,non_na_n,MK,SEN,tau,p.value,slope,significant,slope_dir,trend,mean_value,percent_change
CHL_comp,17,,,0.14705884456634521,0.4338268041610718,1,FALSE,NA,Stable,7.48156862745098,13.36618094139847
PH_epi,17,,,-0.39114660024642944,0.032046008855104446,1,TRUE,increasing,Improving,6.707941176470588,14.90770377515675
SECCHI,17,,,0.022140374407172203,0.9342846870422363,1,FALSE,NA,Stable,2.838235294117647,35.233160621761655
SPCD_epi,17,,,0.5588235855102539,0.002005338668823242,1,TRUE,increasing,Worsening,34.82833333333333,2.8712255347657556
TP_epi,17,,,-0.04444566369056702,0.836546003818512,1,FALSE,NA,Stable,13.53921568627451,7.385952208544532
TP_hypo,17,,,-0.058823537081480026,0.773080050945282,1,FALSE,NA,Stable,24.911764705882355,4.014167650531286
