stationid,parameter,n,tau,mk_p,sen_slope,sen_ci_lower,sen_ci_upper,trend
CONOSSD,SECCHI,20,0.09473684210526316,0.5812547604118179,0.03641826923076921,-0.07499999999999989,0.12395833333333339,Stable
CONOSSD,TP_epi,19,0,1,0,0,0,Stable
CONOSSD,SPCD_epi,20,-0.1741430863868585,0.2989145279201856,-0.07038461538461527,-0.21583333333333332,0.19214285714285723,Stable
CONOSSD,PH_epi,20,0.2902384773114308,0.07961673964333976,0.02333333333333333,-0.003999999999999915,0.04307692307692312,Stable
CONOSSD,TP_hypo,19,-0.26120130332312624,0.16664683908275393,0,-0.17777777777777778,0,Stable
CONOSSD,CHL_comp,19,-0.07079923254047886,0.699830117284874,-0.0057142857142857195,-0.039999999999999994,0.01722222222222222,Stable
CONOSSD,Year,20,0.9973649493065531,1.0426652084446538e-9,1,0.9285714285714286,1,Stable
