parameter,non_na_n,tau,p.value,slope,trend,mean_value,percent_change
CHL_comp,25,0.006666665896773338,0.9813671112060547,0.002777777777777786,Worsening,4.29038,0.06474432982108314
PH_epi,25,0,1,0,Stable,6.6156,0
SECCHI,25,-0.03005012311041355,0.8517463207244873,-0.005625000000000007,Worsening,4.2658000000000005,-0.13186272211542985
SPCD_epi,25,-0.07011695206165314,0.6403375864028931,-0.12051470588235269,Improving,51.2636,-0.2350882612269772
TP_epi,24,0.07246376811594203,NA,NA,Worsening,8.6970833333333335,NA
TP_hypo,24,0.4927536231884058,NA,NA,Worsening,16.962083333333332,NA
