parameter,non_na_n,tau,p.value,slope,trend,mean_value,percent_change
CHL_comp,74,-0.037023324694557574,0.6437913716634489,-0.01180618286132776,Stable,4.954818918918919,-0.23827677770923913
PH_epi,75,0.09297297297297297,0.23925619180943292,0.0063636679947377,Stable,6.329106666666667,0.10054606960968214
SECCHI,75,-0.1254054054054054,0.11128043028076151,-0.010000003874302006,Stable,2.915966666666667,-0.34293958118984
SPCD_epi,75,-0.32,4.879528212309303e-5,-0.23248535156249872,Improving,27.838266666666666,-0.8351286893909775
TP_epi,75,0.03063063063063063,0.7000710397225516,4.6566128730773926e-8,Stable,11.2256,4.1482084459426603e-7
TP_hypo,76,0.0992982456140351,0.20471815302256213,0.07500000018626451,Stable,15.085526315789474,0.49716528688670764
