parameter,non_na_n,MK,SEN,tau,p.value,slope,significant,slope_dir,trend,mean_value,percent_change
CHL_comp,24,,,0.10144928842782974,0.5030369758605957,1,FALSE,NA,Stable,4.548216666666667,21.986639452092945
PH_epi,23,,,0.04365113750100136,0.79155731201171875,1,FALSE,NA,Stable,6.503478260869565,15.376387217542453
SECCHI,24,,,0.04753398150205612,0.765571117401123,1,FALSE,NA,Stable,3.7459375,26.69558688579294
SPCD_epi,23,,,-0.43083006143569946,0.004340009763836861,1,TRUE,increasing,Worsening,17.746956521739133,5.6347689744720455
TP_epi,23,,,-0.04041402041912079,0.8109719753265381,1,FALSE,NA,Stable,6.797391304347826,14.711526160931305
TP_hypo,23,,,0.3705297112464905,0.014944314956665039,1,TRUE,increasing,Worsening,10.216521739130435,9.788067069537833
