parameter,non_na_n,tau,p.value,slope,trend,mean_value,percent_change
CHL_comp,53,-0.38461538461538464,4.8451076591904396e-5,-0.08317645486071648,Improving,2.930441509433962,-2.8383591548559064
PH_epi,57,0.05639097744360902,0.5395315389116169,0.004444376230240289,Stable,6.533315789473685,0.06802634945950352
SECCHI,56,0.09935064935064936,0.2817713554419321,0.021720123291015747,Stable,5.1162946428571425,0.4245283903134704
SPCD_epi,57,0.6127819548872181,1.651656589274353e-11,0.8466666635125901,Worsening,35.04842105263158,2.4157055812618946
TP_epi,57,-0.006892230576441102,0.9442285491136246,-3.7867573139485897e-8,Stable,7.264736842105263,-5.212518218142666e-7
TP_hypo,57,0.10526315789473684,0.24899892259953638,0.07142853145487481,Stable,14.517368421052632,0.49202120786086406
