parameter,non_na_n,tau,p.value,slope,trend,mean_value,percent_change
CHL_comp,48,0.015077606774866581,0.8869106769561768,0.004797297297297274,Worsening,6.198645833333333,0.07739266649983
PH_epi,48,0.20474585890769958,0.04252791404724121,0.005435606060606082,Improving,6.56875,0.08274947380561115
SECCHI,47,0.03813057020306587,0.7186084985733032,0,Improving,3.4972340425531914,0
SPCD_epi,48,-0.1756877303123474,0.07993173599243164,-0.08522556390977445,Improving,31.733125,-0.2685697166912318
TP_epi,48,0.11347517730496454,NA,NA,Worsening,9.731666666666667,NA
TP_hypo,48,0.05319148936170213,NA,NA,Worsening,13.732083333333334,NA
