parameter,non_na_n,tau,p.value,slope,trend,mean_value,percent_change
CHL_comp,115,0.005952381528913975,0.9268150329589844,6.451612903225812e-4,Stable,5.852674782608696,0.011023357939513177
PH_epi,115,-0.083015076816082,0.1916673481464386,-8.823529411764692e-4,Stable,6.257773913043478,-0.014100108975450911
SECCHI,115,-0.13263387978076935,0.03808636963367462,-0.0029687500000000013,Worsening,3.0059260869565216,-0.09876324015025398
SPCD_epi,113,-0.08357085287570953,0.19096270203590393,-0.01520128824476652,Stable,30.595309734513275,-0.04968502811925643
TP_epi,114,-0.14531904983698182,0.021806426093757603,-0.057142896577715874,Improving,11.214649122807018,-0.509537979761716
TP_hypo,113,0.053729456384323644,0.3996251764065424,0.02418041229248047,Stable,13.97433628318584,0.17303442397886726
