parameter,non_na_n,MK,SEN,tau,p.value,slope,significant,slope_dir,trend,mean_value,percent_change
CHL_comp,36,,,-0.26837611198425293,0.022789601236581802,1,TRUE,increasing,Worsening,3.586526851851852,27.882127788438677
PH_epi,36,,,-0.025559628382325172,0.8379800915718079,1,FALSE,NA,Stable,6.677314814814815,14.976079872425988
SECCHI,36,,,-0.11314830929040909,0.34010177850723267,1,FALSE,NA,Stable,6.108479166666667,16.370686920844317
SPCD_epi,36,,,0.3129469156265259,0.007586359977722168,1,TRUE,increasing,Worsening,28.24361111111111,3.540623739882176
TP_epi,36,,,-0.027813222259283066,0.8264257907867432,1,FALSE,NA,Stable,5.410555555555556,18.482390389156997
TP_hypo,36,,,-0.10137714445590973,0.3972371220588684,1,FALSE,NA,Stable,8.54375,11.704462326261888
