stationid,parameter,n,tau,mk_p,sen_slope,sen_ci_lower,sen_ci_upper,trend
THOJAFD,SECCHI,107,0.01712591905179277,0.7996832682582881,0,-0.0027777777777778173,0.004655172413793112,Stable
THOJAFD,TP_epi,105,0.04260595263437474,0.5272137220706037,0.0017392619479733831,-0.009999999999999964,0.020579710144927536,Stable
THOJAFD,SPCD_epi,106,-0.24955046098459963,1.575959656982168e-4,-0.03871287128712875,-0.05999999999999996,-0.020185185185185247,Improving
THOJAFD,PH_epi,106,-0.0848923014973386,0.20030103859690096,-0.0011111111111110875,-0.0032000000000000028,6.818181818181774e-4,Stable
THOJAFD,TP_hypo,105,0.09128264401889785,0.17424049555378238,0.009482609945386604,-0.002499999999999991,0.02833333333333332,Stable
THOJAFD,CHL_comp,107,-0.013414532841293427,0.8399899130992283,-9.523809523809532e-4,-0.012597402597402597,0.010489795918367347,Stable
THOJAFD,Year,109,0.9902686545351943,1.212939776501487e-51,0.3218390804597701,0.3191489361702128,0.325,Stable
