parameter,non_na_n,tau,p.value,slope,trend,mean_value,percent_change
CHL_comp,109,-0.045775607228279114,0.48279237747192383,-0.002812499999999999,Stable,4.245320183486238,-0.06624942003056142
PH_epi,109,0.03406170755624771,0.603937029838562,3.3712121212121e-4,Stable,6.825559633027523,0.004939099945591972
SECCHI,108,-0.027756476774811745,0.6763601303100586,0,Stable,-1.1879259259259258,-0
SPCD_epi,109,0.07223592698574066,0.2668788433074951,0.09021428571428564,Stable,125.01788990825688,0.07216110092762602
TP_epi,108,0.00380754586362063,0.9552033566975151,4.21423465013504e-8,Stable,11.895092592592592,3.5428346751662636e-7
TP_hypo,109,0.04926945293917771,0.44747795225844245,-6.05359673500061e-9,Stable,14.78605504587156,-4.0941256584127524e-8
