stationid,parameter,n,tau,mk_p,sen_slope,sen_ci_lower,sen_ci_upper,trend
NMOUHAVD,SECCHI,37,-0.22439860828457162,0.05282644274791163,-0.030365953947368414,-0.07159090909090908,0,Stable
NMOUHAVD,TP_epi,36,0.1412609235637269,0.23525609812971976,0.04733333333333335,-0.03484848484848486,0.12823529411764703,Stable
NMOUHAVD,SPCD_epi,36,0.4463861614599607,1.366224710418599e-4,0.6958949096880132,0.3416666666666668,1.1107142857142855,Worsening
NMOUHAVD,PH_epi,36,-0.16121560437750737,0.17289046875550987,-0.0030000000000000248,-0.011428571428571439,0.001538461538461574,Stable
NMOUHAVD,TP_hypo,36,0.09157291161525719,0.44479690502152197,0.05767045454545457,-0.09166666666666663,0.23200000000000004,Stable
NMOUHAVD,CHL_comp,37,0.003003003003003003,0.9895648601306644,0.0012454212454212465,-0.079,0.06526315789473686,Stable
NMOUHAVD,Year,37,0.9962391743414292,5.834022729573622e-18,0.9333333333333333,0.9090909090909091,0.9583333333333334,Stable
