parameter,non_na_n,tau,p.value,slope,trend,mean_value,percent_change
CHL_comp,102,-0.04523393139243126,0.5023506879806519,-0.022741935483870955,Improving,20.647854411764705,-0.11014188220405646
PH_epi,103,-0.048710886389017105,0.469123899936676,-7.499999999999951e-4,Worsening,7.089669902912622,-0.010578771794323958
SECCHI,103,0.11632974445819855,0.08590328693389893,0.004109589041095888,Improving,2.7039781553398057,0.15198307105330297
SPCD_epi,103,-0.03872575983405113,0.5648393630981445,-0.0588888888888887,Improving,205.37825242718446,-0.02867338103861185
TP_epi,103,0.0336950314106225,NA,NA,Worsening,16.70378640776699,NA
TP_hypo,102,-0.24849543777907201,NA,NA,Improving,49.07058823529412,NA
