stationid,parameter,n,tau,mk_p,sen_slope,sen_ci_lower,sen_ci_upper,trend
BAXFARD,SECCHI,82,0.0355274241376943,0.6468700733904043,0,-0.00250000000000001,0.004761904761904745,Stable
BAXFARD,TP_epi,78,0.11112245841463121,0.15974232359033605,0.02162162162162159,0,0.05833333333333335,Stable
BAXFARD,SPCD_epi,78,0.5543895411601515,7.219270130810937e-13,0.3671052631578948,0.2933333333333332,0.4250000000000007,Worsening
BAXFARD,PH_epi,79,0.0959387376821004,0.21468316254218395,0.0014285714285713982,-0.0010000000000000083,0.003750000000000031,Stable
BAXFARD,TP_hypo,65,0.25375458367258924,0.0037858531179978854,0.06666666666666667,0.015909090909090894,0.11363636363636363,Worsening
BAXFARD,CHL_comp,78,0.014669121505070515,0.8528089098524534,6.250000000000052e-4,-0.015384615384615387,0.01462686567164179,Stable
BAXFARD,Year,84,0.9880235200593537,1.6499945927428373e-39,0.37209302325581395,0.3620689655172414,0.38461538461538464,Stable
