parameter,non_na_n,tau,p.value,slope,trend,mean_value,percent_change
CHL_comp,15,-0.1428571343421936,0.48842233419418335,-0.04999999999999982,Stable,2.7931266666666668,-1.7901085760521598
SPCD_epi,15,-0.19999998807907104,0.32229965925216675,-0.16428571428571434,Stable,29.717333333333332,-0.5528279150856324
PH_epi,15,-0.35578566789627075,0.07411269098520279,-0.033333333333333215,Stable,6.559666666666667,-0.5081559022308026
TP_epi,14,-0.09150179475545883,0.6979485750198364,-0.1,Stable,11.1,-0.9009009009009009
TP_hypo,6,NA,NA,NA,insufficient data,12.15,NA
SECCHI,15,0.2529902756214142,0.2240583896636963,0.018750000000000044,Stable,3.0016666666666665,0.624652970571906
