parameter,non_na_n,tau,p.value,slope,trend,mean_value,percent_change
CHL_comp,47,0.07907100766897202,0.44085490703582764,0.005,Stable,1.490704255319149,0.33541193581214646
SPCD_epi,47,-0.5829482078552246,8.41071301493912e-9,-0.15161290322580642,Improving,18.059255319148935,-0.8395302051300273
PH_epi,47,0.15662679076194763,0.12334227561950684,0.004090909090909057,Stable,6.299840425531915,0.06493670973520968
TP_epi,45,0.04933949187397957,0.6449215412139893,0.004721362229102213,Stable,9.452444444444444,0.04994858480101551
TP_hypo,13,0.3628167510032654,0.10708844661712646,0.25,Stable,16.661538461538463,1.500461680517082
SECCHI,48,-0.1990877091884613,0.06015866994857788,-0.0034482758620689685,Stable,2.5375,-0.13589264481059973
