STATIONID,PARAMETER,n,tau,mk_p,sen_slope,sen_ci_lower,sen_ci_upper,TREND
GOVRAYD,SPCD_epi,31,0.4193548387096775,9.761747063838624e-4,1.762500000000001,0.9124999999999996,2.7375000000000007,Worsening
GOVRAYD,CHL_comp,31,-0.4494623655913979,4.073822402221874e-4,-0.13187499999999996,-0.20857142857142869,-0.06374999999999997,Improving
GOVRAYD,PH_epi,30,0.18244998320921593,0.1637749257672298,0.0056000000000000225,-0.0021052631578947385,0.013333333333333345,Stable
GOVRAYD,SECCHI_NVS,31,-0.24046947312078273,0.06320954411858971,-0.012592592592592588,-0.022962962962962966,0,Stable
GOVRAYD,TP_epi,31,-0.17297550002576426,0.17904939765684674,-0.18181818181818182,-0.39473684210526316,0.08749999999999991,Stable
GOVRAYD,TP_hypo,14,-0.1767982784351456,0.41084549327857567,-0.5,-1.5714285714285714,0.6666666666666666,Stable
