parameter,non_na_n,tau,p.value,slope,trend,mean_value,percent_change
CHL_comp,29,0.14285714285714285,0.284043511308129,0.04434700012207049,Stable,2.978913793103448,1.488696995016749
PH_epi,29,-0.34236453201970446,0.009439280275085338,-0.024644949436187655,Worsening,6.4703448275862065,-0.3808908194678331
SECCHI,29,-0.05172413793103448,0.7064515962100759,-0.00980377197265625,Stable,5.171120689655172,-0.18958698821840878
SPCD_epi,29,0.3522167487684729,0.007612207892093492,1.6354785156250025,Worsening,68.40517241379311,2.3908696636736013
TP_epi,29,-0.29064039408866993,0.026827848700549328,-0.1666666865348816,Improving,8.593103448275862,-1.9395400920993444
TP_hypo,29,-0.0049261083743842365,0.9848041575754081,3.725290298461914e-8,Stable,8.789655172413793,4.2382667185325816e-7
