parameter,non_na_n,tau,p.value,slope,trend,mean_value,percent_change
CHL_comp,102,0.061153169721364975,0.36393773555755615,0.02704225352112676,Stable,20.647854411764705,0.13096883086176095
SPCD_epi,103,0.791111946105957,0,1.2916666666666667,Worsening,205.37825242718446,0.6289208576865357
PH_epi,103,-0.3745962679386139,2.3230448675803927e-8,-0.005636363636363645,Worsening,7.089669902912622,-0.07950107287855644
TP_epi,103,0.03243882581591606,0.6337641477584839,0.0021739130434782726,Stable,16.70378640776699,0.01301449258515086
TP_hypo,102,-0.2503446936607361,2.090083435177803e-4,-0.2647058823529412,Improving,49.07058823529412,-0.5394389834572045
SECCHI,103,0.06887184083461761,0.3098130226135254,0.00254807692307692,Stable,2.7039781553398057,0.09423437530532512
