STATIONID,parameter,n,tau,mk_p,sen_slope,sen_ci_lower,sen_ci_upper,trend
PLEFRSD,SPCD_epi,26,0.20339007194925068,0.15184384887391247,0.11874999999999991,-0.05000000000000071,0.3583333333333331,Stable
PLEFRSD,CHL_comp,26,0.13846153846153847,0.33213211740744136,0.030869565217391304,-0.041111111111111126,0.10445454545454545,Stable
PLEFRSD,PH_epi,26,0.28617558999950127,0.04448126908616527,0.00866666666666666,0,0.017499999999999627,Improving
PLEFRSD,SECCHI,17,-0.4059068225392103,0.025994661035726407,-0.07638888888888898,-0.14285714285714285,-0.010714285714285676,Worsening
PLEFRSD,TP_hypo,26,0.3695812579737759,0.009172726122812482,0.2875000000000001,0.06470588235294127,0.46923076923076934,Worsening
PLEFRSD,TP_epi,26,0.21296397731140684,0.13372993032476,0.06133333333333345,-0.019999999999999928,0.11999999999999966,Stable
