parameter,non_na_n,tau,p.value,slope,trend,mean_value,percent_change
CHL_comp,127,6.264898693189025e-4,0.9933481216430664,0,Stable,3.493800787401575,0
PH_epi,127,0.03702645003795624,0.5412760972976685,2.857142857142923e-4,Stable,6.955984251968504,0.004107460215043425
SECCHI,123,0.021931614726781845,0.7244988679885864,0,Stable,5.630223577235772,0
SPCD_epi,126,-0.026335924863815308,0.6639691591262817,-0.007307692307692402,Stable,64.53468253968254,-0.011323666624065105
TP_epi,125,-0.07354838709677419,0.21822628294328128,-5.589798092842102e-8,Stable,6.79952,-8.220871609822607e-7
TP_hypo,127,-6.249218847644045e-4,0.9933264782692053,1.555774479516305e-8,Stable,12.841732283464568,1.211498920219331e-7
