STATIONID,parameter,n,tau,mk_p,sen_slope,sen_ci_lower,sen_ci_upper,trend
PLEDEED,SPCD_epi,37,0.4024024024024024,4.7930827545500013e-4,0.5605357142857144,0.30357142857142855,0.8833333333333329,Worsening
PLEDEED,CHL_comp,37,0.1203008878975136,0.30141281678137466,0.014999999999999975,-0.014999999999999994,0.03774193548387097,Stable
PLEDEED,PH_epi,37,0.4078264717110862,4.121107594831121e-4,0.01352419354838713,0.0065384615384615355,0.021153846153846183,Improving
PLEDEED,SECCHI_NVS,37,-0.07891188745485188,0.5041734181382509,-0.008333333333333328,-0.0363636363636364,0.017857142857142856,Stable
PLEDEED,TP_hypo,37,-0.07284174226601711,0.5380286026715033,-0.013843167701863373,-0.10312500000000002,0.05,Stable
PLEDEED,TP_epi,34,0.07092327698323686,0.5716573559294397,0.008461538461538453,-0.02124999999999999,0.04740740740740742,Stable
