parameter,non_na_n,tau,p.value,slope,trend,mean_value,percent_change
CHL_comp,83,-0.08379889279603958,0.26402395963668823,-0.014444444444444433,Improving,5.959699397590361,-0.2423686746731663
PH_epi,82,0.0881030336022377,0.2453463077545166,0.0015789473684210658,Improving,6.886109756097561,0.022929453992843032
SECCHI,83,0,1,0,Stable,4.53921686746988,0
SPCD_epi,82,-0.007532390765845776,0.9234331846237183,-0.006976744186046446,Improving,75.14865853658537,-0.009283923787741184
TP_epi,63,0.16538658474142345,NA,NA,Worsening,8.721428571428572,NA
TP_hypo,62,-0.010047593865679535,NA,NA,Improving,28.74951612903226,NA
