parameter,non_na_n,tau,p.value,slope,significant,slope_dir,trend,mean_value,percent_change
CHL_comp,135,0.053356993943452835,0.3601968288421631,0.0026896226415094415,FALSE,increasing,Worsening (weak),4.08134,0.06590047978138165
PH_epi,135,-0.020817596465349197,0.7234001159667969,-1.4705882352940863e-4,FALSE,decreasing,Worsening (weak),6.825259259259259,-0.0021546261899122177
SECCHI,133,0.07888954132795334,0.1841573715209961,0.0018656716417910447,FALSE,increasing,Improving (weak),3.175545112781955,0.058751224609642286
SPCD_epi,135,-0.008186295628547668,0.8895593881607056,-0.016666666666666736,FALSE,decreasing,Improving (weak),170.58,-0.009770586626021066
TP_epi,129,0.06511890143156052,0.283206582069397,0.004301572617946338,FALSE,increasing,Worsening (weak),11.603178294573643,0.037072365077403115
TP_hypo,133,-0.012372021563351154,0.8364667892456055,0,FALSE,NA,Stable,21.186466165413535,0
