parameter,non_na_n,tau,p.value,slope,trend,mean_value,percent_change
CHL_comp,100,-0.04676596820354462,0.4933181405067444,-0.003173187571921752,Stable,4.008563,-0.07916022704200364
PH_epi,89,0.009768856689333916,0.8956365585327148,0,Stable,6.662022471910112,0
SECCHI,96,-0.009166798554360867,0.8990099430084229,0,Stable,4.0193359375,0
SPCD_epi,89,-0.13438940048217773,0.06280578672885895,-0.10722556894243643,Stable,57.7138202247191,-0.18578837534048942
TP_epi,87,-0.0408981555733761,0.5766773522997202,-0.010484695434570313,Stable,9.536666666666667,-0.10994088187246044
TP_hypo,87,0.17000801924619086,0.019767765016641237,0.14285713993012905,Worsening,18.26,0.782350163910893
