parameter,non_na_n,tau,p.value,slope,trend,mean_value,percent_change
CHL_comp,178,-0.04221290722489357,0.4062466621398926,-5.442176870748289e-4,Stable,1.6986797752808989,-0.032037685677680804
PH_epi,194,-0.007965135388076305,0.870806097984314,0,Stable,6.78409793814433,0
SECCHI,184,0.007939688861370087,0.8744121789932251,0,Stable,8.598532608695653,0
SPCD_epi,193,-0.001999407075345516,0.9679919481277466,0,Stable,88.1559067357513,0
TP_epi,182,0.17090644162467367,1.4618727137638565e-4,8.944422006607055e-8,Worsening,5.601648351648351,1.5967482150097932e-6
TP_hypo,190,0.14107490949596213,0.002681971799435745,9.52556725492183e-8,Worsening,5.881578947368421,1.6195595332752997e-6
