STATIONID,parameter,n,tau,mk_p,sen_slope,sen_ci_lower,sen_ci_upper,trend
MASBRAD,SPCD_epi,40,0.010256410256410256,0.9349988039705048,0.007239583333333347,-0.14111111111111146,0.15766666666666657,Stable
MASBRAD,CHL_comp,40,0.2116741936419613,0.05601751387626716,0.022878571428571415,-5.555555555555437e-4,0.04666666666666666,Stable
MASBRAD,PH_epi,40,-0.012903494352312729,0.9164233669979729,-2.67857142857153e-5,-0.0050000000000000044,0.004444444444444449,Stable
MASBRAD,SECCHI_NVS,40,-0.26779125976949475,0.017530273112001612,-0.02546296296296298,-0.04999999999999997,0,Worsening
MASBRAD,TP_hypo,40,0.03142050359353865,0.7879122024045156,0,-0.04999999999999982,0.07894736842105263,Stable
MASBRAD,TP_epi,39,0.06306472489592939,0.5852318402868167,0.01033333333333335,-0.02999999999999936,0.05909090909090908,Stable
