STATIONID,parameter,n,tau,mk_p,sen_slope,sen_ci_lower,sen_ci_upper,trend
WHELEED,SPCD_epi,11,0.05454545454545454,0.8762696636277617,0.6999999999999981,-2.8499999999999943,4.599999999999999,Stable
WHELEED,CHL_comp,11,0.4909090909090909,0.042960146028425066,0.6600000000000001,0.030000000000000072,1.4199999999999982,Worsening
WHELEED,PH_epi,11,0.09090909090909091,0.7554968749288828,0.011249999999999982,-0.11000000000000003,0.058333333333333424,Stable
WHELEED,SECCHI,11,-0.2568915451961508,0.31004412387652436,-0.032142857142857154,-0.153125,0.03928571428571427,Stable
WHELEED,TP_hypo,11,0.09090909090909091,0.7554968749288828,1.624999999999993,-8.3,5.175000000000001,Stable
WHELEED,TP_epi,11,0.45454545454545453,0.06170669002831272,0.36666666666666653,-0.044999999999999575,1.3066666666666666,Stable
