STATIONID,parameter,n,tau,mk_p,sen_slope,sen_ci_lower,sen_ci_upper,trend
SUNSUN070,CHL_comp,37,-0.2483076303775986,0.03191392281761194,-0.01500000000000001,-0.030384615384615385,-0.0012500000000000011,Improving
