STATIONID,parameter,n,tau,mk_p,sen_slope,sen_ci_lower,sen_ci_upper,trend
COLANDD,SPCD_epi,29,-0.5024630541871921,1.4015954262956454e-4,-0.16639705882352945,-0.26933333333333337,-0.09833333333333331,Improving
COLANDD,CHL_comp,29,-0.10110981792420824,0.45298100881941755,-0.009999999999999995,-0.03600000000000003,0.021428571428571432,Stable
COLANDD,PH_epi,29,0.1660502751610514,0.2152461960743797,0.008875000000000011,-0.007500000000000018,0.02470588235294117,Stable
COLANDD,SECCHI,12,-0.43082021842766455,0.06285347185444091,-0.10714285714285714,-0.1875,0,Stable
COLANDD,TP_hypo,25,0.2895770627716337,0.04672421193337254,0.18687499999999996,0,0.4249999999999998,Worsening
COLANDD,TP_epi,28,0.35171619294543394,0.009959023454696275,0.13032894736842104,0.0181818181818182,0.24761904761904768,Worsening
