STATIONID,parameter,n,tau,mk_p,sen_slope,sen_ci_lower,sen_ci_upper,trend
KEZSUTD,SPCD_epi,38,0.43385490753911815,1.3244939058562282e-4,1.4624999999999986,0.7978260869565215,2.1043478260869564,Worsening
KEZSUTD,CHL_comp,38,-0.5398865876564127,2.0048850852313387e-6,-0.11153846153846149,-0.1535294117647059,-0.08250000000000002,Improving
KEZSUTD,PH_epi,38,0.07566072452687161,0.5131134068518759,0.0016666666666666312,-0.003888888888888806,0.008333333333333156,Stable
KEZSUTD,SECCHI_NVS,38,0.30879585977419644,0.006838695927397821,0.02307692307692308,0.006250000000000015,0.03750000000000001,Improving
KEZSUTD,TP_hypo,38,0.06822889048846362,0.5617342600895048,0.045454545454545456,-0.0967741935483871,0.2222222222222222,Stable
KEZSUTD,TP_epi,38,-0.030947172965840604,0.8000050860770547,0,-0.08620689655172414,0.0625,Stable
