parameter,non_na_n,tau,p.value,slope,trend,mean_value,percent_change
CHL_comp,129,-0.14959394931793213,0.012061048299074173,-0.014463787185354682,Improving,5.998321705426356,-0.2411305677764845
SPCD_epi,124,0.21516664326190948,4.0018558502197266e-4,0.2739757525083615,Worsening,175.0999193548387,0.15646823454735673
PH_epi,124,0.055274397134780884,0.36649441719055176,5.911473500291188e-4,Stable,7.154435483870968,0.0082626693798806
TP_epi,124,0.20226046442985535,0.0010008811950683594,0.03517320137038446,Worsening,14.827016129032257,0.23722373446072573
TP_hypo,121,0.1497693806886673,0.01577460765838623,0.05382553606237814,Worsening,25.92404958677686,0.2076278086191945
SECCHI,132,-0.19469785690307617,0.0010739105055108666,-0.006059149184149182,Worsening,3.489735984848485,-0.1736277245744782
