parameter,non_na_n,MK,SEN,tau,p.value,slope,significant,slope_dir,trend,mean_value,percent_change
CHL_comp,25,,,-0.15999998152256012,0.2723427414894104,1,FALSE,NA,Stable,7.731662666666667,12.933828635738031
PH_epi,25,,,0.3478280007839203,0.016089677810668945,1,TRUE,increasing,Improving,7.0758,14.132677577093755
SECCHI,25,,,0.2693740129470825,0.06454360485076904,1,FALSE,NA,Stable,2.361902,42.33875918645227
SPCD_epi,25,,,0.19031745195388794,0.19079363346099854,1,FALSE,NA,Stable,213.682,0.4679851367920555
TP_epi,25,,,0.20272119343280792,0.16698110103607178,1,FALSE,NA,Stable,20.131,4.967463116586359
TP_hypo,25,,,0.25999996066093445,0.07212436199188232,1,FALSE,NA,Stable,38.254666666666665,2.614060158237775
