STATIONID,parameter,n,tau,mk_p,sen_slope,sen_ci_lower,sen_ci_upper,trend
RUSHARD,SPCD_epi,22,0.09090909090909091,0.5727823105937271,0.13571428571428612,-0.4162499999999998,0.78125,Stable
RUSHARD,CHL_comp,22,0.37662337662337664,0.015307460719572372,0.12687499999999996,0.015520000000000067,0.3289999999999999,Worsening
RUSHARD,PH_epi,22,0.3913080464073318,0.012018060251199588,0.01833333333333324,0.0038095238095237705,0.034499999999999975,Improving
RUSHARD,SECCHI,14,-0.3626373626373626,0.07980192864239075,-0.04249999999999998,-0.09166666666666669,0.0033333333333333114,Stable
RUSHARD,TP_epi,22,0.4114031797789394,0.008598048804810193,0.3181818181818182,0.08399999999999999,0.5,Worsening
