parameter,non_na_n,MK,SEN,tau,p.value,slope,significant,slope_dir,trend,mean_value,percent_change
CHL_comp,40,,,0.20769231021404266,0.060680508613586426,1,FALSE,NA,Stable,3.9195571130952382,25.513086584680718
PH_epi,39,,,0.26468607783317566,0.01832115650177002,1,TRUE,increasing,Improving,6.487449938949939,15.414377134474819
SECCHI,40,,,-0.4764484167098999,1.7726400983519852e-5,1,TRUE,increasing,Improving,-1.4379479166666667,-69.5435480248908
SPCD_epi,40,,,0.34358975291252136,0.0018656253814697266,1,TRUE,increasing,Worsening,44.518349404761906,2.2462647725502487
TP_epi,40,,,0.10200386494398117,0.3630638122558594,1,FALSE,NA,Stable,8.113761904761905,12.32473927307514
TP_hypo,34,,,0.13657230138778687,0.2656663656234741,1,FALSE,NA,Stable,7.971106442577031,12.545309828740708
