parameter,non_na_n,tau,p.value,slope,trend,mean_value,percent_change
CHL_comp,38,0.08392602950334549,0.4658973217010498,0.029166666666666674,Worsening,5.205007894736842,0.5603577795945168
PH_epi,36,-0.08432800322771072,0.4786449074745178,-0.00299999999999998,Worsening,7.326666666666666,-0.04094631483166488
SECCHI,38,0.011503185145556927,0.9297688007354736,0,Improving,4.171644736842105,0
SPCD_epi,37,-0.18045133352279663,0.1195528581738472,-0.2000000000000003,Improving,81.65945945945946,-0.24491957370755316
TP_epi,38,-0.04836415362731152,NA,NA,Improving,8.531578947368422,NA
TP_hypo,38,0.39544807965860596,NA,NA,Worsening,15.83,NA
