parameter,non_na_n,tau,p.value,slope,trend,mean_value,percent_change
CHL_comp,80,0.10289043933153152,0.17950761318206787,0.0050000000000000044,Stable,2.37216375,0.21077802913057772
PH_epi,78,-0.026082821190357208,0.739656388759613,-4.166666666666578e-4,Stable,7.121846153846154,-0.0058505429303838145
SECCHI,77,0.01170020829886198,0.8845393657684326,1.4274296030894868e-16,Stable,4.898019480519481,2.9142995628471747e-15
SPCD_epi,80,0.025957580655813217,0.7364685535430908,0.02273291925465831,Stable,71.5363125,0.0317781535841092
TP_epi,80,-0.06677215189873417,0.37800052815859453,-6.705522537231445e-8,Stable,7.138,-9.394119553420349e-7
TP_hypo,79,-0.059720869847452125,0.4342121277289901,-6.334856152534484e-8,Stable,7.6262025316455695,-8.30669802729139e-7
