stationid,parameter,n,tau,mk_p,sen_slope,sen_ci_lower,sen_ci_upper,trend
SKAHARD,SECCHI,100,-2.044932050733622e-4,1,0,-0.003879310344827588,0.003823529411764708,Stable
SKAHARD,TP_epi,98,-0.15520312198122355,0.0259817729543822,-0.019512195121951216,-0.038461538461538464,0,Improving
SKAHARD,SPCD_epi,98,0.010114858275721826,0.8852886939325931,0.0029166666666666785,-0.03829787234042547,0.04146341463414624,Stable
SKAHARD,PH_epi,98,0.07712875735562971,0.2650104164152918,9.090909090909167e-4,-6.666666666666524e-4,0.002631578947368412,Stable
SKAHARD,TP_hypo,93,-0.11932898268939066,0.09696284881347719,-0.018350340136054438,-0.04235294117647057,0,Stable
SKAHARD,CHL_comp,97,-0.009894612205667104,0.8884543986273313,-6.470177886292226e-4,-0.011176470588235291,0.011199999999999998,Stable
SKAHARD,Year,101,0.9907492914031489,5.926570933588008e-48,0.3684210526315789,0.36470588235294116,0.3728813559322034,Stable
