parameter,non_na_n,MK,SEN,tau,p.value,slope,significant,slope_dir,trend,mean_value,percent_change
CHL_comp,15,,,0.08571428060531616,0.6921807527542114,1,FALSE,NA,Stable,3.3549333333333333,29.806851601621492
PH_epi,15,,,0.04807914420962334,0.8427045345306396,1,FALSE,NA,Stable,6.518666666666667,15.34056044180814
SECCHI,15,,,-0.18095237016677856,0.3730531334877014,1,FALSE,NA,Stable,4.6,21.73913043478261
SPCD_epi,15,,,0.37142854928970337,0.06003832817077637,1,FALSE,NA,Stable,60.40466666666667,1.6555012305892478
TP_epi,15,,,0.20131279528141022,0.3364107608795166,1,FALSE,NA,Stable,4.793333333333332,20.862308762169686
TP_hypo,14,,,-0.4725274443626404,0.02148873545229435,1,TRUE,increasing,Worsening,8.01642857142857,12.474382963556984
