parameter,non_na_n,MK,SEN,tau,p.value,slope,significant,slope_dir,trend,mean_value,percent_change
CHL_comp,25,,,0.30384013056755066,0.0355076789855957,1,TRUE,increasing,Worsening,2.89716,34.51656104598987
PH_epi,25,,,0.5058690309524536,4.546642303466797e-4,1,TRUE,increasing,Improving,6.3884,15.653371736271993
SECCHI,25,,,-0.2799999713897705,0.052566856145858765,1,FALSE,NA,Stable,4.18687,23.884190337889642
SPCD_epi,25,,,-0.4399999678134918,0.0022170632146298885,1,TRUE,increasing,Worsening,16.4261,6.087872349492575
TP_epi,25,,,0.3001895248889923,0.03940582275390625,1,TRUE,increasing,Worsening,7.2328,13.825904214135603
TP_hypo,23,,,0.028116079047322273,0.8736838102340698,1,FALSE,NA,Stable,7.819130434782609,12.789145907473308
