stationid,parameter,n,tau,mk_p,sen_slope,sen_ci_lower,sen_ci_upper,trend
PRANWID,SECCHI,32,-0.5025378430933938,1.749655791961732e-4,-0.015099715099715113,-0.025,-0.004411764705882363,Worsening
PRANWID,TP_epi,33,0.4221741459600963,6.412129696679544e-4,0.15751879699248122,0.08777777777777779,0.23599999999999993,Worsening
PRANWID,SPCD_epi,34,0.10160427807486633,0.40644333792854104,0.030833333333333317,-0.04121212121212119,0.12833333333333347,Stable
PRANWID,PH_epi,33,0.5128225940683708,3.052702448029653e-5,0.026040372670807485,0.018235294117647037,0.03499999999999996,Improving
PRANWID,TP_hypo,12,0.03077287274483318,0.9450713821683051,0.09999999999999998,-0.5,0.5142857142857142,Stable
PRANWID,CHL_comp,34,0.5508021390374332,4.972881551902594e-6,0.10333333333333333,0.06375,0.14699999999999996,Worsening
PRANWID,Year,36,0.9872199221061004,6.057349281048862e-17,0.6666666666666666,0.6363636363636364,0.7058823529411765,Stable
