parameter,non_na_n,tau,p.value,slope,trend,mean_value,percent_change
CHL_comp,24,0.10144928842782974,0.5030369758605957,0.0392017857142857,Stable,4.548216666666667,0.8619155283782076
SPCD_epi,23,-0.43083006143569946,0.004340009763836861,-0.21285714285714313,Improving,17.74695652173913,-1.1994008245661945
PH_epi,23,0.04365113750100136,0.79155731201171875,0.0025000000000001688,Stable,6.503478260869565,0.03844096804385873
TP_epi,23,-0.020419053733348846,0.9149957299232483,0,Stable,7.340869565217392,0
TP_hypo,23,0.3705297112464905,0.014944314956665039,0.2421052631578947,Worsening,10.216521739130435,2.3697425536775802
SECCHI,24,0.04753398150205612,0.765571117401123,0.0018181818181818117,Stable,3.7459375,0.048537430701441536
