STATIONID,PARAMETER,n,tau,mk_p,sen_slope,sen_ci_lower,sen_ci_upper,TREND
PLEFRSD,SPCD_epi,26,0.20339007194925068,0.15184384887391247,0.11874999999999991,-0.05000000000000071,0.3583333333333331,Stable
PLEFRSD,CHL_comp,26,0.13230769230769232,0.35457844759773155,0.030869565217391304,-0.041111111111111126,0.10445454545454545,Stable
PLEFRSD,PH_epi,25,0.3811395404055099,0.008760979650818268,0.010621212121212135,0.0017857142857142477,0.019722222222222197,Improving
PLEFRSD,SECCHI_NVS,26,-0.40804148070522295,0.0038579406515485267,-0.05,-0.07176470588235292,-0.02499999999999991,Worsening
PLEFRSD,TP_epi,26,0.21296397731140684,0.13372993032476,0.06133333333333345,-0.019999999999999928,0.11999999999999966,Stable
PLEFRSD,TP_hypo,26,0.3695812579737759,0.009172726122812482,0.2875000000000001,0.06470588235294127,0.46923076923076934,Worsening
