STATIONID,parameter,n,tau,mk_p,sen_slope,sen_ci_lower,sen_ci_upper,trend
CANWIND,SPCD_epi,24,0.6109131300175179,3.399824163403517e-5,6.991666666666667,4.668421052631579,8.666666666666666,Worsening
CANWIND,CHL_comp,24,-0.5362318840579711,2.6609796274681583e-4,-0.08515624999999998,-0.11552631578947367,-0.047937499999999994,Improving
CANWIND,PH_epi,23,0.35177865612648224,0.020119054734445644,0.020000000000000108,0.0018181818181818602,0.03500000000000001,Improving
CANWIND,SECCHI_NVS,24,0.08212615034683854,0.5991262096439134,0.004601648351648351,-0.0236111111111111,0.04299999999999997,Stable
CANWIND,TP_hypo,24,0.2773796521750473,0.06251523778500924,0.20000000000000018,0,0.4375,Stable
CANWIND,TP_epi,24,0.22951162341868644,0.12365529832533981,0.07467391304347828,-0.02950000000000008,0.14600000000000002,Stable
