parameter,non_na_n,tau,p.value,slope,significant,slope_dir,trend,mean_value,percent_change
CHL_comp,246,-0.07471764832735062,0.08139151334762573,-0.004076923076923075,FALSE,decreasing,Improving (weak),6.275771951219512,-0.06496289394535512
PH_epi,240,-0.02407812885940075,0.5810247659683228,-1.3888888888888593e-4,FALSE,decreasing,Worsening (weak),6.783083333333333,-0.0020475775110466374
SECCHI,240,0.05936402827501297,0.1776806116104126,6.80272108843538e-4,FALSE,increasing,Improving (weak),2.8412083333333333,0.02394305622936971
SPCD_epi,243,0.09337621927261353,0.030327677726745605,0.053846153846154064,TRUE,increasing,Worsening (significant),143.9502880658436,0.03740607578466571
TP_epi,242,-0.017687030136585236,0.6923208236694336,0,FALSE,NA,Stable,13.11603305785124,0
TP_hypo,243,-0.06497462093830109,0.1396590769290924,-0.007194244604316547,FALSE,decreasing,Improving (weak),21.159259259259258,-0.03400045585796373
