parameter,non_na_n,tau,p.value,slope,trend,mean_value,percent_change
CHL_comp,66,-0.009794777259230614,0.911865770816803,-0.0026177777777777757,Stable,7.979383195592287,-0.03280676856356271
PH_epi,65,-0.06520232558250427,0.4479285478591919,-0.001610810810810818,Stable,6.8250769230769235,-0.023601357595902706
SECCHI,65,-0.022855857387185097,0.7943122982978821,-2.380952380952383e-4,Stable,3.366769230769231,-0.0070719203418892745
SPCD_epi,66,-0.08864009380340576,0.29556387662887573,-0.11222222222222279,Stable,65.23424242424242,-0.1720296243994069
TP_epi,66,0.15011655011655012,0.07498212202031729,0.062042140960694755,Stable,11.61969696969697,0.5339394058424637
TP_hypo,66,0.11794871794871795,0.16272995990847416,0.2250000081025076,Stable,27.883333333333333,0.8069336811805413
