parameter,non_na_n,tau,p.value,slope,trend,mean_value,percent_change
CHL_comp,80,-0.10422943532466888,0.17293941974639893,-0.00811416666666664,Stable,3.8077325,-0.2130970772412883
SPCD_epi,80,0.2983846664428711,9.238719940185547e-5,0.0658396752917301,Worsening,44.066250000000004,0.1494106607476926
PH_epi,80,-0.09066452085971832,0.2378804087638855,-0.0010526315789473732,Stable,6.725125,-0.015652223251573363
TP_epi,79,-0.04040749371051788,0.6147822141647339,0,Stable,15.356329113924051,0
TP_hypo,41,-0.09906648099422455,0.383694589138031,-0.028991596638655463,Stable,15.220975609756097,-0.19047134284922507
SECCHI,81,0.01816670410335064,0.8159269094467163,0,Stable,2.5681481481481483,0
