parameter,non_na_n,tau,p.value,slope,trend,mean_value,percent_change
CHL_comp,110,-0.07105854898691177,0.2733595371246338,-0.002375862068965516,Stable,2.005311818181818,-0.11847843549436961
SPCD_epi,111,0.7101167440414429,0,0.4173469387755101,Worsening,87.8463063063063,0.4750876346699049
PH_epi,111,-0.07549809664487839,0.24402397871017456,-8.695652173913051e-4,Stable,6.94036036036036,-0.012529107600201832
TP_epi,111,-0.19714628159999847,0.003855925053358078,-0.0048979591836734735,Improving,6.799774774774775,-0.0720311972955855
TP_hypo,111,-0.2442721277475357,1.778504956746474e-4,-0.03076923076923073,Improving,8.150585585585585,-0.37750944942712467
SECCHI,106,-0.16893766820430756,0.012033174745738506,-0.00714285714285716,Worsening,7.76502358490566,-0.09198757820571309
