STATIONID,parameter,n,tau,mk_p,sen_slope,sen_ci_lower,sen_ci_upper,trend
LOOGLMD,SPCD_epi,32,0.3991935483870968,0.0014000474750610194,0.9869642857142862,0.4903571428571425,1.5489999999999995,Worsening
LOOGLMD,CHL_comp,32,0.0465118418925368,0.7211645880646689,0.006522727272727259,-0.02499999999999991,0.039999999999999994,Stable
LOOGLMD,PH_epi,31,0.3239771046990565,0.011279108499884165,0.01113636363636364,0.0022727272727272245,0.018888888888888882,Improving
LOOGLMD,SECCHI_NVS,31,-0.20518549964273577,0.10991238779961177,-0.020925925925925907,-0.052941176470588255,0.00625,Stable
LOOGLMD,TP_hypo,32,0.4679748536708767,2.003112088879713e-4,0.2522233201581028,0.1416666666666666,0.36999999999999955,Worsening
LOOGLMD,TP_epi,32,0.23098725274272422,0.07043731910850108,0.04553221288515408,0,0.10934782608695655,Stable
