parameter,non_na_n,tau,p.value,slope,trend,mean_value,percent_change
CHL_comp,90,-0.06845599412918091,0.34298479557037354,-0.0022413793103448296,Improving,1.3371622222222221,-0.16762209349736895
PH_epi,90,-0.14907965064048767,0.03869462385773659,-0.0026229508196721333,Worsening,6.328666666666667,-0.04144555176981144
SECCHI,90,0.010039033368229866,0.8918470144271851,5.921189464667501e-16,Improving,8.562972222222223,6.914876413240147e-15
SPCD_epi,89,-0.1337083876132965,0.0643138438463211,-0.08412558685446,Improving,64.09966292134831,-0.13124185529288032
TP_epi,89,0.05132788559754852,NA,NA,Worsening,6.008876404494382,NA
TP_hypo,90,-0.0449438202247191,NA,NA,Improving,6.062111111111111,NA
