STATIONID,parameter,n,tau,mk_p,sen_slope,sen_ci_lower,sen_ci_upper,trend
MASENF1D,SPCD_epi,35,0.4225595213637791,3.8366213821585825e-4,0.5749999999999993,0.26666666666666666,0.8099999999999999,Worsening
MASENF1D,CHL_comp,35,-0.19240677604757456,0.10836807892705498,-0.025454545454545455,-0.04928571428571428,0.003285714285714273,Stable
MASENF1D,PH_epi,35,0.09661363887437507,0.4259212327145646,0.0035483870967742037,-0.005500000000000016,0.014375000000000027,Stable
MASENF1D,SECCHI,20,0.36411736244524956,0.02728798254943074,0.0686153846153846,0.007142857142857244,0.11666666666666663,Improving
MASENF1D,TP_hypo,35,0.045204062770661926,0.7209848619016708,0,-0.1,0.11764705882352941,Stable
MASENF1D,TP_epi,35,0.1012168385616075,0.4208363430928995,0,-0.041666666666666664,0.1,Stable
