parameter,non_na_n,tau,p.value,slope,trend,mean_value,percent_change
CHL_comp,74,-0.06338032335042953,0.42754650115966797,-0.005379999999999993,Improving,2.598422972972973,-0.20704866205229444
PH_epi,76,-0.1312187761068344,0.09602200984954834,-0.0021428571428571607,Worsening,6.304605263157895,-0.033988759857486006
SECCHI,77,0.08087761700153351,0.3012380599975586,0.006181024774774768,Improving,6.170844155844156,0.10016497935571701
SPCD_epi,76,0.06775496900081635,0.3891723155975342,0.026969696969696727,Worsening,35.92776315789474,0.07506645167741378
TP_epi,76,0.005263157894736842,NA,NA,Worsening,6.501315789473685,NA
TP_hypo,76,0.07438596491228071,NA,NA,Worsening,8.528684210526317,NA
