STATIONID,parameter,n,tau,mk_p,sen_slope,sen_ci_lower,sen_ci_upper,trend
PINMAND,SPCD_epi,26,0.35384615384615387,0.011979868023479992,8.818181818181818,1.75,13.825,Worsening
PINMAND,CHL_comp,26,0.021538461538461538,0.8947871042097532,0.047499999999999876,-0.19181818181818178,0.37052631578947376,Stable
PINMAND,PH_epi,26,0.1495443212023865,0.2992045321380073,0.009285714285714277,-0.009999999999999985,0.023666666666666634,Stable
PINMAND,SECCHI,18,-0.2923991483705967,0.10196465955757676,-0.015909090909090894,-0.04285714285714289,0.004166666666666652,Stable
PINMAND,TP_hypo,26,0.33642135546294705,0.017235511476797364,0.5849999999999997,0.13000000000000006,1.3000000000000007,Worsening
PINMAND,TP_epi,26,0.08655425348292609,0.5514718533395346,0.04117647058823546,-0.1875,0.3083333333333333,Stable
