parameter,non_na_n,tau,p.value,slope,significant,slope_dir,trend,mean_value,percent_change
CHL_comp,35,-0.05382676050066948,0.659727931022644,-0.018000000000000006,FALSE,NA,Stable,6.459142857142857,-0.27867474675985326
PH_epi,33,0.04385226219892502,0.7329802513122559,9.005376344085974e-4,FALSE,NA,Stable,6.9806060606060605,0.01290056517428534
SECCHI,35,0.11537297815084457,0.3521595001220703,0.0050000000000000044,FALSE,NA,Stable,3.1514285714285712,0.15865820489573904
SPCD_epi,33,-0.07772515714168549,0.5353559255599976,-0.12088235294117569,FALSE,NA,Stable,88.11181818181818,-0.13719198563322768
TP_epi,32,0.01261618360877037,0.9348616600036621,0,FALSE,NA,Stable,10.15625,0
TP_hypo,31,-0.019829610362648964,0.8914170265197754,0,FALSE,NA,Stable,12.274193548387096,0
