parameter,non_na_n,MK,SEN,tau,p.value,slope,significant,slope_dir,trend,mean_value,percent_change
CHL_comp,35,,,-0.016820862889289856,0.8982868194580078,1,FALSE,NA,Stable,4.991378095238096,20.034547191566713
PH_epi,35,,,0.09915966540575027,0.4101196527481079,1,FALSE,NA,Stable,6.50047619047619,15.383488389129003
SECCHI,35,,,-0.23737408220767975,0.04674519598484039,1,TRUE,increasing,Improving,3.322347619047619,30.099198358017066
SPCD_epi,35,,,0.37678733468055725,0.001538991928100586,1,TRUE,increasing,Worsening,41.54257142857143,2.407169237752667
TP_epi,35,,,0.008504004217684269,0.9546176195144653,1,FALSE,NA,Stable,10.009976190476191,9.990033752042605
TP_hypo,35,,,-0.09129492193460464,0.45129460096359253,1,FALSE,NA,Stable,14.340190476190477,6.973408070557606
