STATIONID,parameter,n,tau,mk_p,sen_slope,sen_ci_lower,sen_ci_upper,trend
WARALSD,SPCD_epi,29,-0.1231527093596059,0.35801971882281597,-0.15984782608695647,-0.5318181818181813,0.25157894736842074,Stable
WARALSD,CHL_comp,29,0.28853289505200885,0.029531483660602143,0.08275454545454548,0.009999999999999787,0.19,Worsening
WARALSD,PH_epi,29,0.33621986428114903,0.011287305213597179,0.013009868421052607,0.0050000000000000044,0.020000000000000018,Improving
WARALSD,SECCHI_NVS,29,-0.5328478979048664,5.8753727666867474e-5,-0.047008928571428577,-0.06666666666666672,-0.02631578947368421,Worsening
WARALSD,TP_hypo,18,0.3881662952409873,0.027802255195263227,0.4454545454545455,0.04444444444444448,0.8611111111111107,Worsening
WARALSD,TP_epi,29,0.5938112706317772,7.786254578516425e-6,0.28055555555555556,0.17222222222222217,0.3866666666666667,Worsening
