parameter,non_na_n,tau,p.value,slope,trend,mean_value,percent_change
CHL_comp,29,-0.007398279849439859,0.9700682163238525,-0.00205263157894737,Improving,2.978913793103448,-0.06890537026279393
PH_epi,29,-0.2255309671163559,0.09104494750499725,-0.01154761904761904,Worsening,6.4703448275862065,-0.1784699170650992
SECCHI,29,0.10238169133663177,0.45207762718200684,0.017261904761904756,Improving,5.171120689655172,0.33381361213319194
SPCD_epi,29,-0.06165233254432678,0.6525138020515442,-0.12000000000000194,Improving,68.40517241379311,-0.17542533081285727
TP_epi,29,-0.29064039408866993,NA,NA,Improving,8.593103448275862,NA
TP_hypo,29,-0.0049261083743842365,NA,NA,Improving,8.789655172413793,NA
