STATIONID,parameter,n,tau,mk_p,sen_slope,sen_ci_lower,sen_ci_upper,trend
GARBATD,SPCD_epi,16,0.05,0.8218916912511594,0.07500000000000123,-0.5083333333333352,0.5524999999999999,Stable
GARBATD,CHL_comp,16,0.36666666666666664,0.052871592614987556,0.17672222222222225,-0.009285714285714277,0.38449999999999995,Stable
GARBATD,PH_epi,16,0.18333333333333332,0.3444175229790721,0.027214285714285778,-0.024500000000000098,0.06083333333333337,Stable
GARBATD,SECCHI,16,0.2761530448893886,0.14925076809706506,0.047172619047619054,-0.026874999999999982,0.09000000000000004,Stable
GARBATD,TP_hypo,9,0.40016336533252056,0.17058693287144136,0.6726190476190477,-1.4,3.2,Stable
GARBATD,TP_epi,16,0.49793018881613604,0.008811503140696854,0.38531468531468527,0.08333333333333333,0.6625000000000005,Worsening
