parameter,non_na_n,tau,p.value,slope,trend,mean_value,percent_change
CHL_comp,92,-0.07912037521600723,0.26568251848220825,-0.01440507518796993,Stable,6.512905434782609,-0.2211774043430549
SPCD_epi,91,0.39956021308898926,0,0.7642857142857142,Worsening,211.8876923076923,0.360703213085099
PH_epi,91,0.07570517808198929,0.2923649549484253,9.523809523809532e-4,Stable,6.730582417582418,0.01415005260009939
TP_epi,91,0.11477255821228027,0.10997188091278076,0.028571428571428553,Stable,17.869230769230768,0.15989176557407284
TP_hypo,91,0.22623249888420105,0.0015857219696044922,0.128125,Worsening,27.55824175824176,0.46492443576042736
SECCHI,92,0.13487471640110016,0.05881392955780029,0.003968253968253968,Stable,2.0028985507246375,0.19812555992006065
