STATIONID,parameter,n,tau,mk_p,sen_slope,sen_ci_lower,sen_ci_upper,trend
BROOSSD,SPCD_epi,36,0.507936507936508,1.392342836506662e-5,0.3774736842105264,0.24725000000000003,0.5278947368421053,Worsening
BROOSSD,CHL_comp,36,-0.41971436190211214,3.397226969570852e-4,-0.034632936507936515,-0.045869565217391314,-0.02385714285714287,Improving
BROOSSD,PH_epi,36,-0.16760038078849776,0.15631297764775395,-0.004725563909774433,-0.012413793103448287,0.002499999999999987,Stable
BROOSSD,SECCHI_NVS,36,-0.49642146154945704,2.2624649768683607e-5,-0.08821957236842104,-0.113671875,-0.05714285714285713,Worsening
BROOSSD,TP_hypo,36,0,1,0,-0.04576923076923075,0.05428571428571427,Stable
BROOSSD,TP_epi,36,-0.014518017554874819,0.9129546571975788,0,-0.04821428571428573,0.04478260869565215,Stable
