parameter,non_na_n,MK,SEN,tau,p.value,slope,significant,slope_dir,trend,mean_value,percent_change
CHL_comp,39,,,-0.12153951823711395,0.2816140651702881,1,FALSE,NA,Stable,3.742507948717949,26.72005012955456
PH_epi,39,,,0.01216217316687107,0.922893762588501,1,FALSE,NA,Stable,6.7617692307692305,14.789028815853838
SECCHI,39,,,0.21906739473342896,0.051412105560302734,1,FALSE,NA,Stable,4.51373717948718,22.15459075784322
SPCD_epi,39,,,0.23767729103565216,0.034250736236572266,1,TRUE,increasing,Worsening,41.33191452991453,2.419437888066464
TP_epi,39,,,-0.02974989265203476,0.7994259595870972,1,FALSE,NA,Stable,8.398482905982906,11.906912369704541
TP_hypo,39,,,0.34600239992141724,0.0021049976348876953,1,TRUE,increasing,Worsening,12.955149572649573,7.718938283129996
