parameter,non_na_n,tau,p.value,slope,significant,slope_dir,trend,mean_value,percent_change
CHL_comp,44,0.03493916615843773,0.7461605072021484,0.004249249249249253,FALSE,NA,Stable,2.8347272727272728,0.14989975544141423
PH_epi,43,0.015546977519989014,0.8917520046234131,8.695652173912858e-4,FALSE,NA,Stable,6.348488372093024,0.013697201072522406
SECCHI,43,-0.06862492859363556,0.529058575630188,-0.0032000000000000028,FALSE,NA,Stable,4.184383720930232,-0.07647482194316083
SPCD_epi,43,0.08199446648359299,0.44485676288604736,0.01453124999999994,FALSE,NA,Stable,16.57453488372093,0.08767214345346215
TP_epi,44,0.0654500350356102,0.5532636642456055,0,FALSE,NA,Stable,7.355,0
TP_hypo,39,0.06802170723676682,0.5658541917800903,0,FALSE,NA,Stable,8.004615384615384,0
