STATIONID,parameter,n,tau,mk_p,sen_slope,sen_ci_lower,sen_ci_upper,trend
SEBBEDD,SPCD_epi,38,0.8219381558779687,4.402872223991146e-13,3.717142857142857,3.3285714285714283,4.186800000000001,Worsening
SEBBEDD,CHL_comp,38,0.11806543385490756,0.3025895028184777,0.13699999999999973,-0.16314814814814818,0.553125,Stable
SEBBEDD,PH_epi,38,-0.3796659015210291,8.927539671741329e-4,-0.014800000000000004,-0.02264705882352945,-0.006818181818181834,Worsening
SEBBEDD,SECCHI_NVS,38,0.05891102555784069,0.6145660774409001,0.003750000000000068,-0.018199999999999994,0.02833333333333332,Stable
SEBBEDD,TP_hypo,38,-0.20872312743996613,0.06814728729432463,-0.5526315789473685,-1.2857142857142858,0.03888888888888905,Stable
SEBBEDD,TP_epi,38,0.10975991004774678,0.34462763031373644,0.05263157894736842,-0.06093749999999998,0.21785714285714292,Stable
