STATIONID,parameter,n,tau,mk_p,sen_slope,sen_ci_lower,sen_ci_upper,trend
SWASWAD,SPCD_epi,35,0.493266692269272,3.358984297878423e-5,0.3071428571428572,0.2166666666666662,0.41916666666666674,Worsening
SWASWAD,CHL_comp,35,-0.08907563025210084,0.4602261776270048,-0.011424999999999973,-0.041716666666666666,0.01909090909090909,Stable
SWASWAD,PH_epi,33,0.020892772350933626,0.8768213529458109,0.0010363247863247643,-0.008181818181818169,0.00924999999999998,Stable
SWASWAD,SECCHI_NVS,35,-0.0508058783318055,0.6800998304435222,-0.00535714285714287,-0.02763157894736844,0.01759259259259258,Stable
SWASWAD,TP_hypo,35,0.1708166795189141,0.15865934270841017,0.1,-0.03793103448275867,0.2875000000000001,Stable
SWASWAD,TP_epi,35,0.09045435478987697,0.4591372643963135,0.022727272727272648,-0.04285714285714283,0.09195652173913045,Stable
