STATIONID,parameter,n,tau,mk_p,sen_slope,sen_ci_lower,sen_ci_upper,trend
SUNSUN070,CHL_comp,17,-0.058823529411764705,0.7730800663123129,-0.005892857142857148,-0.05437500000000001,0.02291666666666668,Stable
