parameter,non_na_n,tau,p.value,slope,significant,slope_dir,trend,mean_value,percent_change
CHL_comp,79,-0.12045454233884811,0.1172647625207901,-0.01794117647058823,FALSE,decreasing,Improving (weak),4.643525316455696,-0.38636973523129947
PH_epi,80,0.12917783856391907,0.0923231840133667,0.002187500000000009,FALSE,increasing,Improving (weak),6.7021749999999995,0.03263865834598483
SECCHI,80,0.10442834347486496,0.17288994789123535,0.005769230769230749,FALSE,increasing,Improving (weak),3.91934375,0.14719889698959804
SPCD_epi,80,-0.11526284366846085,0.13150474429130554,-0.0788854489164087,FALSE,decreasing,Improving (weak),57.636125,-0.13686806480555155
TP_epi,82,-0.0144950021058321,0.8506813049316406,-0.0016666666666666804,FALSE,decreasing,Improving (weak),9.137195121951219,-0.018240462684907283
TP_hypo,79,-0.05555558204650879,0.471707284450531,-0.04102564102564097,FALSE,decreasing,Improving (weak),21.82164556962025,-0.18800434135341387
