parameter,non_na_n,tau,p.value,slope,trend,mean_value,percent_change
CHL_comp,37,0,1,-5.23809523809521e-4,Stable,4.697632432432433,-0.011150500413636931
SPCD_epi,36,0.44320908188819885,1.5246868133544922e-4,0.692393509127789,Worsening,85.81305555555555,0.8068626675104604
PH_epi,36,-0.16440798342227936,0.16445772349834442,-0.0030384615384615524,Stable,7.039722222222222,-0.043161668067954025
TP_epi,36,0.1385008692741394,0.24590134620666504,0.04398692810457529,Stable,8.20138888888889,0.5363351098271669
TP_hypo,36,0.09478599578142166,0.42870593070983887,0.05954545454545459,Stable,13.233333333333334,0.44996565147698675
SECCHI,37,-0.22590462863445282,0.051245249807834625,-0.030710565476190468,Stable,3.605472972972973,-0.8517763329915461
