parameter,non_na_n,tau,p.value,slope,significant,slope_dir,trend,mean_value,percent_change
CHL_comp,53,0.0602978877723217,0.5293142795562744,0.0067179487179487105,FALSE,increasing,Worsening (weak),2.930441509433962,0.2292469819418554
PH_epi,57,0.045897793024778366,0.620053768157959,0.0014285714285714405,FALSE,increasing,Improving (weak),6.533315789473685,0.021865947929122286
SECCHI,56,0.07063622772693634,0.4491584300994873,0.005444444444444445,FALSE,increasing,Improving (weak),5.1162946428571425,0.10641381750844692
SPCD_epi,57,0.014433654025197029,0.8796107769012451,0.00870445344129557,FALSE,increasing,Worsening (weak),35.04842105263158,0.02483550807673832
TP_epi,57,0.1061260849237442,0.2618107795715332,0.005718954248366019,FALSE,increasing,Worsening (weak),6.562982456140351,0.08713956324864687
TP_hypo,57,0.07295197248458862,0.4318338632583618,0.019327731092436982,FALSE,increasing,Worsening (weak),14.473508771929824,0.1335386698346535
