parameter,non_na_n,tau,p.value,slope,trend,mean_value,percent_change
CHL_comp,28,-0.06622521579265594,0.6353223323822021,-0.018388888888888896,Stable,4.256678571428571,-0.4320008800363203
SPCD_epi,28,0.14814813435077667,0.2772097587585449,0.9115384615384617,Stable,163.25,0.5583696548474497
PH_epi,28,0.22934067249298096,0.0926671028137207,0.008000000000000007,Stable,6.762142857142857,0.11830569346149794
TP_epi,28,0.06675858795642853,0.6347488164901733,0.027770833333333314,Stable,10.98857142857143,0.252724692321026
TP_hypo,28,-0.2157171666622162,0.11358742415904999,-0.23137254901960788,Stable,26.021785714285713,-0.8891493902841056
SECCHI,28,0.13793151080608368,0.31346607208251953,0.014146634615384637,Stable,3.0315714285714286,0.46664361862161285
