STATIONID,PARAMETER,n,tau,mk_p,sen_slope,sen_ci_lower,sen_ci_upper,TREND
SUNSUN110,SPCD_epi,40,0.6564102564102564,2.621813484935382e-9,1.0191798941798937,0.8517241379310346,1.2068181818181822,Worsening
SUNSUN110,CHL_comp,39,-0.2288435590600371,0.04205065669370932,-0.009655172413793104,-0.01825,-2.0833333333333814e-4,Improving
SUNSUN110,PH_epi,40,0.3649319982284444,0.0010093820655985425,0.008571428571428548,0.0033333333333333214,0.013666666666666731,Improving
SUNSUN110,SECCHI,37,-0.3073535780613884,0.008175726703284805,-0.029257246376811586,-0.04799999999999997,-0.008593749999999983,Worsening
SUNSUN110,TP_epi,39,0.42308438087524775,3.7070698990522707e-4,0.109375,0.020833333333333332,0.1590909090909091,Worsening
