parameter,non_na_n,tau,p.value,slope,significant,slope_dir,trend,mean_value,percent_change
CHL_comp,53,-0.042831216007471085,0.6563820242881775,-0.011483516483516486,FALSE,NA,Stable,6.983098113207547,-0.16444730257759133
PH_epi,53,-0.0036456843372434378,0.9755121469497681,0,FALSE,NA,Stable,6.699056603773585,0
SECCHI,50,-0.05185361206531525,0.6037124395370483,-0.0016666666666666707,FALSE,NA,Stable,2.15595,-0.0773054415300295
SPCD_epi,53,-0.017429199069738388,0.8599510192871094,-0.016500000000000743,FALSE,NA,Stable,80.13792452830188,-0.020589502532191894
TP_epi,53,-0.014652678743004799,0.8840087652206421,0,FALSE,NA,Stable,14.66132075471698,0
TP_hypo,29,-0.035642918199300766,0.8061132431030273,0,FALSE,NA,Stable,15.613793103448275,0
