parameter,non_na_n,tau,p.value,slope,trend,mean_value,percent_change
CHL_comp,162,0.017877699807286263,0.7368569374084473,0.0014903846153846178,Stable,5.415639506172839,0.027520011508998184
SPCD_epi,166,0.07457509636878967,0.1547245979309082,0.011206896551724174,Stable,44.518614457831326,0.025173507055884475
PH_epi,164,0.13737308979034424,0.009514212608337402,0.0010000000000000009,Improving,6.65670731707317,0.015022442062837791
TP_epi,165,0.01968647539615631,0.711729884147644,0,Stable,12.350060606060605,0
TP_hypo,166,-0.05141904950141907,0.3308153748512268,-0.006756756756756757,Stable,17.31933734939759,-0.0390127902727859
SECCHI,164,0.10086476802825928,0.057521700859069824,0.001923076923076924,Stable,3.5675426829268293,0.05390480490339144
