parameter,non_na_n,tau,p.value,slope,trend,mean_value,percent_change
CHL_comp,83,0.06794120371341705,0.36569535732269287,0.007592592592592587,Worsening,4.772915662650602,0.15907661331639997
PH_epi,83,-0.10714390873908997,0.15443532168865204,-0.001836734693877548,Worsening,6.801048192771084,-0.02700664135610501
SECCHI,84,-0.021083518862724304,0.7807962894439697,-6.637687969924808e-4,Worsening,3.6393154761904762,-0.018238836433254024
SPCD_epi,83,-0.06116749346256256,0.4155859351158142,-0.020289855072463746,Improving,48.32355421686747,-0.041987505681818235
TP_epi,84,0.047905909351692484,NA,NA,Worsening,9.867619047619048,NA
TP_hypo,84,-0.07142857142857142,NA,NA,Improving,19.354761904761904,NA
