stationid,parameter,n,tau,mk_p,sen_slope,sen_ci_lower,sen_ci_upper,trend
HILALTD,SECCHI,47,-0.014298962364492393,0.8970844145226264,0,-0.010000000000000002,0.009523809523809532,Stable
HILALTD,TP_epi,48,0.11237045759382208,0.2695072943937533,0.0250000000000001,-0.02105263157894739,0.08604651162790695,Stable
HILALTD,SPCD_epi,48,0.26086966791157407,0.009203485141094567,0.13428571428571423,0.04473684210526314,0.23199999999999932,Worsening
HILALTD,PH_epi,48,-0.16182970854685716,0.10930990036113412,-0.00411764705882352,-0.00916666666666662,9.999999999999788e-4,Stable
HILALTD,TP_hypo,48,0.062370564078395196,0.5444877216707531,0.013961038961038936,-0.04999999999999982,0.09166666666666672,Stable
HILALTD,CHL_comp,48,-0.027494459466222962,0.7897373120981569,-0.009833333333333328,-0.06481481481481483,0.038421052631578925,Stable
HILALTD,Year,48,0.9951121680244668,3.294560029866573e-23,0.6818181818181818,0.65,0.717948717948718,Stable
