stationid,parameter,n,tau,mk_p,sen_slope,sen_ci_lower,sen_ci_upper,trend
BEELTUFD,SECCHI,56,0.1111866576383207,0.23195062830477378,0.010897745571658613,-0.006249999999999978,0.026785714285714284,Stable
BEELTUFD,TP_epi,57,-0.013101985795741358,0.894648711993696,0,-0.04218750000000002,0.021428571428571425,Stable
BEELTUFD,SPCD_epi,57,0.6193920393382373,1.1347881867423427e-11,0.3631087662337662,0.29657894736842105,0.43733333333333324,Worsening
BEELTUFD,PH_epi,57,0.04967021209976357,0.591206344488066,0.0017192118226600898,-0.004166666666666689,0.006923076923076912,Stable
BEELTUFD,TP_hypo,57,0.11228261448600425,0.2249149314758726,0.031339285714285736,-0.013157894736842105,0.09999999999999994,Stable
BEELTUFD,CHL_comp,53,-0.38866713959604055,4.194129391088482e-5,-0.03989583333333334,-0.05725,-0.024444444444444442,Improving
BEELTUFD,Year,57,0.9870718195462558,9.175395824627253e-27,0.4318181818181818,0.42424242424242425,0.4411764705882353,Stable
