parameter,non_na_n,MK,SEN,tau,p.value,slope,significant,slope_dir,trend,mean_value,percent_change
CHL_comp,35,,,0.05546218529343605,0.649507999420166,1,FALSE,NA,Stable,5.300433333333333,18.866381993925025
PH_epi,35,,,-0.13277311623096466,0.2679862976074219,1,FALSE,NA,Stable,6.9405809523809525,14.408015796674082
SECCHI,35,,,0.18839366734027863,0.11490654945373535,1,FALSE,NA,Stable,3.807611904761905,26.263180833881002
SPCD_epi,35,,,0.45210084319114685,1.4126300811767578e-4,1,TRUE,increasing,Worsening,42.782357142857144,2.337412117478333
TP_epi,35,,,-0.06076003983616829,0.6189532279968262,1,FALSE,NA,Stable,9.485190476190477,10.542750854715873
TP_hypo,35,,,-0.20928457379341125,0.0805029645562172,1,FALSE,NA,Stable,16.917247619047618,5.911127049261081
