stationid,parameter,n,tau,mk_p,sen_slope,sen_ci_lower,sen_ci_upper,trend
DUBDUBD,SECCHI,35,0.1767679272637323,0.13960946732036356,0.04134615384615382,-0.013000000000000006,0.08687499999999992,Stable
DUBDUBD,TP_epi,36,0.06917124961939813,0.6144093351176083,0,0,0,Stable
DUBDUBD,SPCD_epi,36,-0.07631170216402039,0.5219770416126743,-0.07167564655172398,-0.19434782608695647,0.12538461538461504,Stable
DUBDUBD,PH_epi,36,0.18994709822696412,0.1077454555741485,0.0091,-0.0024999999999999467,0.015625,Stable
DUBDUBD,TP_hypo,36,0.01634694128712499,0.9017538800264271,0,-0.0476923076923077,0.06937499999999996,Stable
DUBDUBD,CHL_comp,37,-0.2058603135484306,0.075259438872848,-0.015596491228070174,-0.03473571428571428,0.0010000000000000009,Stable
DUBDUBD,Year,38,0.9806085723261284,1.7657333585563836e-17,0.42857142857142855,0.3888888888888889,0.4827586206896552,Stable
