STATIONID,parameter,n,tau,mk_p,sen_slope,sen_ci_lower,sen_ci_upper,trend
PEMMERVLAPD,SPCD_epi,18,0.4509803921568628,0.010004212585917369,1.1937499999999996,0.21857142857142872,1.901111111111111,Worsening
PEMMERVLAPD,CHL_comp,18,0.05882352941176472,0.7618733947779847,0.0331818181818182,-0.15142857142857144,0.17088235294117649,Stable
PEMMERVLAPD,PH_epi,18,0.2885261409670324,0.1031203520734036,0.017142857142857158,-0.0022727272727272245,0.045714285714285756,Stable
PEMMERVLAPD,SECCHI_NVS,18,-0.047324311668365475,0.8180660314313212,0,-0.05999999999999996,0.03749999999999998,Stable
PEMMERVLAPD,TP_hypo,18,0.47712418300653603,0.006387538146755866,0.985714285714286,0.4750000000000001,1.48,Worsening
PEMMERVLAPD,TP_epi,18,0.15737789507292677,0.3833105377630468,0.08222222222222214,-0.10400000000000004,0.24499999999999997,Stable
