STATIONID,parameter,n,tau,mk_p,sen_slope,sen_ci_lower,sen_ci_upper,trend
MESNWLD,SPCD_epi,30,0.04367816091954023,0.7481053914270008,0.14999999999999977,-0.8375000000000004,1.1799999999999984,Stable
MESNWLD,CHL_comp,30,-0.11724137931034483,0.372365302198027,-0.03166666666666688,-0.08964285714285714,0.031111111111111114,Stable
MESNWLD,PH_epi,30,0.2906591794880899,0.02565256572109478,0.0094736842105263,0.0014705882352940864,0.017499999999999998,Improving
MESNWLD,SECCHI_NVS,30,-0.18248422564933509,0.16813331506580542,-0.014374999999999999,-0.0375,0.006250000000000033,Stable
MESNWLD,TP_hypo,30,0.32714939645375385,0.01340430251975317,0.2777777777777778,0.038461538461538464,0.5,Worsening
MESNWLD,TP_epi,30,0.19441351501138524,0.14220107310337682,0.08461538461538459,-0.02105263157894739,0.19047619047619047,Stable
