STATIONID,parameter,n,tau,mk_p,sen_slope,sen_ci_lower,sen_ci_upper,trend
NORHAND,SPCD_epi,25,0.2933333333333333,0.042165578463101316,0.3369658119658121,0.012142857142856758,0.693,Worsening
NORHAND,CHL_comp,25,0.019999999999999997,0.9070384808036948,0.010502631578947342,-0.09689999999999994,0.12096875000000007,Stable
NORHAND,PH_epi,25,0.1507556722888818,0.30373330060057424,0.006754385964912296,-0.00818181818181825,0.017692307692307657,Stable
NORHAND,SECCHI,19,-0.058651278589815566,0.7527138062630525,-0.0071428571428571175,-0.05636363636363637,0.04428571428571423,Stable
NORHAND,TP_hypo,25,0.1775566806957941,0.22419327971444541,0.08989898989898994,-0.04583333333333339,0.21111111111111114,Stable
NORHAND,TP_epi,25,0.0033961780540566217,1,0,-0.1241176470588235,0.14749999999999996,Stable
