parameter,non_na_n,tau,p.value,slope,trend,mean_value,percent_change
CHL_comp,63,-0.015873015873015872,0.8585940736688067,-0.0033333989977830905,Stable,3.551593650793651,-0.09385642969144846
PH_epi,63,0.17306707629288273,0.04531602709123117,0.008333382606506562,Improving,6.711571428571428,0.12416440315350022
SECCHI,65,0.028365384615384615,0.742223199562521,0.0032264709472656747,Stable,3.119307692307692,0.10343548202129114
SPCD_epi,63,0.44086021505376344,3.2809618732976276e-7,1.9499999859370318,Worsening,118.42952380952381,1.6465488699197297
TP_epi,65,0.26971153846153845,0.0014858495506353542,0.13029642105102396,Worsening,15.932307692307692,0.8178126079873076
TP_hypo,34,0.3689839572192513,0.0021200619086336747,0.18476257324218764,Worsening,16.273529411764706,1.1353564956143827
