parameter,non_na_n,MK,SEN,tau,p.value,slope,significant,slope_dir,trend,mean_value,percent_change
CHL_comp,29,,,0.03940887004137039,0.778425931930542,1,FALSE,NA,Stable,5.174143678160919,19.326869569177422
PH_epi,29,,,0.3773122727870941,0.004348278045654297,1,TRUE,increasing,Improving,6.698568965517241,14.92856168455949
SECCHI,29,,,-0.19211824238300323,0.14863471686840057,1,FALSE,NA,Stable,2.7450344827586206,36.42941486822601
SPCD_epi,29,,,0.029556652531027794,0.8365263938903809,1,FALSE,NA,Stable,131.59528735632185,0.7599056319488784
TP_epi,29,,,0.22829416394233704,0.08745288848876953,1,FALSE,NA,Stable,11.519655172413794,8.680815397970484
TP_hypo,29,,,0.27654409408569336,0.03726232051849365,1,TRUE,increasing,Worsening,15.586494252873564,6.415810917940303
