STATIONID,parameter,n,tau,mk_p,sen_slope,sen_ci_lower,sen_ci_upper,trend
BEELTUFD,SPCD_epi,26,0.6615384615384615,2.394748911058414e-6,0.8050000000000002,0.5666666666666665,1.0545454545454545,Worsening
BEELTUFD,CHL_comp,26,-0.4523076923076923,0.0012905793298499835,-0.071875,-0.12428571428571428,-0.03599999999999999,Improving
BEELTUFD,PH_epi,26,0.20679110840382983,0.14554482727243448,0.012500000000000178,-0.004166666666666726,0.02333333333333328,Stable
BEELTUFD,SECCHI_NVS,26,0.09273670016027795,0.5223863184544746,0.01499999999999999,-0.03799999999999999,0.0733333333333333,Stable
BEELTUFD,TP_hypo,26,0.17419383739100078,0.2243119297705908,0.06142857142857139,-0.03499999999999992,0.225,Stable
BEELTUFD,TP_epi,23,0.1346537293478313,0.38329066288611524,0.05666666666666679,-0.06823529411764706,0.1557142857142857,Stable
