parameter,non_na_n,MK,SEN,tau,p.value,slope,significant,slope_dir,trend,mean_value,percent_change
CHL_comp,39,,,-0.11201079934835434,0.32122498750686646,1,FALSE,NA,Stable,2.0080431623931623,49.79972635688825
PH_epi,39,,,-0.02704535610973835,0.8181764483451843,1,FALSE,NA,Stable,6.970897435897436,14.345355231456788
SECCHI,39,,,-0.11948627233505249,0.29219090938568115,1,FALSE,NA,Stable,7.8409882478632476,12.753494437037457
SPCD_epi,39,,,0.7112010717391968,0,1,TRUE,increasing,Worsening,87.05121794871795,1.1487490049698121
TP_epi,39,,,-0.3893561065196991,5.975573440082371e-4,1,TRUE,increasing,Worsening,5.8836602564102565,16.996222698455412
TP_hypo,39,,,-0.32183974981307983,0.0041361344046890736,1,TRUE,increasing,Worsening,7.831408119658119,12.76909573247544
