STATIONID,parameter,n,tau,mk_p,sen_slope,sen_ci_lower,sen_ci_upper,trend
SUNSUN1001,CHL_comp,22,-0.2844809221875645,0.07049032681089777,-0.02499999999999998,-0.05833333333333333,3.1249999999999334e-4,Stable
