parameter,non_na_n,tau,p.value,slope,trend,mean_value,percent_change
CHL_comp,98,0.06879865348201136,0.3166649442412641,0.006923050135374108,Stable,1.7560102040816326,0.3942488556890113
PH_epi,100,0.3098989898989899,4.885934968390515e-6,0.011428590118884795,Improving,6.4028,0.1784936296446054
SECCHI,100,0.11050505050505051,0.10315055683458718,0.01785716786980629,Stable,8.5917,0.20784207863177592
SPCD_epi,100,-0.3276767676767677,1.3535320990687438e-6,-0.07826094269752587,Improving,24.238,-0.3228853151973177
TP_epi,100,-0.21212121212121213,2.774078799603341e-4,-0.05631573190446817,Improving,5.8385,-0.9645582239353973
TP_hypo,100,-0.14404040404040405,0.03369225627033123,-0.05094408988952637,Improving,8.5113,-0.5985465192100662
