parameter,non_na_n,tau,p.value,slope,trend,mean_value,percent_change
CHL_comp,87,-0.025143781676888466,0.7331366539001465,-0.006052631578947368,Improving,7.213218390804598,-0.08391027764615107
PH_epi,80,0.021580537781119347,0.7806985378265381,4.2770167427701373e-4,Improving,7.3169625,0.005845344625956656
SECCHI,84,0.034990083426237106,0.6452294588088989,1.8561872909699255e-4,Improving,1.949602976190476,0.009520847647642163
SPCD_epi,79,0.07182326912879944,0.35164761543273926,0.0931818181818187,Worsening,147.5906329113924,0.06313531986664858
TP_epi,81,0.42098765432098767,NA,NA,Worsening,18.220123456790123,NA
TP_hypo,35,0.22521008403361345,NA,NA,Worsening,19.057142857142857,NA
