STATIONID,parameter,n,tau,mk_p,sen_slope,sen_ci_lower,sen_ci_upper,trend
MLLEWASD,SPCD_epi,17,0.20588235294117646,0.2660517601229595,0.6776666666666668,-0.6062499999999993,2.508333333333333,Stable
MLLEWASD,CHL_comp,17,0.14705882352941177,0.4338268403653006,0.17075238095238088,-0.34909090909090906,0.8309999999999998,Stable
MLLEWASD,PH_epi,17,0.2647058823529412,0.14937517875498976,0.018214285714285707,-0.010000000000000009,0.040000000000000036,Stable
MLLEWASD,SECCHI,12,0.1679438245519263,0.4918663579093069,0.03303571428571425,-0.04499999999999997,0.09999999999999998,Stable
MLLEWASD,TP_epi,17,0.07352941176470588,0.7108359248149255,0.26750000000000007,-0.875,1.4600000000000002,Stable
