STATIONID,PARAMETER,n,tau,mk_p,sen_slope,sen_ci_lower,sen_ci_upper,TREND
ANGSDND,SPCD_epi,22,0.4270243715864017,0.006172630466091198,3.557142857142858,1,5.983333333333334,Worsening
ANGSDND,CHL_comp,22,0.3731028300809543,0.016494882062136496,0.13272727272727272,0.026999999999999944,0.30384545454545453,Worsening
ANGSDND,PH_epi,21,0.3445015510579288,0.03187783423799515,0.015444444444444436,8.333333333333156e-4,0.03125,Improving
ANGSDND,SECCHI_NVS,23,-0.26323557080860793,0.08924737472568843,-0.04375,-0.0859375,0,Stable
ANGSDND,TP_epi,22,0.34499132350269485,0.027557379330182583,0.19999999999999996,0.018181818181818278,0.4,Worsening
ANGSDND,TP_hypo,22,0.27765792006024503,0.07553924511823114,0.4,-0.01538461538461533,0.8777777777777777,Stable
