parameter,non_na_n,tau,p.value,slope,trend,mean_value,percent_change
CHL_comp,246,-0.07471764832735062,0.08139151334762573,-0.004076923076923075,Improving,6.275771951219512,-0.06496289394535512
PH_epi,240,-0.02407812885940075,0.5810247659683228,-1.3888888888888593e-4,Worsening,6.783083333333333,-0.0020475775110466374
SECCHI,240,0.05936402827501297,0.1776806116104126,6.80272108843538e-4,Improving,2.8412083333333333,0.02394305622936971
SPCD_epi,243,0.09337621927261353,0.030327677726745605,0.053846153846154064,Worsening,143.9502880658436,0.03740607578466571
TP_epi,242,-0.06001165940811358,NA,NA,Improving,13.14702479338843,NA
TP_hypo,243,0.02268476005849743,NA,NA,Worsening,21.1798353909465,NA
