parameter,non_na_n,tau,p.value,slope,trend,mean_value,percent_change
CHL_comp,95,0.00965427327901125,0.8925714492797852,2.9411764705881727e-4,Worsening,2.2175126315789475,0.013263403458017515
PH_epi,101,0.04015134647488594,0.5552619695663452,8.333333333333156e-4,Improving,6.147722772277228,0.013555154716656716
SECCHI,103,-0.06228068098425865,0.3569985628128052,-0.005555555555555552,Worsening,8.162621359223301,-0.06806092443915812
SPCD_epi,100,0.1036229133605957,0.1280210018157959,0.013043478260869596,Worsening,19.0444,0.06848983565179054
TP_epi,102,0.05765870704717531,NA,NA,Worsening,6.122156862745098,NA
TP_hypo,101,-0.009702970297029703,NA,NA,Improving,6.731584158415842,NA
