parameter,non_na_n,tau,p.value,slope,significant,slope_dir,trend,mean_value,percent_change
CHL_comp,64,0.06365012377500534,0.4617732763290405,0.004250841750841749,FALSE,NA,Stable,2.299734375,0.1848405536331451
PH_epi,64,0.14171910285949707,0.10092520713806152,0.002444444444444442,FALSE,NA,Stable,6.88015625,0.03552890887390009
SECCHI,64,0.01351065095514059,0.8801637887954712,0,FALSE,NA,Stable,6.2078515625,0
SPCD_epi,65,-0.16301995515823364,0.0556739866733551,-0.2482482993197278,FALSE,NA,Stable,93.73092307692308,-0.2648520799437721
TP_epi,64,0.017052190378308296,0.8482074737548828,0,FALSE,NA,Stable,7.0490625,0
TP_hypo,65,-0.15814915299415588,0.06407342851161957,-0.18333333333333313,FALSE,NA,Stable,28.724307692307693,-0.6382515300183523
