parameter,non_na_n,tau,p.value,slope,significant,slope_dir,trend,mean_value,percent_change
CHL_comp,47,0.1441882997751236,0.15764331817626953,0.008571428571428563,FALSE,NA,Stable,1.490704255319149,0.5749918899636791
PH_epi,47,0.030583929270505905,0.7691370248794556,9.090909090909098e-4,FALSE,NA,Stable,6.299840425531915,0.014430379941157834
SECCHI,48,0.07525324821472168,0.48089683055877686,0,FALSE,NA,Stable,2.5375,0
SPCD_epi,47,-0.06209464371204376,0.5449452996253967,-0.024705882352941067,FALSE,NA,Stable,18.059255319148935,-0.13680454656812152
TP_epi,45,0.0010262969881296158,1,0,FALSE,NA,Stable,9.285777777777778,0
TP_hypo,13,-0.19878451526165009,0.3879852294921875,-0.20416666666666666,FALSE,NA,Stable,16.46923076923077,-1.2396855052156313
