parameter,non_na_n,tau,p.value,slope,trend,mean_value,percent_change
CHL_comp,117,-0.12888483703136444,0.03994384780526161,-0.009245253164556964,Improving,4.341261538461539,-0.21296236318978623
SPCD_epi,115,0.5720612406730652,0,0.12290322580645169,Worsening,31.279260869565217,0.39292241053571947
PH_epi,115,-0.12877793610095978,0.04296611249446869,-0.0014606741573033697,Worsening,6.678260869565217,-0.021872073970037438
TP_epi,119,-0.043630000203847885,0.49129927158355713,-1.9999999999999573e-4,Stable,11.285210084033613,-0.0017722310751038387
TP_hypo,116,0.01996767893433571,0.7560557126998901,0,Stable,12.527758620689655,0
SECCHI,117,0.14242829382419586,0.02421247959136963,0.00476190476190475,Improving,4.091623931623932,0.11638177998472085
