parameter,non_na_n,tau,p.value,slope,trend,mean_value,percent_change
CHL_comp,23,-0.1146245151758194,0.4596077799797058,-0.07789473684210524,Stable,7.221739130434782,-1.0786146582591334
SPCD_epi,25,0.5041742920875549,4.5800209045410156e-4,1.3656250000000012,Worsening,98.4468,1.387170532714117
PH_epi,25,-0.06689000129699707,0.657052218914032,-0.00464114832535884,Stable,7.1056,-0.06531676882119511
TP_epi,25,0.0406838059425354,0.7965273857116699,0.005277777777777778,Stable,10.9496,0.048200644569461694
TP_hypo,26,0.3188915550708771,0.0243988037109375,0.45217391304347837,Worsening,17.467692307692307,2.5886299407984934
SECCHI,26,0.03081667795777321,0.842714786529541,0.004285714285714258,Stable,3.1278846153846156,0.13701638048394799
