STATIONID,parameter,n,tau,mk_p,sen_slope,sen_ci_lower,sen_ci_upper,trend
SUNSUN2D,SPCD_epi,40,0.6794871794871795,7.120057133744851e-10,0.9097689075630249,0.7884615384615384,1.0739130434782609,Worsening
SUNSUN2D,CHL_comp,39,-0.10034011300045297,0.3769297459391168,-0.004615384615384619,-0.015588235294117648,0.006521739130434779,Stable
SUNSUN2D,PH_epi,40,0.16925573157485738,0.1295175656203039,0.003429276315789475,-8.695652173912858e-4,0.007999999999999948,Stable
SUNSUN2D,SECCHI,39,0.15020352707111467,0.18317400996012678,0.013076923076923071,-0.007692307692307665,0.03285714285714292,Stable
SUNSUN2D,TP_hypo,40,0.27264367260507877,0.01893542945166612,0.045454545454545456,0,0.09375,Worsening
SUNSUN2D,TP_epi,37,-0.02177856932359693,0.8707759649217243,0,-0.029411764705882353,0.010416666666666666,Stable
