parameter,non_na_n,tau,p.value,slope,significant,slope_dir,trend,mean_value,percent_change
CHL_comp,15,0.16190475225448608,0.4284803867340088,0.06166666666666665,FALSE,NA,Stable,3.3549333333333333,1.8380891820999914
PH_epi,15,0.29809069633483887,0.1366811990737915,0.025000000000000133,FALSE,NA,Stable,6.518666666666666,0.3835140110452056
SECCHI,15,-0.1428571343421936,0.48842233419418335,-0.039583333333333304,FALSE,NA,Stable,4.6,-0.8605072463768111
SPCD_epi,15,0.21904760599136353,0.2762784957885742,0.6833333333333336,FALSE,NA,Stable,60.404666666666664,1.1312591742359868
TP_epi,15,-0.060393836349248886,0.8002923727035522,0,FALSE,NA,Stable,4.793333333333333,0
TP_hypo,14,0.05494505167007446,0.8266658782958984,0.050000000000000044,FALSE,NA,Stable,8.016428571428571,0.6237191481778496
