parameter,non_na_n,tau,p.value,slope,significant,slope_dir,trend,mean_value,percent_change
CHL_comp,70,0.15036416053771973,0.0671682357788086,0.004999999999999999,FALSE,increasing,Worsening (weak),1.2725157142857142,0.39292245619195265
PH_epi,83,-0.1131814494729042,0.13287264108657837,-0.0025806451612903247,FALSE,decreasing,Worsening (weak),6.188734939759036,-0.041699073985398454
SECCHI,69,-0.07563638687133789,0.36438125371932983,-0.009966914805624448,FALSE,decreasing,Worsening (weak),10.808985507246376,-0.09220953066263803
SPCD_epi,71,0.09065276384353638,0.26616597175598145,0.0111764705882353,FALSE,increasing,Worsening (weak),16.95894366197183,0.06590310582431524
TP_epi,70,0.041604336351156235,0.6560137271881104,0,FALSE,NA,Stable,4.186142857142857,0
TP_hypo,70,0.08056256175041199,0.3420501947402954,2.631578947368599e-4,FALSE,increasing,Worsening (weak),6.061571428571429,0.004341413737969925
