parameter,non_na_n,tau,p.value,slope,trend,mean_value,percent_change
CHL_comp,34,0.5561497326203209,3.8741944472509005e-6,0.146231231689453,Worsening,3.3716411764705883,4.337093540971845
PH_epi,33,0.5,4.479951607150312e-5,0.03500000178813931,Improving,6.168030303030303,0.5674421179633973
SECCHI,32,-0.4475806451612903,1.8318872459266444e-4,-0.01875002980232221,Worsening,2.68828125,-0.6974727738149499
SPCD_epi,34,0.10160427807486631,0.4057545995334726,0.04791659643873519,Stable,19.48044117647059,0.24597285043323944
TP_epi,33,0.42424242424242425,5.298910457922634e-4,0.22499999359250206,Worsening,9.363333333333333,2.4029903196066438
TP_hypo,12,0.045454545454545456,0.889127641864284,0.11428576707839966,Stable,8.741666666666667,1.3073681648625317
