parameter,non_na_n,tau,p.value,slope,trend,mean_value,percent_change
CHL_comp,83,-0.11871877754922128,0.11272847551497156,-0.04259763336181663,Stable,5.959699397590361,-0.7147614421465586
PH_epi,82,0.08250526949713942,0.27378452949805987,0.003333274126052946,Stable,6.886109756097561,0.04840576528861416
SECCHI,83,-0.089920658242727,0.2296116472448544,-0.0071709096431733805,Stable,4.53921686746988,-0.15797680200220052
SPCD_epi,82,0.6172839506172839,2.220446049250313e-16,1.2133255004882848,Worsening,75.14865853658537,1.614567078263399
TP_epi,63,0.16538658474142345,0.05581628234371672,0.0644068717956543,Stable,8.721428571428572,0.7384899304989027
TP_hypo,62,-0.010047593865679535,0.9128269267276274,-0.0033973324298871973,Stable,28.74951612903226,-0.011817007335495478
