STATIONID,parameter,n,tau,mk_p,sen_slope,sen_ci_lower,sen_ci_upper,trend
NMOUHAVD,SPCD_epi,32,0.40322580645161293,0.0012506303657648867,0.7119642857142862,0.31190476190476246,1.25,Worsening
NMOUHAVD,CHL_comp,32,-0.026236138483559487,0.8456880728261051,-0.0159963768115942,-0.119,0.06666666666666672,Stable
NMOUHAVD,PH_epi,30,-0.0671312483617317,0.617056365129673,-0.001538461538461574,-0.009999999999999913,0.004999999999999978,Stable
NMOUHAVD,SECCHI_NVS,32,-0.30598163644603205,0.014921348206311117,-0.038760504201680694,-0.07777777777777779,-0.007692307692307665,Worsening
NMOUHAVD,TP_hypo,32,0.02650523412427642,0.8454201722697242,0.00944444444444452,-0.12999999999999998,0.21999999999999992,Stable
NMOUHAVD,TP_epi,32,0.11044076403724172,0.38878817310106545,0.027083333333333424,-0.064,0.11130434782608706,Stable
