parameter,non_na_n,tau,p.value,slope,significant,slope_dir,trend,mean_value,percent_change
CHL_comp,38,0.0740213692188263,0.521381139755249,0.009999999999999787,FALSE,increasing,Worsening (weak),3.7889473684210526,0.2639255452146075
PH_epi,38,0.11199339479207993,0.3324012756347656,0.00235294117647059,FALSE,increasing,Improving (weak),6.418947368421053,0.036656184284143335
SECCHI,38,0.03285744786262512,0.7819890975952148,0.0016666666666666312,FALSE,increasing,Improving (weak),3.957171052631579,0.04211763010745448
SPCD_epi,38,-0.025622783228754997,0.8307503461837769,-0.013571428571428916,FALSE,decreasing,Improving (weak),31.40684210526316,-0.043211694209634076
TP_epi,38,0.09978640079498291,0.38557660579681396,0.020000000000000018,FALSE,increasing,Worsening (weak),7.969736842105263,0.2509493148423314
TP_hypo,37,-0.01956363022327423,0.8752552270889282,-0.01208333333333339,FALSE,decreasing,Improving (weak),11.561351351351352,-0.1045148872836654
