parameter,non_na_n,tau,p.value,slope,trend,mean_value,percent_change
CHL_comp,43,-0.2725761830806732,0.010342334397137165,-0.028000000000000025,Improving,2.347620930232558,-1.1926968123097417
SPCD_epi,63,0.5023099184036255,0,2.3137254901960786,Worsening,353.6190476190476,0.6542988862660606
PH_epi,43,0.2747524380683899,0.010003328323364258,0.012999999999999989,Improving,7.30953488372093,0.17784989341732668
TP_epi,43,0.2398676574230194,0.024405717849731445,0.05029411764705885,Worsening,8.434651162790697,0.5962797592499188
TP_hypo,43,0.28365132212638855,0.00782620906829834,0.125,Worsening,17.152093023255816,0.7287740325948423
SECCHI,42,-0.07005350291728973,0.5223226547241211,-0.007352941176470588,Stable,5.906642857142857,-0.1244859618959141
