STATIONID,parameter,n,tau,mk_p,sen_slope,sen_ci_lower,sen_ci_upper,trend
WEBFRKD,SPCD_epi,40,0.2,0.07093234307299706,0.12389880952380958,-0.01111111111111048,0.27054054054054066,Stable
WEBFRKD,CHL_comp,40,0.050032082133554485,0.6579325629650099,0.009035714285714262,-0.02819444444444446,0.04573529411764704,Stable
WEBFRKD,PH_epi,40,-0.051613977409250916,0.6493109236596535,-0.001176470588235295,-0.00593750000000004,0.004117647058823494,Stable
WEBFRKD,SECCHI_NVS,40,-0.3124783753201732,0.005399984830292418,-0.023623511904761904,-0.044444444444444384,-0.008750000000000036,Worsening
WEBFRKD,TP_hypo,40,-0.20334771903974466,0.06724385515977742,-0.30416666666666664,-0.7142857142857143,0.026470588235294076,Stable
WEBFRKD,TP_epi,40,-0.012971052376128266,0.9163440065722694,0,-0.07321428571428568,0.05999999999999996,Stable
