parameter,non_na_n,tau,p.value,slope,trend,mean_value,percent_change
CHL_comp,32,-0.06048387096774194,0.6378628993134234,-0.00438328504562391,Stable,1.343453125,-0.32627003979940944
PH_epi,32,0.16330645161290322,0.19391799290805078,0.007608361244201315,Stable,6.22671875,0.12218893368519841
SECCHI,32,-0.14919354838709678,0.230294884815474,-0.008928554505109845,Stable,5.22265625,-0.17095811169095887
SPCD_epi,32,-0.5383064516129032,1.5831496489537855e-5,-0.16321105957031326,Improving,16.69796875,-0.9774306205376821
TP_epi,31,0.35913978494623655,0.004544871441866327,0.09234380349516869,Worsening,8.092903225806452,1.1410466790299063
TP_hypo,27,0.35327635327635326,0.010166575578682169,0.1716667074710131,Worsening,9.956296296296296,1.724202478133083
