parameter,non_na_n,tau,p.value,slope,trend,mean_value,percent_change
CHL_comp,114,-0.0034244018606841564,0.9589803814888,0,Stable,3.070097368421053,0
SPCD_epi,116,0.2815127372741699,7.62939453125e-6,0.11039351851851847,Worsening,70.31431034482759,0.15700007292560916
PH_epi,116,-0.06450825929641724,0.30918556451797485,-5.660377358490528e-4,Stable,6.75451724137931,-0.008380136072218608
TP_epi,116,0.09345479309558868,0.14700627326965332,0.004303030303030315,Stable,7.435431034482758,0.05787196845851254
TP_hypo,113,-0.1506795436143875,0.019765252247452736,-0.027836444692114805,Improving,14.58424778761062,-0.19086650952106
SECCHI,109,-0.07934824377298355,0.22958242893218994,-0.0029411764705882353,Stable,5.899862385321101,-0.04985161141903755
