parameter,non_na_n,tau,p.value,slope,trend,mean_value,percent_change
CHL_comp,80,-0.020572874695062637,0.7903156876564026,-0.008177884615384635,Stable,13.28171375,-0.06157251066628834
SPCD_epi,82,0.3427559733390808,5.7220458984375e-6,1.1578947368421053,Worsening,315.4939024390244,0.3670101792429703
PH_epi,82,0.05832616239786148,0.4418766498565674,9.756097560975618e-4,Stable,7.134390243902439,0.01367474616252437
TP_epi,82,0.0454762764275074,0.5505069494247437,0.013333333333333404,Stable,29.140243902439025,0.04575573690451304
TP_hypo,54,0.16831491887569427,0.07554745674133301,0.17999999999999997,Stable,34.55740740740741,0.520872407695193
SECCHI,83,-0.0783056989312172,0.30962520837783813,-0.0016025641025641025,Stable,2.039774096385542,-0.07856576399336715
