parameter,non_na_n,tau,p.value,slope,trend,mean_value,percent_change
CHL_comp,39,0.20526674389839172,0.06773567199707031,0.026500000000000013,Stable,3.1077820512820513,0.852698148155788
SPCD_epi,38,-0.19928830862045288,0.08052761852741241,-0.31111111111111156,Stable,79.60078947368422,-0.3908392280631387
PH_epi,38,0.03431065380573273,0.7723294496536255,7.692307692307529e-4,Stable,6.708157894736842,0.011467093966799501
TP_epi,38,0.1519215703010559,0.21468067169189453,0,Stable,6.230526315789474,0
TP_hypo,38,0.042036447674036026,0.7240461111068726,0.0038461538461538325,Stable,9.181052631578947,0.04189229710899038
SECCHI,41,-0.370017945766449,7.43765733204782e-4,-0.03796551724137927,Worsening,4.461890243902439,-0.8508841581942194
