parameter,non_na_n,tau,p.value,slope,trend,mean_value,percent_change
CHL_comp,38,-0.05263157933950424,0.6508450508117676,-0.02,Stable,5.205007894736842,-0.3842453345790972
SPCD_epi,37,0.04812035337090492,0.6850992441177368,0.04384236453201945,Stable,81.65945945945946,0.05368926615756668
PH_epi,36,-0.29117026925086975,0.013149555772542953,-0.00999999999999998,Worsening,7.326666666666666,-0.13648771610555022
TP_epi,38,-0.05214468017220497,0.6589215993881226,-0.008999999999999985,Stable,8.531578947368422,-0.10549043800123362
TP_hypo,38,0.39685988426208496,5.356073379516602e-4,0.35000000000000003,Worsening,15.83,2.2109917877447884
SECCHI,38,0.10928025841712952,0.34501028060913086,0.011956521739130432,Stable,4.171644736842105,0.28661409332237153
