stationid,parameter,n,tau,mk_p,sen_slope,sen_ci_lower,sen_ci_upper,trend
STEMAND,SECCHI,88,-0.14147031948997402,0.05283668255351291,-0.004437412095639944,-0.009325396825396823,0,Stable
STEMAND,TP_epi,86,0.06084923771571097,0.4116873338496775,0.0302325581395349,-0.03999999999999997,0.09999999999999999,Stable
STEMAND,SPCD_epi,87,-0.08962014657288372,0.22075720976779226,-1.4464285714285714,-4,0.88,Stable
STEMAND,PH_epi,87,-0.08813771404925852,0.23045638134101762,-0.0013157894736842291,-0.0035714285714285587,8.33333333333334e-4,Stable
STEMAND,TP_hypo,84,0.20287386475527477,0.006454848594325615,0.3588888888888889,0.10714285714285714,0.6084745762711865,Worsening
STEMAND,CHL_comp,83,0.09348817607524564,0.21250793655034972,0.025999999999999978,-0.020156250000000004,0.06541666666666668,Stable
STEMAND,Year,88,0.984864560595427,6.655851920907695e-41,0.3125,0.3,0.32142857142857145,Stable
