parameter,non_na_n,tau,p.value,slope,trend,mean_value,percent_change
CHL_comp,121,-0.007725211791694164,0.9019298553466797,-4.347826086956542e-4,Improving,5.00996694214876,-0.008678352845761038
PH_epi,121,-0.07987919449806213,0.19681058824062347,-9.090909090909167e-4,Worsening,6.950826446280992,-0.013078889483383973
SECCHI,120,-0.15145818889141083,0.015382762998342514,-0.004371044303797476,Worsening,3.8193333333333332,-0.11444521654208788
SPCD_epi,122,-0.03515205904841423,0.5680191516876221,-0.007012987012987002,Improving,42.732540983606555,-0.016411350346981213
TP_epi,122,-0.05487061373797589,NA,NA,Improving,9.599180327868853,NA
TP_hypo,121,-0.10922865013774105,NA,NA,Improving,16.73876033057851,NA
