STATIONID,parameter,n,tau,mk_p,sen_slope,sen_ci_lower,sen_ci_upper,trend
WHIHOLD,SPCD_epi,37,0.4646621795041463,5.60182753032715e-5,0.4143500948766603,0.27230769230769225,0.6040000000000001,Worsening
WHIHOLD,CHL_comp,37,-0.16679193287500582,0.15020719803509863,-0.03394688644688647,-0.08187499999999999,0.014565217391304385,Stable
WHIHOLD,PH_epi,37,0.112952319606328,0.3329602295532722,0.0035248447204969053,-0.005999999999999872,0.010714285714285612,Stable
WHIHOLD,SECCHI,20,-0.20690310266519743,0.21689226083711044,-0.024038461538461533,-0.054166666666666696,0.016666666666666607,Stable
WHIHOLD,TP_hypo,37,-0.06991398206342482,0.5554863459248767,-0.037980769230769235,-0.16666666666666666,0.09090909090909091,Stable
WHIHOLD,TP_epi,37,0.019958896292497842,0.8747152948824134,0,-0.06200000000000001,0.08823529411764706,Stable
