parameter,non_na_n,tau,p.value,slope,trend,mean_value,percent_change
CHL_comp,22,0.37662339210510254,0.015307426452636719,0.12687499999999996,Worsening,4.7588954545454545,2.6660598286271537
SPCD_epi,23,0.03557312488555908,0.8326659202575684,0.056538461538461496,Stable,40.58195652173913,0.13931921076346998
PH_epi,23,0.369050532579422,0.015038132667541504,0.014999999999999902,Improving,6.227608695652174,0.24086291758299141
TP_epi,22,0.41140320897102356,0.008598089218139648,0.3181818181818182,Worsening,12.365454545454545,2.5731510072048227
TP_hypo,5,NA,NA,NA,insufficient data,18.4,NA
SECCHI,24,-0.3315168023109436,0.025452861562371254,-0.025000000000000022,Worsening,2.012395833333333,-1.2423003261038368
