stationid,parameter,n,tau,mk_p,sen_slope,sen_ci_lower,sen_ci_upper,trend
JENNORD,SECCHI,54,-0.09624299371098154,0.30999765057820183,-0.008039215686274494,-0.024999999999999998,0.008235294117647066,Stable
JENNORD,TP_epi,52,0.1363881672274859,0.15960299573642708,0.033874999999999995,-0.009230769230769171,0.07653846153846154,Stable
JENNORD,SPCD_epi,51,0.20086309901936997,0.03833710604039366,0.41730769230769266,0.030937500000000284,0.713030303030303,Worsening
JENNORD,PH_epi,51,0.2565935024619371,0.008276896292360942,0.007222222222222217,0.002045454545454542,0.013076923076923071,Improving
JENNORD,TP_hypo,53,0.029348805928317206,0.764501455183539,0.003077651515151504,-0.04777777777777778,0.06851851851851853,Stable
JENNORD,CHL_comp,54,0.084615405304762,0.37062778607267693,0.014062499999999978,-0.014487179487179485,0.048571428571428564,Stable
JENNORD,Year,57,0.9877063884446815,7.818823158744594e-27,0.45454545454545453,0.42857142857142855,0.4878048780487805,Stable
