parameter,non_na_n,MK,SEN,tau,p.value,slope,significant,slope_dir,trend,mean_value,percent_change
CHL_comp,36,,,-0.29206353425979614,0.012680319137871265,1,TRUE,increasing,Worsening,4.0484,24.70111649046537
PH_epi,36,,,-0.05741692706942558,0.6333433389663696,1,FALSE,NA,Stable,6.650296296296297,15.036924002272245
SECCHI,36,,,-0.05242257937788963,0.6629027128219604,1,FALSE,NA,Stable,4.8203657407407405,20.745313816090874
SPCD_epi,36,,,0.35163185000419617,0.002722620964050293,1,TRUE,increasing,Worsening,30.755324074074075,3.25146955886891
TP_epi,36,,,-0.041467782109975815,0.733304500579834,1,FALSE,NA,Stable,8.80351851851852,11.359094638086622
TP_hypo,36,,,0.03503202274441719,0.7747535705566406,1,FALSE,NA,Stable,12.007962962962964,8.327807164998534
