parameter,non_na_n,tau,p.value,slope,trend,mean_value,percent_change
CHL_comp,94,0.043318890035152435,0.5391345024108887,0.0029999999999999988,Worsening,3.434218085106383,0.08735612956586788
PH_epi,92,0.009125969372689724,0.9006565809249878,0,Improving,6.638152173913044,0
SECCHI,93,0.009177755564451218,0.8995997905731201,0,Improving,3.9172043010752686,0
SPCD_epi,92,0.02491026744246483,0.7282543182373047,0.003410852713178263,Worsening,25.108152173913044,0.013584642507950398
TP_epi,94,-0.12743079386867995,NA,NA,Improving,8.92691489361702,NA
TP_hypo,94,-0.07664150080073209,NA,NA,Improving,16.40776595744681,NA
