parameter,non_na_n,tau,p.value,slope,trend,mean_value,percent_change
CHL_comp,74,0.06483884900808334,0.41676437854766846,0.007049180327868848,Stable,4.954818918918919,0.14226918164361277
PH_epi,75,0.16205579042434692,0.040836453437805176,0.003488372093023264,Improving,6.329106666666667,0.05511634226984004
SECCHI,75,0.11548645794391632,0.15120255947113037,0.003225806451612892,Stable,2.915966666666667,0.11062562849185147
SPCD_epi,75,-0.027451762929558754,0.7315038442611694,-0.006896551724137907,Stable,27.838266666666666,-0.024773639130326267
TP_epi,75,0.03063063063063063,0.7000710397225516,4.6566128730773926e-8,Stable,11.2256,4.1482084459426603e-7
TP_hypo,76,0.0992982456140351,0.20471815302256213,0.07500000018626451,Stable,15.085526315789474,0.49716528688670764
