STATIONID,PARAMETER,n,tau,mk_p,sen_slope,sen_ci_lower,sen_ci_upper,TREND
WILSWAD,SPCD_epi,28,0.5502645502645502,4.321186065956331e-5,2.362579365079366,1.4024999999999999,3.7666666666666657,Worsening
WILSWAD,CHL_comp,28,-0.037234569302182524,0.7971255196274999,-0.007906698564593296,-0.04749999999999999,0.039999999999999925,Stable
WILSWAD,PH_epi,27,0.2746806413997892,0.04750736795329632,0.011249999999999982,0,0.02160000000000011,Improving
WILSWAD,SECCHI_NVS,28,-0.1497411847903656,0.2763960024648121,-0.013961038961038952,-0.0425,0.012500000000000067,Stable
WILSWAD,TP_epi,28,0.4109068703943436,0.002730808816527638,0.19814814814814813,0.07142857142857142,0.3333333333333333,Worsening
WILSWAD,TP_hypo,17,0.4001396245140527,0.030787907941280977,0.4256493506493506,0,0.75,Worsening
