parameter,non_na_n,tau,p.value,slope,trend,mean_value,percent_change
CHL_comp,33,-0.017061619088053703,0.9013388752937317,-0.0019285714285714193,Improving,4.62332479338843,-0.041713950776925
PH_epi,33,0.18631312251091003,0.13263273239135742,0.006733333333333409,Improving,6.612121212121212,0.10183318056828712
SECCHI,33,-0.041825395077466965,0.7447534203529358,-0.003788461538461536,Worsening,4.260151515151515,-0.0889278591380522
SPCD_epi,33,-0.13257575035095215,0.28501808643341064,-0.2829761904761906,Improving,64.1809090909091,-0.4409039922999046
TP_epi,33,-0.21401515151515152,NA,NA,Improving,7.878181818181818,NA
TP_hypo,33,0.26704545454545453,NA,NA,Worsening,23.503030303030304,NA
