STATIONID,parameter,n,tau,mk_p,sen_slope,sen_ci_lower,sen_ci_upper,trend
SUNSUN090,CHL_comp,39,-0.27469654049942593,0.014514007413195711,-0.015384615384615385,-0.026428571428571426,-0.0029629629629629654,Improving
