parameter,non_na_n,tau,p.value,slope,trend,mean_value,percent_change
CHL_comp,178,0.028402604162693024,0.5747361183166504,0.0019487179487179618,Worsening,5.5444876404494385,0.03514694368693728
PH_epi,178,0.023135211318731308,0.6496337652206421,1.3513513513513226e-4,Improving,6.602483146067415,0.0020467319968188293
SECCHI,180,0.04440638795495033,0.38268959522247314,7.29927007299269e-4,Improving,3.452872222222222,0.021139705159129746
SPCD_epi,179,0.002389264293015003,0.9631822109222412,0,Worsening,45.28256983240223,0
TP_epi,179,0.2288619672336953,NA,NA,Worsening,14.395810055865923,NA
TP_hypo,176,0.1535064935064935,NA,NA,Worsening,53.106818181818184,NA
