parameter,non_na_n,MK,SEN,tau,p.value,slope,significant,slope_dir,trend,mean_value,percent_change
CHL_comp,23,,,0.12252964824438095,0.4281778335571289,1,FALSE,NA,Stable,4.380873188405797,22.826499581100652
PH_epi,23,,,0.06719367951154709,0.6726109981536865,1,FALSE,NA,Stable,6.7275,14.864362690449648
SECCHI,22,,,-0.06941448152065277,0.6721951365470886,1,FALSE,NA,Stable,4.036875,24.77163647623471
SPCD_epi,23,,,0.39920949935913086,0.008265018463134766,1,TRUE,increasing,Worsening,55.98061594202899,1.7863326138382527
TP_epi,23,,,-0.1620553433895111,0.2907770872116089,1,FALSE,NA,Stable,9.07027536231884,11.025023607930986
TP_hypo,23,,,0.5306941270828247,4.4167041778564453e-4,1,TRUE,increasing,Worsening,19.721463768115942,5.070617535077282
