parameter,non_na_n,tau,p.value,slope,significant,slope_dir,trend,mean_value,percent_change
CHL_comp,28,0.06092720106244087,0.663759708404541,0.019285714285714302,FALSE,NA,Stable,4.256678571428571,0.45306954617533834
PH_epi,28,0.00533350370824337,0.9842170476913452,0,FALSE,NA,Stable,6.762142857142857,0
SECCHI,28,0.0053050583228468895,0.9842314720153809,4.166666666666578e-4,FALSE,NA,Stable,3.0315714285714286,0.013744247050876983
SPCD_epi,28,-0.1111111044883728,0.4179302453994751,-0.7541666666666658,FALSE,NA,Stable,163.25,-0.46197039305768195
TP_epi,28,-0.06141790375113487,0.6632243990898132,-0.015629629629629667,FALSE,NA,Stable,10.98857142857143,-0.14223531904239164
TP_hypo,28,0.11451651901006699,0.4061470031738281,0.1484126984126985,FALSE,NA,Stable,26.021785714285713,0.5703401758904707
