parameter,non_na_n,MK,SEN,tau,p.value,slope,significant,slope_dir,trend,mean_value,percent_change
CHL_comp,19,,,-0.111111119389534,0.5288645029067993,1,FALSE,NA,Stable,6.511620701754386,15.35715985009041
PH_epi,19,,,0.04093567654490471,0.8337352275848389,1,FALSE,NA,Stable,6.736663157894737,14.844144297582904
SECCHI,19,,,0.21637429296970367,0.2078566551208496,1,FALSE,NA,Stable,2.0015964912280704,49.960119553689594
SPCD_epi,19,,,0.3801169991493225,0.02515089511871338,1,TRUE,increasing,Worsening,212.82631578947368,0.4698667062343893
TP_epi,19,,,0.2580656409263611,0.132246732711792,1,FALSE,NA,Stable,18.16561403508772,5.504906126863942
TP_hypo,19,,,0.5789474248886108,6.067752838134766e-4,1,TRUE,increasing,Worsening,28.348070175438597,3.5275769878205763
