STATIONID,parameter,n,tau,mk_p,sen_slope,sen_ci_lower,sen_ci_upper,trend
SUNSUN1D,SPCD_epi,40,0.6846153846153846,5.298412228784489e-10,0.9083089668615982,0.7727272727272727,1.0714285714285714,Worsening
SUNSUN1D,CHL_comp,39,-0.09871555128592623,0.38366348548323514,-0.003333333333333336,-0.015,0.006750000000000011,Stable
SUNSUN1D,PH_epi,40,0.34816833753243814,0.0017116023282015133,0.007812500000000024,0.0034374999999999822,0.011973684210526317,Improving
SUNSUN1D,TP_hypo,40,0.2822877111358154,0.01566592859788604,0.03571428571428571,0,0.07692307692307693,Worsening
SUNSUN1D,TP_epi,37,0.03497778820751982,0.7810205912045316,0,-0.025,0.052083333333333336,Stable
