STATIONID,PARAMETER,n,tau,mk_p,sen_slope,sen_ci_lower,sen_ci_upper,TREND
LONLEMD,SPCD_epi,30,-0.7655172413793103,3.1569363930991144e-9,-0.31499999999999995,-0.38,-0.2604545454545455,Improving
LONLEMD,CHL_comp,32,0.050454112468383626,0.697094134497386,0.0030952380952380953,-0.017400000000000002,0.021428571428571436,Stable
LONLEMD,PH_epi,30,0.4096665543286067,0.0015865667329405667,0.02925925925925926,0.013124999999999998,0.04285714285714283,Improving
LONLEMD,SECCHI_NVS,35,-0.494938787546918,3.330440343183332e-5,-0.11000000000000014,-0.14687499999999998,-0.07142857142857142,Worsening
LONLEMD,TP_epi,31,-0.22133468214166727,0.13069677635635665,0,0,0,Stable
LONLEMD,TP_hypo,31,0.024514456015302305,0.8636661982047547,0,-0.12749999999999995,0.09823529411764706,Stable
