parameter,non_na_n,tau,p.value,slope,trend,mean_value,percent_change
CHL_comp,54,0.010489513166248798,0.9168111085891724,0.00235294117647059,Worsening,4.886297222222222,0.04815386926873237
PH_epi,53,-0.06559829413890839,0.4946317672729492,-0.0013278495887191688,Worsening,6.912547169811321,-0.0192092662241524
SECCHI,55,-0.04233941435813904,0.6573089957237244,-0.0019230769230769162,Worsening,2.694272727272727,-0.07137647587085764
SPCD_epi,53,-0.005805515218526125,0.9571782350540161,-0.025288376220052998,Improving,169.87245283018868,-0.01488668456758688
TP_epi,51,-0.008627450980392156,NA,NA,Improving,9.227843137254903,NA
TP_hypo,48,-0.06648936170212766,NA,NA,Improving,14.646458333333333,NA
