STATIONID,parameter,n,tau,mk_p,sen_slope,sen_ci_lower,sen_ci_upper,trend
CLEHOPD,SPCD_epi,35,0.3969723859843831,8.448307397078552e-4,0.2480769230769232,0.13000000000000256,0.37200000000000016,Worsening
CLEHOPD,CHL_comp,35,0.010092518287738553,0.9433863571853836,0.0018181818181818197,-0.039999999999999994,0.08413043478260872,Stable
CLEHOPD,PH_epi,35,-0.11120507294598207,0.3558131358877121,-0.004375000000000018,-0.011666666666666655,0.0035714285714285587,Stable
CLEHOPD,SECCHI_NVS,35,0.04799561203034096,0.7003089581382962,8.620689655172536e-4,-0.010833333333333339,0.015,Stable
CLEHOPD,TP_hypo,35,-0.19333923142068518,0.11282861785530063,-0.07222222222222226,-0.25,0,Stable
CLEHOPD,TP_epi,35,-0.0885178514542654,0.46804433581890137,-0.02500000000000006,-0.08863636363636364,0.032142857142857154,Stable
