parameter,non_na_n,tau,p.value,slope,significant,slope_dir,trend,mean_value,percent_change
CHL_comp,29,-0.007398279849439859,0.9700682163238525,-0.00205263157894737,FALSE,NA,Stable,2.978913793103448,-0.06890537026279393
PH_epi,29,-0.2255309671163559,0.09104494750499725,-0.01154761904761904,FALSE,NA,Stable,6.4703448275862065,-0.1784699170650992
SECCHI,29,0.10238169133663177,0.45207762718200684,0.017261904761904756,FALSE,NA,Stable,5.171120689655172,0.33381361213319194
SPCD_epi,29,-0.06165233254432678,0.6525138020515442,-0.12000000000000194,FALSE,NA,Stable,68.40517241379311,-0.17542533081285727
TP_epi,29,0.13238798081874847,0.3353140354156494,0.05555555555555555,FALSE,NA,Stable,8.420689655172414,0.6597506597506597
TP_hypo,29,-0.06476553529500961,0.6481282711029053,0,FALSE,NA,Stable,8.789655172413793,0
