stationid,parameter,n,tau,mk_p,sen_slope,sen_ci_lower,sen_ci_upper,trend
WINNWHD,SECCHI,93,-0.08642712338066608,0.2254004926258186,-0.004556677890011221,-0.011111111111111072,0.0028124999999999956,Stable
WINNWHD,TP_epi,73,-0.043192409010467094,0.6017679857210763,0,-0.03428571428571427,0.015172413793103447,Stable
WINNWHD,SPCD_epi,73,0.5851895110041101,2.570019685706787e-13,0.5593202764976959,0.45999999999999996,0.6470588235294118,Worsening
WINNWHD,PH_epi,73,-0.014548511849390171,0.8600699620168636,-1.9090909090907797e-4,-0.002999999999999936,0.002325581395348829,Stable
WINNWHD,TP_hypo,73,0.20717687080258615,0.010455872304883068,0.08333333333333333,0.015999999999999945,0.14482758620689654,Worsening
WINNWHD,CHL_comp,81,0.15565166650420964,0.04021762438498745,0.019357843137254895,6.451612903225812e-4,0.04,Worsening
WINNWHD,Year,100,0.9896433394884944,2.730377910623376e-47,0.4107142857142857,0.39655172413793105,0.43023255813953487,Stable
