parameter,non_na_n,tau,p.value,slope,trend,mean_value,percent_change
CHL_comp,80,-0.02120253164556962,0.7835061950139255,-0.04030962347984422,Stable,13.28171375,-0.3034971558534321
PH_epi,82,0.058416139716952725,0.43860662833906705,0.005000039041042129,Stable,7.134390243902439,0.0700836213061869
SECCHI,83,-0.07757860711137232,0.2975690757768916,-0.008333384245634023,Stable,2.039774096385542,-0.4085444687429206
SPCD_epi,82,0.3408611863896417,5.652366745767523e-6,5.4615383958444,Worsening,315.4939024390244,1.7311074330192335
TP_epi,82,0.04185486299307437,0.5795743304995837,0.06666668499819944,Stable,29.140243902439025,0.2287787474305233
TP_hypo,54,0.1488469601677149,0.111795781288897,0.75000005904585,Stable,34.55740740740741,2.1703018695930494
