STATIONID,parameter,n,tau,mk_p,sen_slope,sen_ci_lower,sen_ci_upper,trend
BAXFARD,SPCD_epi,29,0.5812807881773399,1.04259963869347e-5,0.9887053571428577,0.6658333333333329,1.31375,Worsening
BAXFARD,CHL_comp,29,0.05672014176236072,0.6797898002836993,0.0075460526315789455,-0.05239130434782607,0.06647058823529414,Stable
BAXFARD,PH_epi,29,0.05204560863256835,0.7072620162467815,0.0017857142857143217,-0.009375000000000022,0.014000000000000058,Stable
BAXFARD,SECCHI,15,0.2679456508228335,0.18096405558226997,0.0433333333333333,-0.03333333333333336,0.125,Stable
BAXFARD,TP_hypo,24,0.3852376921133944,0.01124298232139334,0.229020979020979,0.005555555555555635,0.42857142857142855,Worsening
BAXFARD,TP_epi,29,0.060006751139276115,0.6653765892574373,0.022435897435897457,-0.08999999999999986,0.14285714285714285,Stable
