parameter,non_na_n,tau,p.value,slope,trend,mean_value,percent_change
CHL_comp,75,0.17712853848934174,0.02499091625213623,0.01758064516129032,Worsening,3.4499393333333335,0.5095928786754603
SPCD_epi,75,0.15604160726070404,0.048630595207214355,0.03888888888888905,Worsening,27.9544,0.13911544833331801
PH_epi,75,0.16682113707065582,0.035683512687683105,0.003023255813953486,Improving,6.45908,0.046806291514480174
TP_epi,75,0.21022909879684448,0.008244633674621582,0.02265624999999999,Worsening,9.733333333333333,0.2327696917808218
TP_hypo,75,0.32333800196647644,4.875659942626953e-5,0.10000000000000002,Worsening,14.1884,0.704801105128133
SECCHI,75,-0.3294106721878052,3.305479549453594e-5,-0.013642857142857194,Worsening,4.22298,-0.32306231956715864
