STATIONID,parameter,n,tau,mk_p,sen_slope,sen_ci_lower,sen_ci_upper,trend
STIRUMD,SPCD_epi,38,0.21509993334068156,0.05928365755458575,0.07647058823529437,-0.005000000000000071,0.15680000000000008,Stable
STIRUMD,CHL_comp,38,0.25249746133188644,0.026865142461377337,0.01499999999999999,0.0016666666666666607,0.029374999999999995,Worsening
STIRUMD,PH_epi,38,0.3139184007781726,0.006244349212232976,0.006764705882352954,0.0018750000000000155,0.012413793103448256,Improving
STIRUMD,SECCHI_NVS,38,-0.5362173875753116,2.6804816673857715e-6,-0.07800000000000001,-0.10555555555555557,-0.05000000000000012,Worsening
STIRUMD,TP_hypo,38,-0.13232804615660876,0.25929484716213685,-0.025714285714285672,-0.11555555555555556,0.012500000000000051,Stable
STIRUMD,TP_epi,38,-0.2894968231497475,0.02476925866939731,0,0,0,Improving
