STATIONID,parameter,n,tau,mk_p,sen_slope,sen_ci_lower,sen_ci_upper,trend
HIGSTDSD,SPCD_epi,32,-0.15322580645161293,0.22389580114431476,-0.10824561403508774,-0.2541666666666667,0.06972222222222237,Stable
HIGSTDSD,CHL_comp,32,-0.06451612903225808,0.6151681449180015,-0.015358974358974348,-0.09749999999999992,0.044047619047618995,Stable
HIGSTDSD,PH_epi,32,0.3211488252406722,0.010806657007021792,0.008888888888888898,0.0023333333333333426,0.013809523809523811,Improving
HIGSTDSD,SECCHI_NVS,32,0.07918981697545698,0.5372996694380445,0.003300438596491236,-0.010588235294117657,0.01666666666666668,Stable
HIGSTDSD,TP_hypo,18,-0.11574271077913614,0.5390003855667087,-0.038461538461538464,-0.16666666666666666,0.1,Stable
HIGSTDSD,TP_epi,32,-0.12180934363681271,0.3446179862320834,-0.020357142857142962,-0.08333333333333333,0.02105263157894739,Stable
