STATIONID,PARAMETER,n,tau,mk_p,sen_slope,sen_ci_lower,sen_ci_upper,TREND
HILALTD,SPCD_epi,37,0.3771601365011393,0.001075474893388888,0.22187500000000016,0.09411764705882361,0.49499999999999744,Worsening
HILALTD,CHL_comp,37,-0.021021021021021023,0.8649901175825423,-0.004968750000000022,-0.08500000000000026,0.06476190476190477,Stable
HILALTD,PH_epi,35,-0.10017497700158443,0.40942610175810773,-0.002222222222222175,-0.009499999999999887,0.004999999999999989,Stable
HILALTD,SECCHI_NVS,36,-0.2208697029485006,0.06559918292767433,-0.016666666666666663,-0.03166666666666667,0,Stable
HILALTD,TP_epi,37,0.17161325734415564,0.14231596505815972,0.06098684210526316,-0.02666666666666657,0.15999999999999998,Stable
HILALTD,TP_hypo,37,0.08498203264368663,0.47129963948436376,0.037750000000000034,-0.0625,0.14347826086956517,Stable
