parameter,non_na_n,tau,p.value,slope,trend,mean_value,percent_change
CHL_comp,75,0.17801801801801803,0.0239841623840491,0.05314439773559548,Worsening,3.4499393333333335,1.5404444136774815
PH_epi,75,0.16756756756756758,0.033555469735690124,0.008705749511718427,Improving,6.45908,0.13478311944918514
SECCHI,75,-0.3254054054054054,3.5917322056766565e-5,-0.03914794921875009,Worsening,4.22298,-0.927021894935569
SPCD_epi,75,0.1545945945945946,0.05000470461499207,0.11453012466430354,Stable,27.9544,0.40970339075173695
TP_epi,75,0.20756756756756756,0.008409610198666151,0.06602443695068382,Worsening,9.733333333333333,0.678333256342642
TP_hypo,75,0.3153153153153153,6.178319243277386e-5,0.29090906836092634,Worsening,14.1884,2.050330328725764
