parameter,non_na_n,tau,p.value,slope,trend,mean_value,percent_change
CHL_comp,80,-0.15886075949367087,0.037173640472975444,-0.02000001214444622,Improving,2.37216375,-0.8431126284787979
PH_epi,78,0.0675990675990676,0.38292983856658247,0.0024999248981479455,Stable,7.121846153846154,0.03510220305444061
SECCHI,77,0.09945317840054682,0.20148000182175774,0.012499973922968172,Stable,4.898019480519481,0.25520465920324253
SPCD_epi,80,0.6892405063291139,0,1.249999931361529,Worsening,71.5363125,1.7473642233956765
TP_epi,80,-0.06677215189873417,0.37800052815859453,-6.705522537231445e-8,Stable,7.138,-9.394119553420349e-7
TP_hypo,79,-0.059720869847452125,0.4342121277289901,-6.334856152534484e-8,Stable,7.6262025316455695,-8.30669802729139e-7
