stationid,parameter,n,tau,mk_p,sen_slope,sen_ci_lower,sen_ci_upper,trend
OSSOSSD,SECCHI,80,-0.05038826229759325,0.5115104068674717,-0.0039202508960573465,-0.015340909090909087,0.007371794871794863,Stable
OSSOSSD,TP_epi,81,0.004647594887776337,0.9544541301248074,0,-0.01571428571428572,0.016000000000000014,Stable
OSSOSSD,SPCD_epi,81,0.3350854079649602,9.993862560003028e-6,0.13067251461988305,0.07695652173913026,0.185,Worsening
OSSOSSD,PH_epi,81,0.06695661315233828,0.38042143261634964,0.0011506935687263628,-0.0014285714285714264,0.003333333333333336,Stable
OSSOSSD,TP_hypo,81,0.04707367048500318,0.537901331077898,0.0038888888888888922,-0.00821428571428573,0.017297297297297287,Stable
OSSOSSD,CHL_comp,81,-0.05816849502678697,0.44559181927659963,-0.002453687821612347,-0.008399999999999998,0.0035384615384615415,Stable
OSSOSSD,Year,83,0.9796639243347496,7.335340838422645e-38,0.25,0.24390243902439024,0.2608695652173913,Stable
