parameter,non_na_n,tau,p.value,slope,significant,slope_dir,trend,mean_value,percent_change
CHL_comp,83,0.06794120371341705,0.36569535732269287,0.007592592592592587,FALSE,increasing,Worsening (weak),4.772915662650602,0.15907661331639997
PH_epi,83,-0.10714390873908997,0.15443532168865204,-0.001836734693877548,FALSE,decreasing,Worsening (weak),6.801048192771084,-0.02700664135610501
SECCHI,84,-0.021083518862724304,0.7807962894439697,-6.637687969924808e-4,FALSE,decreasing,Worsening (weak),3.6393154761904762,-0.018238836433254024
SPCD_epi,83,-0.06116749346256256,0.4155859351158142,-0.020289855072463746,FALSE,decreasing,Improving (weak),48.32355421686747,-0.041987505681818235
TP_epi,84,0.06867995858192444,0.3667266368865967,0.007171428571428594,FALSE,increasing,Worsening (weak),9.808095238095238,0.07311744428800335
TP_hypo,84,-5.805926630273461e-4,0.9969143271446228,0,FALSE,NA,Stable,19.354761904761904,0
