parameter,non_na_n,tau,p.value,slope,trend,mean_value,percent_change
CHL_comp,75,-7.226765737868845e-4,0.996349573135376,0,Stable,3.043204,0
SPCD_epi,75,0.4133455157279968,1.1920928955078125e-7,0.43333333333333357,Worsening,92.69613333333334,0.4674772482419262
PH_epi,76,0.09134311228990555,0.24706745147705078,0.0021212121212121162,Stable,6.822631578947369,0.03109082025999399
TP_epi,76,0.14852021634578705,0.06473767757415771,0.009716758457907176,Stable,6.950263157894737,0.1398041806067444
TP_hypo,76,0.35700660943984985,6.9141387939453125e-6,0.09090909090909091,Worsening,12.703947368421053,0.7155971941057389
SECCHI,72,0.018132159486413002,0.826735258102417,8.00051203277007e-4,Stable,5.301840277777778,0.01509006611591743
