parameter,non_na_n,tau,p.value,slope,significant,slope_dir,trend,mean_value,percent_change
CHL_comp,101,0.08119503408670425,0.2322077751159668,0.0035857142857142893,FALSE,increasing,Worsening (weak),2.3713084158415842,0.15121248091390543
PH_epi,102,-0.11253523081541061,0.09627839922904968,-0.0016393442622950761,FALSE,decreasing,Worsening (weak),6.875,-0.023845007451564745
SECCHI,103,-0.06888318806886673,0.3084644675254822,-0.002777777777777775,FALSE,decreasing,Worsening (weak),5.4057621359223305,-0.05138549769548509
SPCD_epi,101,-0.10684909671545029,0.11440917104482651,-0.08887600110466737,FALSE,decreasing,Improving (weak),94.0840594059406,-0.09446446259424007
TP_epi,102,-0.036852169781923294,0.6065727472305298,0,FALSE,NA,Stable,6.550098039215686,0
TP_hypo,101,0.005156284663826227,0.9452183246612549,0,FALSE,NA,Stable,6.747524752475248,0
