parameter,non_na_n,tau,p.value,slope,significant,slope_dir,trend,mean_value,percent_change
CHL_comp,115,0.05781161040067673,0.3621037006378174,0.0014893617021276586,FALSE,increasing,Worsening (weak),1.9430947826086957,0.07664894761994681
PH_epi,116,-0.06484805047512054,0.30586761236190796,-5.530071355759351e-4,FALSE,decreasing,Worsening (weak),6.9862068965517246,-0.007915699373989199
SECCHI,115,0.02981255203485489,0.6406712532043457,0.0013333333333333285,FALSE,increasing,Improving (weak),8.62154347826087,0.015465134945909792
SPCD_epi,114,-0.03653041645884514,0.5665996074676514,-0.023809523809523808,FALSE,decreasing,Improving (weak),123.87070175438596,-0.019221271432476383
TP_epi,116,0.06520289182662964,0.32118701934814453,0,FALSE,NA,Stable,5.971896551724138,0
TP_hypo,117,-0.07529398053884506,0.2322021722793579,-0.028806779661016937,FALSE,decreasing,Improving (weak),19.347094017094015,-0.14889460730156617
