parameter,non_na_n,tau,p.value,slope,trend,mean_value,percent_change
CHL_comp,31,0.25806451612903225,0.04250632116025255,0.16374995537102255,Worsening,4.387679032258064,3.7320404288266884
PH_epi,30,0.16091954022988506,0.21682349744210327,0.017236938476562845,Stable,7.084,0.24332211288202776
SECCHI,32,0.3911290322580645,0.00167450997309615,0.06458339449763312,Improving,3.168625,2.038215140562014
SPCD_epi,31,0.01935483870967742,0.8915425179603516,0.03333332901820615,Stable,41.1258064516129,0.08105209816961256
TP_epi,31,0.32903225806451614,0.009191592408214877,0.3333333484828474,Worsening,16.125806451612902,2.0670801766289797
TP_hypo,9,NA,NA,NA,insufficient data,23.333333333333332,NA
