stationid,parameter,n,tau,mk_p,sen_slope,sen_ci_lower,sen_ci_upper,trend
PHISDND,SECCHI,92,0.14064475842650873,0.04877374848014396,0.00418333333333334,0,0.00862068965517242,Improving
PHISDND,TP_epi,91,0.10985724394568941,0.12608545951988237,0.02702702702702703,-0.0046511627906976995,0.06153846153846159,Stable
PHISDND,SPCD_epi,91,0.4103194810039629,8.947581640549233e-9,0.7955223880597017,0.5603448275862069,1.0149253731343284,Worsening
PHISDND,PH_epi,91,0.07767155054262846,0.27997032336493005,9.999999999999788e-4,-0.0011111111111111072,0.0029268292682926855,Stable
PHISDND,TP_hypo,91,0.2507696475649595,4.6270664672220656e-4,0.14615384615384613,0.05999999999999999,0.22916666666666666,Worsening
PHISDND,CHL_comp,92,-0.07194933757496802,0.31159879597517187,-0.013425925925925935,-0.034999999999999996,0.011071428571428574,Stable
PHISDND,Year,94,0.9784921095801634,1.1808295628628487e-42,0.2028985507246377,0.2,0.20634920634920634,Stable
