parameter,non_na_n,tau,p.value,slope,trend,mean_value,percent_change
CHL_comp,100,-0.022240201011300087,0.7454639673233032,-0.0027518115942028933,Stable,5.529281,-0.049767982386912386
SPCD_epi,100,-0.19395297765731812,0.004328247159719467,-0.038888888888888896,Improving,28.8654,-0.13472492634395816
PH_epi,101,0.2481367588043213,2.607107162475586e-4,0.002777777777777773,Improving,6.168425742574257,0.0450321993601325
TP_epi,98,-0.12859129905700684,0.06617289036512375,-0.013793103448275874,Stable,11.663163265306123,-0.11826211409820171
TP_hypo,51,-0.09841852635145187,0.32940030097961426,-0.008333333333333304,Stable,12.034313725490197,-0.0692464358452136
SECCHI,101,0.1813225895166397,0.007969021797180176,0.004426075268817201,Improving,2.5073663366336634,0.17652287996972774
