parameter,non_na_n,tau,p.value,slope,significant,slope_dir,trend,mean_value,percent_change
CHL_comp,23,0.003952569328248501,1,0.0011111111111110875,FALSE,NA,Stable,7.221739130434782,0.015385644524717045
PH_epi,25,-0.09364600479602814,0.5280873775482178,-0.00516666666666666,FALSE,NA,Stable,7.1056,-0.07271260226675665
SECCHI,26,0.012326671741902828,0.9472658634185791,0.0011111111111111367,FALSE,NA,Stable,3.1278846153846156,0.03552276531065423
SPCD_epi,25,-0.19031745195388794,0.19079360365867615,-0.46235294117647086,FALSE,NA,Stable,98.4468,-0.4696475062434441
TP_epi,25,-0.09492888301610947,0.5268056392669678,-0.02754901960784321,FALSE,NA,Stable,10.9496,-0.2515984109724849
TP_hypo,26,-0.1764739751815796,0.2165595293045044,-0.22266666666666665,FALSE,NA,Stable,17.467692307692307,-1.2747343080265399
