STATIONID,PARAMETER,n,tau,mk_p,sen_slope,sen_ci_lower,sen_ci_upper,TREND
WAUDAND,SPCD_epi,24,0.21739130434782608,0.14334161203712,0.13166666666666796,-0.054615384615384684,0.38000000000000045,Stable
WAUDAND,CHL_comp,22,-0.47186147186147187,0.002323892614010354,-0.27124999999999994,-0.44773636363636365,-0.10142857142857142,Improving
WAUDAND,PH_epi,23,0.20759516896040253,0.17724441650523146,0.008000000000000007,-0.0063157894736842165,0.020416666666666677,Stable
WAUDAND,SECCHI_NVS,24,0.08378995775602839,0.5849276542378732,0.009545454545454555,-0.018571428571428555,0.03999999999999989,Stable
WAUDAND,TP_epi,24,-0.03636387678675702,0.8232420225065086,-0.008403361344537869,-0.14999999999999997,0.18000000000000008,Stable
WAUDAND,TP_hypo,23,0.4277236108695817,0.004700028284668327,0.5285714285714285,0.1857142857142857,0.8249999999999993,Worsening
