parameter,non_na_n,tau,p.value,slope,significant,slope_dir,trend,mean_value,percent_change
CHL_comp,37,0.12171303480863571,0.2953763008117676,0.008333333333333325,FALSE,NA,Stable,1.1977243243243243,0.695763888575481
PH_epi,36,0.1931394785642624,0.10190844535827637,0.008284313725490187,FALSE,NA,Stable,6.791666666666667,0.12197762540599047
SECCHI,35,-0.08249170333147049,0.49536144733428955,-0.013541666666666638,FALSE,NA,Stable,7.404428571428571,-0.18288604631719718
SPCD_epi,36,0.0031796542461961508,0.9891304969787598,0.006666666666666762,FALSE,NA,Stable,75.57916666666667,0.008820772920227262
TP_epi,36,0.0166965089738369,0.9140315055847168,0,FALSE,NA,Stable,3.5280555555555555,0
TP_hypo,36,0.009808165021240711,0.9453229904174805,0,FALSE,NA,Stable,5.820277777777778,0
