parameter,non_na_n,tau,p.value,slope,significant,slope_dir,trend,mean_value,percent_change
CHL_comp,35,-0.08907563239336014,0.4602261781692505,-0.19268000000000002,FALSE,decreasing,Improving (weak),32.44242,-0.5939137709209117
PH_epi,29,-0.022417349740862846,0.8804699778556824,-6.666666666666524e-4,FALSE,decreasing,Worsening (weak),6.966206896551724,-0.009570009570009367
SECCHI,36,-0.10563451796770096,0.3810001611709595,-0.007426470588235291,FALSE,decreasing,Worsening (weak),1.3152777777777778,-0.5646313435617117
SPCD_epi,28,-0.1298014223575592,0.3428758978843689,-0.4496153846153841,FALSE,decreasing,Improving (weak),102.37392857142858,-0.43918934331183485
TP_epi,30,0.10293982177972794,0.4414045810699463,0.11538461538461539,FALSE,increasing,Worsening (weak),27.576666666666668,0.4184139322541353
TP_hypo,30,-0.24509082734584808,0.060792721807956696,-0.8125,FALSE,decreasing,Improving (weak),59.89,-1.3566538654199367
