parameter,non_na_n,MK,SEN,tau,p.value,slope,significant,slope_dir,trend,mean_value,percent_change
CHL_comp,33,,,-0.4848484992980957,7.78009052737616e-5,1,TRUE,increasing,Worsening,11.75875505050505,8.504301651874695
PH_epi,33,,,0.16113752126693726,0.1930234432220459,1,FALSE,NA,Stable,6.062971380471381,16.493562928912464
SECCHI,33,,,0.17731566727161407,0.1536046266555786,1,FALSE,NA,Stable,1.2557564935064935,79.6332732636456
SPCD_epi,33,,,0.4015151560306549,0.0010780096054077148,1,TRUE,increasing,Worsening,90.71337542087542,1.1023732667430595
TP_epi,33,,,-0.1749061942100525,0.15830886363983154,1,FALSE,NA,Stable,29.90496632996633,3.3439261859256733
TP_hypo,33,,,0.16872045397758484,0.17267084121704102,1,FALSE,NA,Stable,80.82717171717172,1.2372077096785883
