parameter,non_na_n,tau,p.value,slope,trend,mean_value,percent_change
CHL_comp,93,-0.026435846462845802,0.710098385810852,-0.0039024102564102605,Stable,5.879456989247312,-0.06637365089237343
PH_epi,91,0.00908210314810276,0.9017456769943237,0,Stable,6.434120879120879,0
SECCHI,92,-0.029412997886538506,0.683012843132019,-0.0010126841243862485,Stable,3.2952554347826086,-0.03073158194952059
SPCD_epi,91,-0.024500928819179535,0.7342597246170044,-0.00272727272727275,Stable,22.73708791208791,-0.011994819819572526
TP_epi,91,0.15897435897435896,0.02567478708007731,0.07066798210144043,Worsening,10.197582417582417,0.6929876043913747
TP_hypo,91,-0.08888888888888889,0.21273059157008278,-0.06283092498779297,Stable,15.928351648351649,-0.39445968029149486
