parameter,non_na_n,tau,p.value,slope,trend,mean_value,percent_change
CHL_comp,33,-0.19011543691158295,0.12483124434947968,-0.04261363636363638,Stable,4.175454545454546,-1.0205747877204445
SPCD_epi,31,0.9214214086532593,0,1.748148148148148,Worsening,80.83548387096774,2.1625999677797436
PH_epi,31,-0.3528212904930115,0.005849963985383511,-0.010000000000000009,Worsening,6.890967741935484,-0.14511749836157675
TP_epi,30,-0.16817016899585724,0.2187938690185547,-0.0625,Stable,8.5,-0.7352941176470588
TP_hypo,27,-0.21884654462337494,0.12889951467514038,-0.125,Stable,9.407407407407407,-1.328740157480315
SECCHI,33,-0.05959141254425049,0.6498731374740601,0,Stable,3.912121212121212,0
