STATIONID,PARAMETER,n,tau,mk_p,sen_slope,sen_ci_lower,sen_ci_upper,TREND
DUTSPRD,SPCD_epi,35,-0.5988227517391542,4.606507327782478e-7,-0.21999999999999958,-0.27333333333333343,-0.15999999999999995,Improving
DUTSPRD,CHL_comp,36,0.046215506227596556,0.7027687116310959,0.002350000000000004,-0.010714285714285707,0.0181818181818182,Stable
DUTSPRD,PH_epi,36,0.24141312200947804,0.04085794284674388,0.00874999999999997,0,0.015625,Improving
DUTSPRD,SECCHI_NVS,36,-0.15968945331712267,0.19673148099695312,-0.003637566137566141,-0.01111111111111112,0,Stable
DUTSPRD,TP_epi,35,0.1017856006857769,0.401541152763813,0.024285714285714275,-0.05066666666666665,0.12727272727272732,Stable
DUTSPRD,TP_hypo,10,0.522862326927363,0.04729228348633322,0.5,0,1.1,Worsening
