parameter,non_na_n,tau,p.value,slope,significant,slope_dir,trend,mean_value,percent_change
CHL_comp,70,0.042244769632816315,0.6086215972900391,0.014444444444444433,FALSE,NA,Stable,10.465434285714286,0.13802049728754828
PH_epi,70,0.043306950479745865,0.60140061378479,6.666666666666722e-4,FALSE,NA,Stable,6.643285714285715,0.010035194861980313
SECCHI,71,-0.030838964506983757,0.7094885110855103,-0.0011627906976744249,FALSE,NA,Stable,2.0408098591549297,-0.05697692474672383
SPCD_epi,70,-0.05343828350305557,0.5163817405700684,-0.09193548387096756,FALSE,NA,Stable,108.57042857142856,-0.08467819928562145
TP_epi,70,-0.1943584531545639,0.018782494589686394,-0.054999999999999896,TRUE,decreasing,Improving,19.044285714285714,-0.288800540094516
TP_hypo,69,0.01841958612203598,0.8277308940887451,0.007128663686040725,FALSE,NA,Stable,26.340579710144926,0.027063427473827235
