parameter,non_na_n,MK,SEN,tau,p.value,slope,significant,slope_dir,trend,mean_value,percent_change
CHL_comp,26,,,0.17538462579250336,0.21708106994628906,1,FALSE,NA,Stable,3.116926282051282,32.08288902302461
PH_epi,25,,,0.030565602704882622,0.8510754108428955,1,FALSE,NA,Stable,6.700333333333333,14.924630615392271
SECCHI,27,,,-0.4374322295188904,0.0016127051785588264,1,TRUE,increasing,Improving,4.4117901234567904,22.666536077569923
SPCD_epi,25,,,-0.08666665852069855,0.55930495262146,1,FALSE,NA,Stable,79.83953333333334,1.2525123309838986
TP_epi,25,,,0.08579978346824646,0.5724952220916748,1,FALSE,NA,Stable,5.900133333333334,16.948769519332895
TP_hypo,25,,,-0.10738495737314224,0.46857768297195435,1,FALSE,NA,Stable,9.249533333333334,10.811356248603532
