parameter,non_na_n,tau,p.value,slope,trend,mean_value,percent_change
CHL_comp,141,-0.06828774062816616,0.23001822362973168,-0.012302120685577317,Stable,3.7856255319148935,-0.324969297197087
PH_epi,141,-0.01833839918946302,0.7481197365703247,-4.5461028814318063e-4,Stable,6.77758865248227,-0.006707552072766782
SECCHI,143,0.15177779966512361,0.007116646604021559,0.018518550135195155,Improving,4.471237762237762,0.41417055231540634
SPCD_epi,140,0.1884892086330935,9.530170158242868e-4,0.09999997261911828,Worsening,40.90635714285714,0.2444607136976013
TP_epi,141,0.003951367781155016,0.9458561195683897,3.549270097968177e-8,Stable,8.498581560283688,4.176308802582934e-7
TP_hypo,141,0.20243161094224923,3.6010044730794277e-4,0.11111114849336494,Worsening,12.792198581560283,0.8685852379866084
