parameter,non_na_n,tau,p.value,slope,trend,mean_value,percent_change
CHL_comp,53,0.13304273784160614,0.16263222694396973,0.012917956656346746,Worsening,3.4211037735849055,0.3775961651935007
PH_epi,54,-0.024596314877271652,0.7996575832366943,-4.999999999999894e-4,Worsening,6.696111111111112,-0.007467020658756997
SECCHI,54,0.0463385246694088,0.6320364475250244,4.5454545454544484e-4,Improving,3.3628240740740742,0.013516777700320235
SPCD_epi,54,-0.02307692915201187,0.8113024234771729,-0.010588235294117631,Improving,44.557314814814816,-0.023763180833772234
TP_epi,54,-0.22082459818308875,NA,NA,Improving,10.962592592592593,NA
TP_hypo,40,-0.24102564102564103,NA,NA,Improving,12.178749999999999,NA
