stationid,parameter,n,tau,mk_p,sen_slope,sen_ci_lower,sen_ci_upper,trend
EMERIND,SECCHI,25,-0.09364600869269116,0.5280873535507749,-0.01306818181818186,-0.04558823529411762,0.025,Stable
EMERIND,TP_epi,25,0.27509042237858633,0.06045434433195556,0.15,0,0.28888888888888886,Stable
EMERIND,SPCD_epi,25,0.49333333333333323,5.965451621382897e-4,1.1079638009049773,0.5028571428571423,1.626666666666666,Worsening
EMERIND,PH_epi,25,0.3097801136626779,0.0332717674134155,0.013749999999999984,9.523809523809744e-4,0.023333333333333428,Improving
EMERIND,TP_hypo,24,0.21653162273736767,0.1492014845570278,0.17333333333333337,-0.08000000000000043,0.5181818181818181,Stable
EMERIND,CHL_comp,25,0.11333333333333331,0.4408764986608838,0.0768403846153846,-0.11714285714285719,0.38333333333333314,Stable
EMERIND,Year,26,0.9876156212740942,2.931377856637015e-12,0.8125,0.7058823529411765,0.9166666666666666,Stable
