STATIONID,PARAMETER,n,tau,mk_p,sen_slope,sen_ci_lower,sen_ci_upper,TREND
SUNSUN080,SPCD_epi,28,0.5185185185185185,1.16907803091419e-4,0.875,0.466666666666667,1.1824999999999997,Worsening
SUNSUN080,CHL_comp,28,-0.35060039207142213,0.009608174186395155,-0.02924812030075185,-0.050238095238095234,-0.006785714285714284,Improving
SUNSUN080,PH_epi,28,0.20054622962995394,0.14301568716481589,0.004880952380952319,-0.003947368421052641,0.013333333333333345,Stable
SUNSUN080,SECCHI,21,0.016043698370396316,0.964587979327661,0,0,0,Stable
SUNSUN080,TP_epi,28,0.41501441247207693,0.002988482324265315,0.35714285714285715,0.1,0.6666666666666666,Worsening
