parameter,non_na_n,tau,p.value,slope,trend,mean_value,percent_change
CHL_comp,99,0.0074295783415436745,0.9157288074493408,4.615384615384654e-4,Stable,4.920451515151515,0.009380002223723838
SPCD_epi,100,0.34182870388031006,4.76837158203125e-7,0.12397916666666664,Worsening,41.9253,0.2957144413198394
PH_epi,100,0.07049373537302017,0.30266380310058594,8.333333333333248e-4,Stable,6.507,0.012806720967163437
TP_epi,98,-0.00549114728346467,0.9409247636795044,0,Stable,10.081836734693878,0
TP_hypo,98,0.040212538093328476,0.5707013607025146,0,Stable,14.075714285714286,0
SECCHI,99,-0.22137635946273804,0.00129858055151999,-0.007321428571428574,Worsening,3.3254949494949493,-0.22016056805440337
