parameter,non_na_n,tau,p.value,slope,significant,slope_dir,trend,mean_value,percent_change
CHL_comp,27,0.1794871687889099,0.196181058883667,0.08625,FALSE,NA,Stable,6.686296296296296,1.2899518085636734
PH_epi,27,-0.011544984765350819,0.9500272870063782,0,FALSE,NA,Stable,6.495925925925926,0
SECCHI,27,-0.08285747468471527,0.559242308139801,-0.006111111111111129,FALSE,NA,Stable,3.060277777777778,-0.1996913860397573
SPCD_epi,27,0.19971489906311035,0.150221586227417,0.08888888888888896,FALSE,NA,Stable,22.69703703703704,0.39163212688880944
TP_epi,27,-0.04017319902777672,0.7861263155937195,-0.006666666666666722,FALSE,NA,Stable,8.888518518518518,-0.07500312513021437
TP_hypo,25,0.023450881242752075,0.888446569442749,0.01124999999999996,FALSE,NA,Stable,20.284,0.055462433445079666
