parameter,non_na_n,tau,p.value,slope,trend,mean_value,percent_change
CHL_comp,165,0.010328191332519054,0.8457798957824707,0,Stable,1.6335757575757575,0
PH_epi,173,-0.038634952157735825,0.45487433671951294,-2.2624897624897542e-4,Stable,6.771907514450867,-0.00334099329865585
SECCHI,169,-0.07074642926454544,0.1751444935798645,-0.0026315789473684275,Stable,8.475147928994083,-0.031050537045679272
SPCD_epi,173,-0.002356191398575902,0.9643966555595398,0,Stable,86.20375722543352,0
TP_epi,158,0.1998709989518665,8.173221968488242e-5,6.709247827529906e-8,Worsening,5.572784810126582,1.203930899204685e-6
TP_hypo,167,0.14154822884351778,0.005351887433842517,8.944422006607055e-8,Worsening,6.308383233532934,1.4178628145262252e-6
