parameter,non_na_n,tau,p.value,slope,trend,mean_value,percent_change
CHL_comp,35,-0.06902366876602173,0.5699182152748108,-0.005416666666666664,Stable,1.7567371428571428,-0.308336775862611
PH_epi,34,-0.04099821671843529,0.7443201541900635,-0.003181818181818195,Stable,5.8814705882352944,-0.05409902394450098
SECCHI,40,0.007712107617408037,0.9535326957702637,0.001527777777777622,Stable,8.72425,0.017511852340059284
SPCD_epi,34,-0.019642889499664307,0.882124125957489,-0.014444444444444334,Stable,16.050882352941176,-0.08999159128343821
TP_epi,34,-0.3065953654188948,0.0037744350391106796,-9.1552734375e-4,Improving,5.339705882352941,-0.017145651163591298
TP_hypo,32,0.0020161290322580645,1,-1.3001261472703047e-8,Stable,7.0509375,-1.8439053633226854e-7
