parameter,non_na_n,tau,p.value,slope,trend,mean_value,percent_change
CHL_comp,101,-0.08752475247524752,0.1952434685118012,-0.009565249308943497,Stable,2.3713084158415842,-0.403374324699504
PH_epi,102,0.24927198602213163,2.0477323971368477e-4,0.009621887207031415,Improving,6.875,0.13995472301136605
SECCHI,103,0.3053493241956977,4.654928071889941e-6,0.038235349133610784,Improving,5.4057621359223305,0.7073072801248417
SPCD_epi,101,0.16930693069306932,0.012164435544956387,0.43035831451416656,Worsening,94.0840594059406,0.45741894772770947
TP_epi,102,-0.054746651135701804,0.4080190184843979,-3.9665028931742986e-8,Stable,6.746176470588235,-5.879631092467461e-7
TP_hypo,101,-0.02396039603960396,0.7198130339520326,3.725290298461914e-8,Stable,6.920792079207921,5.382751361153839e-7
