parameter,non_na_n,tau,p.value,slope,trend,mean_value,percent_change
CHL_comp,114,-0.004968172643999379,0.9394539183205546,-3.5949052205760784e-08,Stable,3.070097368421053,-1.170941761506715e-6
PH_epi,116,-0.06281859070464768,0.3181649860101634,-0.0016666355729100246,Stable,6.75451724137931,-0.024674384761355472
SECCHI,109,-0.07492354740061162,0.24821877372267998,-0.00806453824043274,Stable,5.899862385321101,-0.1366902770562474
SPCD_epi,116,0.2802098950524738,8.228209153582355e-6,0.3328615188598678,Worsening,70.31431034482759,0.47339086059080365
TP_epi,116,0.09295352323838081,0.13870164210679192,0.017499998211860657,Stable,7.435431034482758,0.23535956598483918
TP_hypo,113,-0.14807206068268014,0.01982613103854791,-0.081111155264079,Improving,14.58424778761062,-0.55615590495509315
