STATIONID,PARAMETER,n,tau,mk_p,sen_slope,sen_ci_lower,sen_ci_upper,TREND
ARMPIED,SPCD_epi,38,-0.3490032031024304,0.0021547519150651347,-0.12631578947368433,-0.1866666666666667,-0.057222222222222285,Improving
ARMPIED,CHL_comp,38,-0.20940192186145823,0.06638897677274425,-0.019999999999999993,-0.04357142857142857,0.0014814814814814827,Stable
ARMPIED,PH_epi,38,0.1938707211861166,0.0895814583912028,0.005217391304347831,-0.0010869565217391458,0.010999999999999944,Stable
ARMPIED,SECCHI_NVS,38,-0.4623316912109326,5.3414665919728974e-5,-0.04705882352941176,-0.06666666666666672,-0.02631578947368421,Worsening
ARMPIED,TP_epi,38,-0.15347386009377678,0.2075713388912984,0,-0.1111111111111111,0,Stable
ARMPIED,TP_hypo,38,0.07288076641863091,0.5421155493836933,0,-0.020000000000000018,0.040000000000000036,Stable
