parameter,non_na_n,tau,p.value,slope,trend,mean_value,percent_change
CHL_comp,107,-0.22094868629871275,7.458068545567187e-4,-0.05000001166015925,Improving,4.036796261682243,-1.2386062713832104
PH_epi,107,-0.038441192029624406,0.5587764718102428,-0.0013333365321161052,Stable,6.653626168224299,-0.02003924624565949
SECCHI,107,-0.10227473108799154,0.1186612088626382,-0.010714258253574287,Stable,4.823126168224299,-0.22214343726195515
SPCD_epi,108,0.32796815507095883,4.869086611680729e-7,0.12157889567315613,Worsening,30.770555555555557,0.39511439906779755
TP_epi,108,0.05278643129110419,0.4189426370298477,0.014207124710083008,Stable,8.86601851851852,0.1602424434418728
TP_hypo,108,0.06195915541709934,0.34242694052083156,0.026315728202462196,Stable,12.04037037037037,0.21856244777337946
