parameter,non_na_n,tau,p.value,slope,significant,slope_dir,trend,mean_value,percent_change
CHL_comp,20,0.21751351654529572,0.19366085529327393,0.018878787878787877,FALSE,increasing,Worsening (weak),1.84876,1.0211594733111857
PH_epi,20,-0.08971007168292999,0.6034943461418152,-0.008749999999999977,FALSE,decreasing,Worsening (weak),6.288,-0.13915394402035586
SECCHI,19,-0.111111119389534,0.5288645029067993,-0.0331818181818182,FALSE,decreasing,Worsening (weak),5.587052631578947,-0.5939055951302314
SPCD_epi,20,-0.3007926046848297,0.06908906996250153,-0.09479166666666661,FALSE,decreasing,Improving (weak),16.823,-0.5634647011036474
TP_epi,20,0.19762124121189117,0.27762913703918457,0,FALSE,NA,Stable,4.764,0
TP_hypo,20,-0.09415023028850555,0.6081685423851013,0,FALSE,NA,Stable,5.834,0
