STATIONID,parameter,n,tau,mk_p,sen_slope,sen_ci_lower,sen_ci_upper,trend
PEAMMADD,SPCD_epi,31,0.4408602150537635,5.25775316030165e-4,0.6288888888888889,0.34099999999999964,0.9647058823529411,Worsening
PEAMMADD,CHL_comp,31,-0.09698298385268762,0.4544248871796826,-0.015263157894736855,-0.04916666666666666,0.019166666666666665,Stable
PEAMMADD,PH_epi,30,0.27880258341373104,0.032225240211478816,0.007666666666666681,7.407407407407578e-4,0.01468750000000002,Improving
PEAMMADD,SECCHI_NVS,31,0.04565487099595802,0.7334904405034037,0.007142857142857244,-0.019999999999999928,0.03409090909090909,Stable
PEAMMADD,TP_hypo,31,0.3510393478654835,0.006154050282473268,0.2166666666666662,0.06666666666666667,0.375,Worsening
PEAMMADD,TP_epi,31,0.00658022913414809,0.9727884074519602,0,-0.09749999999999999,0.06416666666666666,Stable
