STATIONID,parameter,n,tau,mk_p,sen_slope,sen_ci_lower,sen_ci_upper,trend
DUBDUBD,SPCD_epi,19,-0.2697958815131516,0.11518373151505124,-0.3099999999999999,-0.7999999999999972,0.23307692307692315,Stable
DUBDUBD,CHL_comp,18,-0.16339869281045755,0.3633159096663911,-0.016818181818181822,-0.06444444444444446,0.028571428571428564,Stable
DUBDUBD,PH_epi,15,0.6124472018807623,0.0017992243327828302,0.03333333333333329,0.016428571428571397,0.04611111111111112,Improving
DUBDUBD,SECCHI_NVS,19,0.39173451338766946,0.02248994303004106,0.09722222222222222,0.012499999999999956,0.1875,Improving
DUBDUBD,TP_hypo,19,0,1,0,-0.1684615384615385,0.19166666666666674,Stable
DUBDUBD,TP_epi,19,0.15066558822210538,0.44207846629494485,0,0,0,Stable
