STATIONID,parameter,n,tau,mk_p,sen_slope,sen_ci_lower,sen_ci_upper,trend
ROCWIND,SPCD_epi,39,0.4807563553734224,1.7492657355960197e-5,1.1571428571428577,0.6299999999999992,1.568,Worsening
ROCWIND,CHL_comp,39,-0.031060101611204254,0.7901231727782159,-0.00574074074074075,-0.05859999999999999,0.05166666666666666,Stable
ROCWIND,PH_epi,37,-0.06606606606606606,0.5738490427115428,-0.0019374999999999952,-0.009166666666666656,0.005652173913043473,Stable
ROCWIND,SECCHI_NVS,39,0.13469836570128493,0.2353421371953123,0.017045454545454544,-0.010483870967741941,0.03937500000000003,Stable
ROCWIND,TP_hypo,39,0.11533412746275015,0.30923339531068555,0.0625,-0.08333333333333333,0.1891891891891892,Stable
ROCWIND,TP_epi,39,0.06703773674289357,0.5606531605757803,0.025937500000000002,-0.055000000000000014,0.10848484848484849,Stable
