stationid,parameter,n,tau,mk_p,sen_slope,sen_ci_lower,sen_ci_upper,trend
BERFRED,SECCHI,84,-0.06987799450995257,0.34978846950251563,-0.003985294117647057,-0.012295081967213115,0.004166666666666658,Stable
BERFRED,TP_epi,85,-0.04600100417605504,0.5383118027402118,-0.003090185676392572,-0.017678571428571432,0.0090909090909091,Stable
BERFRED,SPCD_epi,84,0.36749941854881957,7.767916449671786e-7,0.14302777777777775,0.08695652173913043,0.1966666666666678,Worsening
BERFRED,PH_epi,84,0.005773788501501045,0.9414650475360093,0,-0.0019047619047619065,0.0018181818181818197,Stable
BERFRED,TP_hypo,84,0.22624747140988222,0.0023910245896750144,0.03220867208672092,0.011764705882353003,0.05133333333333331,Worsening
BERFRED,CHL_comp,84,-0.06635076632581285,0.3742343646027013,-0.0034222222222222267,-0.010909090909090908,0.00447368421052632,Stable
BERFRED,Year,86,0.9795445492369445,3.3375531057517714e-39,0.24324324324324326,0.23529411764705882,0.25,Stable
