STATIONID,parameter,n,tau,mk_p,sen_slope,sen_ci_lower,sen_ci_upper,trend
BAPSPRD,SPCD_epi,23,0.13043478260869565,0.398035689594248,0.5777777777777773,-0.7,1.908333333333336,Stable
BAPSPRD,CHL_comp,23,0.06361942179900354,0.691614945357707,0.033455555555555544,-0.12562500000000001,0.23000000000000004,Stable
BAPSPRD,PH_epi,23,0.29762139095618095,0.05049597870694657,0.013333333333333345,0,0.025,Stable
BAPSPRD,SECCHI,20,-0.11962883659569504,0.4916845635112838,-0.01035539215686274,-0.05,0.02500000000000006,Stable
BAPSPRD,TP_hypo,23,0.6466243265081993,2.4492955570705553e-5,0.5,0.3333333333333333,0.625,Worsening
BAPSPRD,TP_epi,23,0.2516087893381316,0.10516912864543548,0.14285714285714285,0,0.2659090909090909,Stable
