parameter,non_na_n,tau,p.value,slope,significant,slope_dir,trend,mean_value,percent_change
CHL_comp,132,0.0753999575972557,0.20874905586242676,0.0018181818181818197,FALSE,NA,Stable,2.029469696969697,0.08958901041472254
PH_epi,8,NA,NA,NA,FALSE,NA,Stable,6.815,NA
SECCHI,133,-0.0881989374756813,0.13883347809314728,-0.0025370092254880933,FALSE,NA,Stable,7.190225563909775,-0.035284139599489325
SPCD_epi,9,NA,NA,NA,FALSE,NA,Stable,44.855555555555554,NA
TP_epi,11,0.01888137310743332,1,0,FALSE,NA,Stable,12,0
TP_hypo,9,NA,NA,NA,FALSE,NA,Stable,10.666666666666666,NA
