parameter,non_na_n,tau,p.value,slope,significant,slope_dir,trend,mean_value,percent_change
CHL_comp,78,-0.02933824248611927,0.707373321056366,-0.0033333333333332624,FALSE,decreasing,Improving (weak),4.690239743589744,-0.07106957246458466
PH_epi,79,0.03393751382827759,0.6627044677734375,5.357142857142902e-4,FALSE,increasing,Improving (weak),6.414936708860759,0.008351045536806687
SECCHI,82,-0.0015446706674993038,0.9871752262115479,0,FALSE,NA,Stable,2.7487560975609755,0
SPCD_epi,78,0.04664335027337074,0.5486845970153809,0.03478260869565236,FALSE,increasing,Worsening (weak),50.82891025641025,0.06843075824405614
TP_epi,78,-0.055220361799001694,0.486128032207489,-0.007042253521126761,FALSE,decreasing,Improving (weak),12.861153846153845,-0.05475600094180322
TP_hypo,65,-0.07562880963087082,0.3903559446334839,-0.01369510135135137,FALSE,decreasing,Improving (weak),13.352769230769232,-0.10256375374026003
