STATIONID,PARAMETER,n,tau,mk_p,sen_slope,sen_ci_lower,sen_ci_upper,TREND
SUNSUN070,SPCD_epi,40,0.6623882222760947,1.959882753356507e-9,0.946506352087114,0.8,1.101666666666667,Worsening
SUNSUN070,CHL_comp,37,-0.21219015686812973,0.0670239544821718,-0.009827586206896556,-0.02499999999999991,4.3478260869565257e-4,Stable
SUNSUN070,PH_epi,40,0.11749812087514176,0.293960937536433,0.0029330943847073014,-0.00238095238095233,0.00823529411764704,Stable
SUNSUN070,SECCHI,33,0.04777275993555347,0.7182364900001039,0,-0.01499999999999999,0.020250000000000056,Stable
SUNSUN070,TP_epi,38,0.6752374866185953,1.3865836033943637e-8,0.5,0.3125,0.6923076923076923,Worsening
