STATIONID,parameter,n,tau,mk_p,sen_slope,sen_ci_lower,sen_ci_upper,trend
SUNSUN040,CHL_comp,18,-0.41176470588235303,0.01885337736701918,-0.022499999999999992,-0.05874999999999999,-0.0050000000000000044,Improving
