parameter,non_na_n,tau,p.value,slope,significant,slope_dir,trend,mean_value,percent_change
CHL_comp,34,-0.1871657818555832,0.12313628941774368,-0.039999999999999994,FALSE,NA,Stable,3.3716411764705883,-1.186365864764759
PH_epi,33,-0.09686648845672607,0.4383397698402405,-0.005250000000000065,FALSE,NA,Stable,6.168030303030303,-0.08511631334594422
SECCHI,32,0.03380299732089043,0.812924861907959,0,FALSE,NA,Stable,2.68828125,0
SPCD_epi,34,0.09447415173053741,0.4407832622528076,0.02294117647058827,FALSE,NA,Stable,19.48044117647059,0.1177651792521913
TP_epi,33,-0.16619525849819183,0.18207621574401855,-0.07113095238095238,FALSE,NA,Stable,9.363333333333333,-0.7596755327264405
TP_hypo,12,-0.27695584297180176,0.241496741771698,-0.28888888888888886,FALSE,NA,Stable,8.741666666666667,-3.304734667937718
