parameter,non_na_n,tau,p.value,slope,trend,mean_value,percent_change
CHL_comp,60,-0.1386139988899231,0.1196194738149643,-0.01690561529271208,Stable,3.69201,-0.45789733215002343
SPCD_epi,63,0.17217528820037842,0.046920180320739746,0.10666666666666676,Worsening,64.6631746031746,0.16495736146772794
PH_epi,60,-0.08022962510585785,0.37161022424697876,-0.0014814814814814827,Stable,7.005166666666667,-0.021148411622109623
TP_epi,60,0.13167203962802887,0.15535259246826172,0.03125,Stable,10.716666666666667,0.291601866251944
TP_hypo,60,-0.1685667634010315,0.06784102320671082,-0.043478260869565216,Stable,14.15,-0.3072668612690121
SECCHI,60,-0.177044078707695,0.04911493510007858,-0.01022727272727273,Worsening,3.3074583333333334,-0.30921849034952004
