stationid,parameter,n,tau,mk_p,sen_slope,sen_ci_lower,sen_ci_upper,trend
LONLEMD,SECCHI,40,-0.3778932794982317,6.385691120221712e-4,-0.0702967171717172,-0.10458333333333332,-0.03307692307692305,Worsening
LONLEMD,TP_epi,34,-0.3904506828038401,0.004144850892935636,0,-0.11904761904761904,0,Improving
LONLEMD,SPCD_epi,34,-0.7446440443951499,6.901754843062713e-10,-0.2783333333333336,-0.332857142857143,-0.23363636363636367,Improving
LONLEMD,PH_epi,34,0.43672014260249564,2.9784840143568236e-4,0.03000000000000002,0.013999999999999967,0.042307692307692296,Improving
LONLEMD,TP_hypo,32,0,1,0,-0.1388888888888889,0.07999999999999989,Stable
LONLEMD,CHL_comp,35,0.09259272380481215,0.4430624650080937,0.005799999999999992,-0.014999999999999998,0.02521739130434783,Stable
LONLEMD,Year,40,0.9967897188423162,1.8644359492106204e-19,0.9259259259259259,0.9090909090909091,1,Stable
