parameter,non_na_n,tau,p.value,slope,trend,mean_value,percent_change
CHL_comp,72,-0.10930471122264862,0.17651957273483276,-0.01639610389610391,Improving,4.492279166666667,-0.3649840824177907
PH_epi,73,0.036739982664585114,0.6508417129516602,6.524822695035417e-4,Improving,7.066712328767124,0.009233180001503973
SECCHI,71,-0.01997723989188671,0.8114315271377563,0,Worsening,4.8630774647887325,0
SPCD_epi,72,0.022322313860058784,0.7854329347610474,0.0224014336917561,Worsening,112.48513888888888,0.01991501625284376
TP_epi,73,0.001902587519025875,NA,NA,Worsening,9.338493150684931,NA
TP_hypo,74,0.021843761569788966,NA,NA,Worsening,11.980945945945946,NA
