parameter,non_na_n,tau,p.value,slope,trend,mean_value,percent_change
CHL_comp,134,-0.1201885310290652,0.03948158041769667,-0.03500002287328201,Improving,4.949362686567164,-0.707162216425843
PH_epi,133,0.3839143312827523,5.4722004705354266e-11,0.01931033581495233,Improving,5.667894736842105,0.34069679680944776
SECCHI,136,-0.045098039215686274,0.4360662174952328,-0.0020435497164727097,Stable,3.1569080882352942,-0.06473263266955137
SPCD_epi,135,-0.22200110558319514,1.335933576742665e-4,-0.13592608451843322,Improving,25.992962962962963,-0.5229341676518854
TP_epi,134,-0.0694647065424756,0.23340376101306792,-0.022799015045166016,Stable,11.535522388059702,-0.19764180830479802
TP_hypo,133,0.04613807245386193,0.43125996244331866,0.019999954630621354,Stable,14.602406015037594,0.13696341965855047
