parameter,non_na_n,tau,p.value,slope,significant,slope_dir,trend,mean_value,percent_change
CHL_comp,178,0.028402604162693024,0.5747361183166504,0.0019487179487179618,FALSE,increasing,Worsening (weak),5.5444876404494385,0.03514694368693728
PH_epi,178,0.023135211318731308,0.6496337652206421,1.3513513513513226e-4,FALSE,increasing,Improving (weak),6.602483146067415,0.0020467319968188293
SECCHI,180,0.04440638795495033,0.38268959522247314,7.29927007299269e-4,FALSE,increasing,Improving (weak),3.452872222222222,0.021139705159129746
SPCD_epi,179,0.002389264293015003,0.9631822109222412,0,FALSE,NA,Stable,45.28256983240223,0
TP_epi,179,0.0385691337287426,0.45061373710632324,0.002564102564102555,FALSE,increasing,Worsening (weak),14.395810055865923,0.017811450374463293
TP_hypo,176,-0.016737837344408035,0.7432324886322021,-0.011803405572755409,FALSE,decreasing,Improving (weak),53.106818181818184,-0.022225781880482645
