parameter,non_na_n,MK,SEN,tau,p.value,slope,significant,slope_dir,trend,mean_value,percent_change
CHL_comp,25,,,-0.013333331793546677,0.9441419839859009,1,FALSE,NA,Stable,5.905959333333334,16.932050215042683
PH_epi,25,,,0.1733333170413971,0.2336130142211914,1,FALSE,NA,Stable,6.485476190476191,15.419068247733028
SECCHI,25,,,-0.1806029975414276,0.2155347466468811,1,FALSE,NA,Stable,3.5026654761904763,28.54968614038492
SPCD_epi,25,,,0.30384013056755066,0.0355076789855957,1,TRUE,increasing,Worsening,41.1201,2.431900700630592
TP_epi,25,,,0.11018378287553787,0.4547238349914551,1,FALSE,NA,Stable,11.227333333333334,8.906834511014784
TP_hypo,25,,,0.1605360060930252,0.2720811367034912,1,FALSE,NA,Stable,13.551638095238095,7.379181711998268
