parameter,non_na_n,tau,p.value,slope,trend,mean_value,percent_change
CHL_comp,24,0.10144927536231885,0.5030370130775137,0.03662498474121069,Stable,4.548216666666667,0.8052603344434051
PH_epi,23,0.043478260869565216,0.79155725659086,0.0023529666662218595,Stable,6.503478260869565,0.03618012656979728
SECCHI,24,0.04710144927536232,0.7655710708052366,0.0015806579589838748,Stable,3.7459375,0.04219659188077417
SPCD_epi,23,-0.4308300395256917,0.0043400116493144125,-0.18700001345947534,Improving,17.74695652173913,-1.0537018740673068
TP_epi,23,-0.039525691699604744,0.8105778456729262,-0.01186157226562477,Stable,7.340869565217392,-0.16158265938721256
TP_hypo,23,0.3675889328063241,0.014944295673191554,0.21904753893613726,Worsening,10.216521739130435,2.1440520025241114
