STATIONID,parameter,n,tau,mk_p,sen_slope,sen_ci_lower,sen_ci_upper,trend
SKAHARD,SPCD_epi,37,0.025544710440316205,0.8342296644291487,0.037142857142857144,-0.13478260869565223,0.19714285714285648,Stable
SKAHARD,CHL_comp,37,0.019534190336712394,0.8752763731506877,0.0022543103448275687,-0.02839999999999998,0.031363636363636364,Stable
SKAHARD,PH_epi,37,0.16754950800517718,0.14999785695695636,0.004105263157894749,-0.0015789473684210658,0.009999999999999995,Stable
SKAHARD,SECCHI_NVS,37,-0.2313763525038362,0.04785681982495223,-0.013708333333333343,-0.024999999999999974,0,Worsening
SKAHARD,TP_hypo,37,-0.13841460871008746,0.2383108995461004,-0.054093567251461985,-0.14444444444444446,0.029166666666666636,Stable
SKAHARD,TP_epi,37,-0.2433498007432462,0.038113788416846456,-0.05881176470588233,-0.1111111111111111,0,Improving
