parameter,non_na_n,tau,p.value,slope,significant,slope_dir,trend,mean_value,percent_change
CHL_comp,119,0.08700038492679596,0.16252076625823975,0.00411764705882353,FALSE,increasing,Worsening (weak),2.6060810924369746,0.15800149392024765
PH_epi,117,-0.0038467533886432648,0.9530297517776489,0,FALSE,NA,Stable,6.377888888888889,0
SECCHI,116,-0.01571759767830372,0.8057729005813599,-4.4798472923471226e-17,FALSE,decreasing,Worsening (weak),6.617823275862069,-6.769366762462475e-16
SPCD_epi,117,-0.014150944538414478,0.822919487953186,-0.005529115341545418,FALSE,decreasing,Improving (weak),71.46153846153847,-0.007737190467178733
TP_epi,118,0.015182123519480228,0.8184821605682373,0,FALSE,NA,Stable,5.421694915254237,0
TP_hypo,116,0.058604929596185684,0.35779857635498047,0.009491634491634475,FALSE,increasing,Worsening (weak),11.305689655172413,0.08395449354380607
