parameter,non_na_n,MK,SEN,tau,p.value,slope,significant,slope_dir,trend,mean_value,percent_change
CHL_comp,26,,,-0.2553846538066864,0.0706988200545311,1,FALSE,NA,Stable,11.420203846153846,8.756411124279406
PH_epi,26,,,-0.1635810285806656,0.25149816274642944,1,FALSE,NA,Stable,7.007724358974359,14.269967663887376
SECCHI,26,,,-0.23420675098896027,0.09822548180818558,1,FALSE,NA,Stable,1.5781891025641026,63.36376283268515
SPCD_epi,26,,,0.08307693153619766,0.5665903091430664,1,FALSE,NA,Stable,676.7576923076923,0.14776337400614922
TP_epi,26,,,0.13846154510974884,0.33213210105895996,1,FALSE,NA,Stable,27.169551282051284,3.6805907820075734
TP_hypo,9,,,NA,NA,NA,FALSE,NA,Stable,36.27037037037037,NA
