parameter,non_na_n,tau,p.value,slope,trend,mean_value,percent_change
CHL_comp,116,-0.004051317926496267,0.9505310654640198,-4.027113237639468e-4,Stable,4.763077586206896,-0.008454855426460694
PH_epi,119,-0.07485418766736984,0.2304527759552002,-9.67741935483879e-4,Stable,6.151067226890756,-0.015732911050836514
SECCHI,116,-0.11068009585142136,0.08165934681892395,-0.0029733893557422966,Stable,3.022314655172414,-0.09838119769077033
SPCD_epi,119,-0.006134101655334234,0.9231464862823486,-7.812499999999556e-4,Stable,31.199117647058824,-0.002504077226919925
TP_epi,117,-0.08885941644562334,0.15543199960792187,-0.03291034698486328,Stable,10.712222222222222,-0.30722240728531225
TP_hypo,118,-0.03751991887585108,0.5479565042224939,-0.02142859296873212,Stable,17.70305084745763,-0.12104463322947256
