STATIONID,parameter,n,tau,mk_p,sen_slope,sen_ci_lower,sen_ci_upper,trend
GILJAFD,SPCD_epi,36,0.13185071673016632,0.2639870809196164,0.6507211538461535,-0.25161290322580593,1.5300000000000011,Stable
GILJAFD,CHL_comp,36,0.20985718095105607,0.074315140677736,0.01012272727272727,-0.0014285714285714299,0.026250000000000013,Stable
GILJAFD,PH_epi,36,0.22151570226330763,0.06003236425666552,0.010615763546798006,-4.166666666666578e-4,0.01750000000000007,Stable
GILJAFD,SECCHI_NVS,36,-0.32454876667499366,0.005886064727376939,-0.05976190476190412,-0.090625,-0.018750000000000044,Worsening
GILJAFD,TP_hypo,36,0.027673572994599206,0.8265646996337731,0,-0.0625,0.07157894736842102,Stable
GILJAFD,TP_epi,36,0.16547385783107876,0.1638562401266579,0.03075000000000002,-0.008333333333333378,0.08250000000000002,Stable
