parameter,non_na_n,tau,p.value,slope,significant,slope_dir,trend,mean_value,percent_change
CHL_comp,32,-0.09292948991060257,0.4654315114021301,-0.00697916666666667,FALSE,decreasing,Improving (weak),1.343453125,-0.5194946170277932
PH_epi,32,-0.15197764337062836,0.2297850251197815,-0.007154882154882166,FALSE,decreasing,Worsening (weak),6.22671875,-0.11490613984905239
SECCHI,32,-0.010525033809244633,0.9476045370101929,0,FALSE,NA,Stable,5.22265625,0
SPCD_epi,32,0.03027246706187725,0.8203768730163574,0.00966666666666646,FALSE,increasing,Worsening (weak),16.69796875,0.05789127295298394
TP_epi,31,-0.11004037410020828,0.402554988861084,-0.024444444444444515,FALSE,decreasing,Improving (weak),7.9316129032258065,-0.30819008369032863
TP_hypo,27,0.002882035681977868,1,0,FALSE,NA,Stable,9.77111111111111,0
