parameter,non_na_n,tau,p.value,slope,trend,mean_value,percent_change
CHL_comp,32,0.1733870953321457,0.16808032989501953,0.06402960526315793,Stable,6.90921875,0.9267271392030818
SPCD_epi,32,0.13709677755832672,0.27725672721862793,0.20454545454545583,Stable,112.71125,0.18147740757506978
PH_epi,32,0.15699253976345062,0.21695291996002197,0.005381578947368443,Stable,6.733125,0.07992691279856594
TP_epi,32,0.30877915024757385,0.013692736625671387,0.09920634920634921,Worsening,9.0134375,1.1006494382010106
TP_hypo,32,0.08080825209617615,0.5269895792007446,0.2538095238095248,Stable,53.159375,0.4774501652992061
SECCHI,32,-0.28745174407958984,0.02215362712740898,-0.03443675889328064,Worsening,4.21375,-0.8172473187370072
