parameter,non_na_n,tau,p.value,slope,trend,mean_value,percent_change
CHL_comp,84,-0.08493544161319733,0.25444138050079346,-0.0303875128998968,Stable,11.271790476190477,-0.26958905032953434
SPCD_epi,83,0.0041170427575707436,0.9592241048812866,0.05,Stable,681.7951807228916,0.0073335807312375195
PH_epi,83,-0.0836053192615509,0.267231822013855,-0.0014035087719298258,Stable,7.00277108433735,-0.020042191227255222
TP_epi,83,0.12143125385046005,0.10751509666442871,0.05156250000000001,Stable,26.65421686746988,0.19344969036749088
TP_hypo,15,0.038277946412563324,0.881834864616394,0.3333333333333333,Stable,32.373333333333335,1.029654036243822
SECCHI,84,-0.13381177186965942,0.07572638988494873,-0.0030487804878048756,Stable,1.6008630952380953,-0.19044604731495995
