parameter,non_na_n,tau,p.value,slope,trend,mean_value,percent_change
CHL_comp,172,-0.05302269756793976,0.30348116159439087,-0.0019047619047619065,Stable,3.4703470930232556,-0.05488678376267368
PH_epi,176,0.0414782389998436,0.417156457901001,3.1249999999999334e-4,Stable,6.714147727272727,0.004654350971913008
SECCHI,173,0.08239839226007462,0.11108279228210449,0.0015151515151515097,Stable,3.485583815028902,0.04346908855321691
SPCD_epi,176,-0.02540198527276516,0.6177822947502136,-0.016105499438832868,Stable,117.51903409090909,-0.013704587995825555
TP_epi,175,-0.06876847290640394,0.17486398063674646,-5.587935447692871e-8,Stable,9.335428571428572,-5.985729958659805e-7
TP_hypo,174,0.046309215334529266,0.3611516017791947,6.332993507385254e-8,Stable,9.470057471264369,6.687386561910402e-7
