parameter,non_na_n,MK,SEN,tau,p.value,slope,significant,slope_dir,trend,mean_value,percent_change
CHL_comp,30,,,0.3011494576931,0.020376920700073242,1,TRUE,increasing,Worsening,15.533095000000001,6.437867018775073
PH_epi,30,,,-0.048275865614414215,0.7212260961532593,1,FALSE,NA,Stable,7.382833333333333,13.544935322933831
SECCHI,30,,,-0.35607534646987915,0.006292383652180433,1,TRUE,increasing,Improving,2.421902777777778,41.289849005316064
SPCD_epi,30,,,0.5172414183616638,6.4373016357421875e-05,1,TRUE,increasing,Worsening,88.41955555555556,1.130971529676693
TP_epi,30,,,-0.04398254305124283,0.747846782207489,1,FALSE,NA,Stable,16.468333333333334,6.072259892723409
TP_hypo,30,,,0.3885057866573334,0.0027239322662353516,1,TRUE,increasing,Worsening,129.50833333333333,0.7721510842288141
