parameter,non_na_n,MK,SEN,tau,p.value,slope,significant,slope_dir,trend,mean_value,percent_change
CHL_comp,12,,,0.1818181574344635,0.4506702423095703,1,FALSE,NA,Stable,7.014163888888889,14.25686676047157
PH_epi,12,,,0.24242421984672546,0.30367326736450195,1,FALSE,NA,Stable,6.501875,15.380178794578486
SECCHI,12,,,-0.4689790606498718,0.04434783384203911,1,TRUE,increasing,Improving,1.86875,53.51170568561873
SPCD_epi,12,,,0.7575756907463074,7.79271125793457e-4,1,TRUE,increasing,Worsening,73.58277777777778,1.3590136580872638
TP_epi,12,,,-0.015267619863152504,1,1,FALSE,NA,Stable,20.719444444444445,4.826384233811503
TP_hypo,0,,,NA,NA,NA,FALSE,NA,Stable,NA,NA
