parameter,non_na_n,tau,p.value,slope,significant,slope_dir,trend,mean_value,percent_change
CHL_comp,35,-0.06902366876602173,0.5699182152748108,-0.005416666666666664,FALSE,NA,Stable,1.7567371428571428,-0.308336775862611
PH_epi,34,-0.04099821671843529,0.7443201541900635,-0.003181818181818195,FALSE,NA,Stable,5.8814705882352944,-0.05409902394450098
SECCHI,40,0.007712107617408037,0.9535326957702637,0.001527777777777622,FALSE,NA,Stable,8.72425,0.017511852340059284
SPCD_epi,34,-0.019642889499664307,0.882124125957489,-0.014444444444444334,FALSE,NA,Stable,16.050882352941176,-0.08999159128343821
TP_epi,34,0.14810198545455933,0.2814054489135742,0,FALSE,NA,Stable,3.9426470588235296,0
TP_hypo,32,-0.008302257396280766,0.960927426815033,0,FALSE,NA,Stable,6.5040625,0
