parameter,non_na_n,tau,p.value,slope,trend,mean_value,percent_change
CHL_comp,78,-0.10341968387365341,0.18242491781711578,-0.008235294117647066,Stable,4.134430769230769,-0.19918810054665115
SPCD_epi,78,0.3367754817008972,1.3113021850585938e-05,0.42641509433962255,Worsening,83.96743589743589,0.5078338879616116
PH_epi,77,0.17650490999221802,0.024252653121948242,0.0028571428571428532,Improving,6.54948051948052,0.04362396145228127
TP_epi,70,0.1044551357626915,0.20806074142456055,0.0245945945945946,Stable,12.146428571428572,0.2024841660243013
TP_hypo,69,0.1633310616016388,0.05101335048675537,0.033739837398373995,Stable,12.860724637681159,0.26234787190387604
SECCHI,75,-0.0966072678565979,0.22517675161361694,-0.004125000000000001,Stable,3.3826,-0.12194761426121922
