parameter,non_na_n,tau,p.value,slope,trend,mean_value,percent_change
CHL_comp,67,-0.15829941203075532,0.058689589000603615,-0.047103643417359446,Stable,5.968564179104478,-0.7891955586615953
PH_epi,70,0.1772256728778468,0.03019350035266788,0.00700003206729926,Improving,6.252142857142857,0.11196212606213829
SECCHI,68,0.008340649692712906,0.9239014187929053,3.892928389748167e-8,Stable,4.04764705882353,9.617756521685632e-7
SPCD_epi,70,-0.03643892339544513,0.6588400131080663,-0.027322559356688328,Stable,25.55742857142857,-0.10690652731485299
TP_epi,67,0.013568521031207599,0.8746483494503008,4.0978193283081055e-8,Stable,8.065820895522387,5.080473991906943e-7
TP_hypo,65,0.09759615384615385,0.251805360668216,0.05999999865889549,Stable,13.451538461538462,0.4460456239295713
