STATIONID,PARAMETER,n,tau,mk_p,sen_slope,sen_ci_lower,sen_ci_upper,TREND
CAPSALD,SPCD_epi,25,0.1806030167644758,0.215534781608476,1.4950000000000003,-0.6941176470588242,3.471428571428571,Stable
CAPSALD,CHL_comp,25,-0.13999999999999999,0.33828785497276576,-0.08405555555555552,-0.30920000000000003,0.0737500000000001,Stable
CAPSALD,PH_epi,25,0.3249622269338119,0.024837958351382767,0.014833333333333299,0.0018750000000000155,0.025333333333333326,Improving
CAPSALD,SECCHI_NVS,25,0.04040610178208842,0.7968908217044965,0.002859477124183009,-0.015625,0.03200000000000003,Stable
CAPSALD,TP_epi,25,0.20645372024383588,0.15979000664790172,0.14999999999999947,-0.038461538461538464,0.4090909090909091,Stable
CAPSALD,TP_hypo,25,0.27333333333333326,0.0585239735206252,0.6126984126984127,-0.02499999999999991,1.5199999999999996,Stable
