parameter,non_na_n,tau,p.value,slope,trend,mean_value,percent_change
CHL_comp,55,-0.2157062143087387,0.020559556782245636,-0.0276923076923077,Improving,4.59936,-0.6020904580704206
PH_epi,53,-0.03801271319389343,0.695412278175354,-7.900207900208023e-4,Stable,6.457358490566038,-0.012234426680429676
SECCHI,54,0.05547820404171944,0.5604007244110107,0.0035714285714285713,Stable,4.3980092592592595,0.0812055719052782
SPCD_epi,54,0.11208441108465195,0.23545050621032715,0.03640000000000001,Stable,21.10685185185185,0.1724558463549664
TP_epi,55,0.2767676767676768,0.0028002333275449764,0.11674562454223585,Worsening,7.766727272727273,1.5031508181339914
TP_hypo,54,0.2921034241788959,0.0018026626898712816,0.3749999242089709,Worsening,16.076666666666668,2.3325726158550957
