parameter,non_na_n,tau,p.value,slope,trend,mean_value,percent_change
CHL_comp,28,0.2222222089767456,0.10104858875274658,0.07235357142857143,Worsening,4.249575,1.7026072355134674
PH_epi,28,-0.018642224371433258,0.9055486917495728,-3.8405797101447427e-4,Worsening,6.545535714285714,-0.005867479573539915
SECCHI,28,-0.11256007105112076,0.42564791440963745,-0.003923076923076909,Worsening,2.7000892857142857,-0.14529434059211463
SPCD_epi,28,0.07171371579170227,0.6072726249694824,0.019090909090909006,Worsening,23.203214285714285,0.08227700203873418
TP_epi,28,-0.042328042328042326,NA,NA,Improving,11.314642857142857,NA
TP_hypo,3,NA,NA,NA,insufficient data,10,NA
