parameter,non_na_n,tau,p.value,slope,significant,slope_dir,trend,mean_value,percent_change
CHL_comp,97,0.08120301365852356,0.2399991750717163,0.02232594718714121,FALSE,NA,Stable,11.55539175257732,0.19320805097033272
PH_epi,96,-0.018085872754454613,0.7975829839706421,-2.1980676328501946e-4,FALSE,NA,Stable,6.049079861111111,-0.003633722290527749
SECCHI,96,-0.018663838505744934,0.7946000099182129,0,FALSE,NA,Stable,1.2860833333333332,0
SPCD_epi,95,0.08560225367546082,0.2205822467803955,0.08230769230769233,FALSE,NA,Stable,91.38624561403509,0.09006573336573477
TP_epi,101,-0.07459305971860886,0.273518443107605,-0.03110165696372595,FALSE,NA,Stable,28.99079207920792,-0.10728115630214854
TP_hypo,97,-0.07232044637203217,0.29639917612075806,-0.1111111111111111,FALSE,NA,Stable,76.5553264604811,-0.14513831531822696
