parameter,non_na_n,tau,p.value,slope,trend,mean_value,percent_change
CHL_comp,70,-0.1928662806749344,0.01864350587129593,-0.01243749999999999,Improving,1.9512657142857142,-0.6374067821179801
SPCD_epi,70,0.11689125001430511,0.15425395965576172,0.027777777777777776,Stable,37.167142857142856,0.07473745798687183
PH_epi,70,0.024552946910262108,0.768646240234375,4.081632653061319e-4,Stable,6.644228571428571,0.006143124983106549
TP_epi,70,-0.1085476502776146,0.2240222692489624,0,Stable,6.405714285714286,0
TP_hypo,70,-0.022701341658830643,0.7904296517372131,0,Stable,9.462714285714286,0
SECCHI,67,0.06156158447265625,0.46804213523864746,0.00506521739130436,Stable,5.654082089552238,0.0895851406307666
