parameter,non_na_n,MK,SEN,tau,p.value,slope,significant,slope_dir,trend,mean_value,percent_change
CHL_comp,32,,,-0.02016128972172737,0.8839623928070068,1,FALSE,NA,Stable,4.8753875,20.51119013616866
PH_epi,32,,,-0.14604732394218445,0.2492070198059082,1,FALSE,NA,Stable,7.02703125,14.2307606786294
SECCHI,32,,,-0.21638117730617523,0.08550108224153519,1,FALSE,NA,Stable,3.5764062500000002,27.961029315391674
SPCD_epi,32,,,0.39516130089759827,0.0015658140182495117,1,TRUE,increasing,Worsening,86.7459375,1.1527917373652223
TP_epi,32,,,0.10828330367803574,0.3978625535964966,1,FALSE,NA,Stable,8.224687499999998,12.158516660967365
TP_hypo,32,,,0.018312059342861176,0.8966209888458252,1,FALSE,NA,Stable,13.35,7.490636704119851
