parameter,non_na_n,tau,p.value,slope,trend,mean_value,percent_change
CHL_comp,68,-0.15583845478489902,0.060601734727440126,-0.011999958157539292,Stable,2.1243970588235292,-0.5648641861792425
PH_epi,70,-0.07536231884057971,0.3581268656766645,-0.0025000143051147226,Stable,6.936571428571429,-0.036041066265349406
SECCHI,70,-0.23519668737060043,0.003973327050895259,-0.03409091327339442,Worsening,7.3878571428571425,-0.46144521495457985
SPCD_epi,70,0.7262939958592133,0,1.2600000022910662,Worsening,93.42628571428571,1.3486568503262257
TP_epi,69,-0.09803921568627451,0.23158326551973785,-0.026163697242736622,Stable,6.874202898550725,-0.3806069973327768
TP_hypo,69,-0.1474850809889173,0.07340966084661371,-0.04967319488525474,Stable,9.67695652173913,-0.5133142302919796
