STATIONID,parameter,n,tau,mk_p,sen_slope,sen_ci_lower,sen_ci_upper,trend
SUNSUN010,CHL_comp,40,0.08360171835451684,0.4557161083838805,0.005879629629629628,-0.009062500000000001,0.020833333333333346,Stable
