STATIONID,PARAMETER,n,tau,mk_p,sen_slope,sen_ci_lower,sen_ci_upper,TREND
PINMAND,SPCD_epi,26,0.35384615384615387,0.011979868023479992,8.818181818181818,1.75,13.825,Worsening
PINMAND,CHL_comp,26,0.027692307692307693,0.8600328045734927,0.047499999999999876,-0.19423076923076918,0.3360000000000003,Stable
PINMAND,PH_epi,24,0.31253379657177455,0.036694473365126976,0.013639705882352918,0,0.029166666666666636,Improving
PINMAND,SECCHI_NVS,26,-0.15462337903849646,0.2877038426368153,-0.0049999999999999906,-0.022222222222222216,0.00714285714285715,Stable
PINMAND,TP_epi,26,0.08655425348292609,0.5514718533395346,0.04117647058823546,-0.1875,0.3083333333333333,Stable
PINMAND,TP_hypo,26,0.33642135546294705,0.017235511476797364,0.5849999999999997,0.13000000000000006,1.3000000000000007,Worsening
