STATIONID,parameter,n,tau,mk_p,sen_slope,sen_ci_lower,sen_ci_upper,trend
KOLSPRD,SPCD_epi,39,0.3135137997753314,0.005193399101628355,0.6380952380952384,0.25,1.082758620689655,Worsening
KOLSPRD,CHL_comp,39,-0.18243259900719713,0.1049708557732301,-0.014750000000000018,-0.03411764705882353,0.004583333333333346,Stable
KOLSPRD,PH_epi,39,0.16520067577115105,0.1431041225050729,0.004852941176470589,-0.004062499999999969,0.010666666666666677,Stable
KOLSPRD,SECCHI,20,-0.26741409365034885,0.11062782234614311,-0.03798076923076922,-0.07500000000000002,0.007692307692307665,Stable
KOLSPRD,TP_hypo,39,-0.03712233189481421,0.7594395506032573,0,-0.058823529411764705,0.03571428571428571,Stable
KOLSPRD,TP_epi,39,-0.15731888794885754,0.175823922506016,-0.034482758620689655,-0.09090909090909091,0,Stable
