STATIONID,parameter,n,tau,mk_p,sen_slope,sen_ci_lower,sen_ci_upper,trend
CANWIND,SPCD_epi,24,0.6109131300175179,3.399824163403517e-5,6.991666666666667,4.668421052631579,8.666666666666666,Worsening
CANWIND,CHL_comp,24,-0.5362318840579711,2.6609796274681583e-4,-0.08543402777777777,-0.11624999999999996,-0.04833333333333334,Improving
CANWIND,PH_epi,24,0.18840579710144928,0.20586252630799215,0.013733766233766188,-0.009999999999999985,0.030909090909090976,Stable
CANWIND,SECCHI,20,-0.036939442566909376,0.8455743853825337,-0.0069780219780220245,-0.12222222222222223,0.08928571428571429,Stable
CANWIND,TP_hypo,24,0.2773796521750473,0.06251523778500924,0.20000000000000018,0,0.4375,Stable
CANWIND,TP_epi,24,0.22951162341868644,0.12365529832533981,0.07467391304347828,-0.02950000000000008,0.14600000000000002,Stable
