parameter,non_na_n,tau,p.value,slope,trend,mean_value,percent_change
CHL_comp,62,0.12962964177131653,0.13830554485321045,0.03142857142857144,Stable,5.804682258064516,0.5414348284939686
SPCD_epi,63,0.3900446593761444,6.67572021484375e-6,1,Worsening,210.64222222222222,0.4747386300098113
PH_epi,63,0.20031216740608215,0.021317362785339355,0.004000000000000033,Improving,7.082777777777777,0.05647501764844348
TP_epi,63,0.22354920208454132,0.01034092903137207,0.0625,Worsening,13.53968253968254,0.46160609613130127
TP_hypo,63,0.1181005984544754,0.17430055141448975,0.08250000000000002,Stable,29.963968253968254,0.2753306881810429
SECCHI,64,-0.2673356831073761,0.0019283860456198454,-0.01838235294117647,Worsening,3.28412109375,-0.5597343221040133
