parameter,non_na_n,tau,p.value,slope,trend,mean_value,percent_change
CHL_comp,115,-0.10424298793077469,0.09924697130918503,-0.010521739130434781,Stable,5.852674782608696,-0.17977658970049518
SPCD_epi,113,-0.12155760824680328,0.05700268596410751,-0.02511022286821706,Stable,30.595309734513275,-0.08207213159829944
PH_epi,115,0.06276001036167145,0.3238874673843384,6.999999999999939e-4,Stable,6.257773913043478,0.011186086453857644
TP_epi,114,-0.14540936052799225,0.02392086572945118,-0.018604651162790673,Improving,11.214649122807018,-0.165895971947573
TP_hypo,113,0.05455099046230316,0.39844369888305664,0.007501172058134085,Stable,13.97433628318584,0.05367819913679638
SECCHI,115,0.006492567714303732,0.920964241027832,0,Stable,3.0059260869565216,0
