parameter,non_na_n,tau,p.value,slope,significant,slope_dir,trend,mean_value,percent_change
CHL_comp,115,-0.020693060010671616,0.7459526062011719,-3.191489361702154e-4,FALSE,NA,Stable,1.6187391304347827,-0.019715896784708857
PH_epi,117,-0.069926917552948,0.2670655846595764,-6.711711711711713e-4,FALSE,NA,Stable,6.507820512820513,-0.010313301816621297
SECCHI,117,0.04386432096362114,0.48960065841674805,0.0020478054235392867,FALSE,NA,Stable,7.214465811965812,0.02838471311545791
SPCD_epi,117,-0.053471341729164124,0.39505535364151,-0.005263157894736842,FALSE,NA,Stable,22.470726495726495,-0.023422286305419607
TP_epi,117,0.017534945160150528,0.8020114898681641,0,FALSE,NA,Stable,4.581538461538462,0
TP_hypo,117,-0.006022802088409662,0.9280612468719482,0,FALSE,NA,Stable,6.587777777777778,0
