parameter,non_na_n,MK,SEN,tau,p.value,slope,significant,slope_dir,trend,mean_value,percent_change
CHL_comp,39,,,-0.004048583097755909,0.9806980490684509,1,FALSE,NA,Stable,3.0548811965811966,32.73449720791526
PH_epi,39,,,-0.08395443856716156,0.4604054093360901,1,FALSE,NA,Stable,6.757320512820513,14.798765251740278
SECCHI,39,,,-0.10945955663919449,0.33309853076934814,1,FALSE,NA,Stable,5.906944444444444,16.92922642840348
SPCD_epi,39,,,0.28205129504203796,0.011864423751831055,1,TRUE,increasing,Worsening,70.19089743589744,1.4246861580780616
TP_epi,39,,,0,1,1,FALSE,NA,Stable,7.268119658119658,13.7587167938662
TP_hypo,39,,,-0.1883484423160553,0.09489919990301132,1,FALSE,NA,Stable,14.670641025641025,6.816334734468807
