parameter,non_na_n,tau,p.value,slope,trend,mean_value,percent_change
CHL_comp,100,-0.045956168323755264,0.5008664131164551,-0.0028388278388278383,Stable,4.008563,-0.07081909000377039
SPCD_epi,89,0.6550844311714172,0,0.44246212121212136,Worsening,57.7138202247191,0.7666484725656971
PH_epi,89,0.07352349907159805,0.31230103969573975,8.511066398390413e-4,Stable,6.662022471910112,0.012775499383673122
TP_epi,87,-0.04545168951153755,0.5399205088615417,-0.00526315789473687,Stable,9.536666666666667,-0.055188653212899716
TP_hypo,87,0.17181028425693512,0.019463777542114258,0.06610169491525425,Worsening,18.26,0.3620027103792675
SECCHI,96,0.10485922545194626,0.13757777214050293,0.003472222222222222,Stable,4.0193359375,0.08638795751872189
