parameter,non_na_n,tau,p.value,slope,trend,mean_value,percent_change
CHL_comp,19,-0.07079923897981644,0.6998301148414612,-0.0057142857142857195,Stable,0.5270578947368421,-1.0841855840407892
SPCD_epi,20,-0.17414307594299316,0.29891449213027954,-0.07038461538461527,Stable,17.272,-0.40750703673352984
PH_epi,20,0.29023846983909607,0.07961678504943848,0.02333333333333333,Stable,6.55745,0.3558293747315394
TP_epi,19,0,1,0,Stable,5.016315789473684,0
TP_hypo,19,-0.26120132207870483,0.1666468232870102,0,Stable,5.319473684210526,0
SECCHI,20,0.09473683685064316,0.5812547206878662,0.03641826923076921,Stable,10.711875,0.33998034173073544
