parameter,non_na_n,tau,p.value,slope,trend,mean_value,percent_change
CHL_comp,53,-0.11397459357976913,0.23143726587295532,-0.024864468864468872,Stable,6.983098113207547,-0.3560664401584338
SPCD_epi,53,0.6129268407821655,0,1.003030303030303,Worsening,80.13792452830188,1.2516299978246481
PH_epi,53,0.2734263241291046,0.004104018211364746,0.006224999999999996,Improving,6.699056603773585,0.09292353189691588
TP_epi,53,0.15531839430332184,0.105202317237854,0.036130536130536114,Stable,14.66132075471698,0.24643438838149595
TP_hypo,29,-0.16293904185295105,0.23426032066345215,-0.08989898989898984,Stable,15.613793103448275,-0.5757664989113749
SECCHI,50,-0.08806883543729782,0.3748413920402527,-0.00390625,Stable,2.15595,-0.1811846285860062
