parameter,non_na_n,tau,p.value,slope,trend,mean_value,percent_change
CHL_comp,28,0.06092720106244087,0.663759708404541,0.019285714285714302,Worsening,4.256678571428571,0.45306954617533834
PH_epi,28,0.00533350370824337,0.9842170476913452,0,Improving,6.762142857142857,0
SECCHI,28,0.0053050583228468895,0.9842314720153809,4.166666666666578e-4,Improving,3.0315714285714286,0.013744247050876983
SPCD_epi,28,-0.1111111044883728,0.4179302453994751,-0.7541666666666658,Improving,163.25,-0.46197039305768195
TP_epi,28,0.06084656084656084,NA,NA,Worsening,10.98857142857143,NA
TP_hypo,28,-0.20899470899470898,NA,NA,Improving,26.021785714285713,NA
