parameter,non_na_n,tau,p.value,slope,significant,slope_dir,trend,mean_value,percent_change
CHL_comp,28,0.05291004851460457,0.7073824405670166,0.0322125,FALSE,NA,Stable,5.711317857142857,0.5640116835681531
PH_epi,29,-0.0643572211265564,0.6388680934906006,-0.002487179487179498,FALSE,NA,Stable,6.646206896551724,-0.03742254079495976
SECCHI,29,-0.06674953550100327,0.6255730390548706,-0.01052083333333333,FALSE,NA,Stable,4.296293103448276,-0.24488164750419691
SPCD_epi,28,0.13227511942386627,0.3330097198486328,0.7449999999999996,FALSE,NA,Stable,125.84214285714286,0.5920115337242232
TP_epi,27,0.15364640951156616,0.27639055252075195,0.05428571428571427,FALSE,NA,Stable,7.704074074074074,0.7046364529177853
TP_hypo,27,-0.06867016106843948,0.6313754320144653,-0.10526315789473684,FALSE,NA,Stable,18.966296296296296,-0.5550011254189487
