STATIONID,parameter,n,tau,mk_p,sen_slope,sen_ci_lower,sen_ci_upper,trend
BROOSSD,SPCD_epi,36,0.507936507936508,1.392342836506662e-5,0.3774736842105264,0.24725000000000003,0.5278947368421053,Worsening
BROOSSD,CHL_comp,36,-0.4140148384107276,4.165979016090805e-4,-0.03444444444444444,-0.04722222222222225,-0.02250000000000002,Improving
BROOSSD,PH_epi,35,-0.11496397373756521,0.3409791266642681,-0.0030000000000000248,-0.009999999999999988,0.0038461538461538325,Stable
BROOSSD,SECCHI_NVS,36,-0.49642146154945704,2.2624649768683607e-5,-0.08821957236842104,-0.113671875,-0.05714285714285713,Worsening
BROOSSD,TP_hypo,36,0.025725600576054733,0.8376724082420244,3.4090909090910384e-4,-0.04690476190476188,0.05882352941176476,Stable
BROOSSD,TP_epi,36,-0.04847292089559259,0.6918421393117996,-0.004961597542242697,-0.050000000000000176,0.038000000000000075,Stable
