parameter,non_na_n,tau,p.value,slope,trend,mean_value,percent_change
CHL_comp,69,0.004693836905062199,0.9586892127990723,2.2222222222222077e-4,Stable,3.408322463768116,0.006519988193151772
SPCD_epi,68,-0.3326743543148041,6.278492219280452e-5,-0.17781749369217825,Improving,49.37014705882353,-0.3601720964701854
PH_epi,69,0.15332192182540894,0.06503438949584961,0.002499999999999989,Stable,6.815507246376812,0.03668105556382487
TP_epi,69,0.06521645933389664,0.44142651557922363,0.0037840909090909244,Stable,7.174927536231884,0.05274047563521801
TP_hypo,70,0.047439657151699066,0.5722399950027466,7.142857142856991e-4,Stable,10.504142857142858,0.006800038080213104
SECCHI,68,0.040057215839624405,0.6370342969894409,0.0014287010159651703,Stable,6.00952205882353,0.023773954101182947
