STATIONID,parameter,n,tau,mk_p,sen_slope,sen_ci_lower,sen_ci_upper,trend
HIGSTDND,SPCD_epi,38,-0.16512459698449056,0.1482099321064518,-0.09499999999999993,-0.21428571428571427,0.03235294117647063,Stable
HIGSTDND,CHL_comp,37,-0.2672672672672673,0.020615013419323248,-0.05775000000000001,-0.10263157894736841,-0.009999999999999787,Improving
HIGSTDND,PH_epi,37,0.19199234874134238,0.09906624628581008,0.006055555555555564,-0.0014285714285714615,0.011153846153846122,Stable
HIGSTDND,SECCHI_NVS,37,-0.010550187927972776,0.9374213038482119,-5.256410256410292e-4,-0.018666666666666668,0.016666666666666656,Stable
HIGSTDND,TP_hypo,38,-0.04762400613905788,0.6868054357709821,-0.02741935483870961,-0.20967741935483872,0.08928571428571429,Stable
HIGSTDND,TP_epi,38,-0.15374340816314522,0.18203297870470364,-0.043636363636363674,-0.13833333333333364,0.009999999999999995,Stable
