parameter,non_na_n,tau,p.value,slope,trend,mean_value,percent_change
CHL_comp,74,0.26204612851142883,9.844303131103516e-4,0.022142857142857148,Worsening,2.598422972972973,0.8521652314951059
SPCD_epi,76,-0.04598912596702576,0.5598599910736084,-0.025615090213231342,Stable,35.92776315789474,-0.07129608960251316
PH_epi,76,0.3499167263507843,8.702278137207031e-6,0.006666666666666753,Improving,6.304605263157895,0.10574280844551252
TP_epi,76,0.07221110165119171,0.3953653573989868,0,Stable,6.501315789473685,0
TP_hypo,76,0.0774138942360878,0.33167123794555664,0.011952380952380949,Stable,8.528684210526317,0.14014331703862384
SECCHI,77,-0.24948689341545105,0.0013832388212904334,-0.01944444444444444,Worsening,6.170844155844156,-0.31510185565178145
