STATIONID,parameter,n,tau,mk_p,sen_slope,sen_ci_lower,sen_ci_upper,trend
HIGSTDND,SPCD_epi,38,-0.16512459698449056,0.1482099321064518,-0.09499999999999993,-0.21739130434782608,0.039000000000000055,Stable
HIGSTDND,CHL_comp,37,-0.2672672672672673,0.020615013419323248,-0.05775000000000001,-0.10263157894736841,-0.009999999999999787,Improving
HIGSTDND,PH_epi,38,0.14316689373709623,0.212897992500737,0.005000000000000042,-0.0036842105263157577,0.010333333333333321,Stable
HIGSTDND,SECCHI,20,0.12137245414841652,0.47513429455583356,0.01854166666666668,-0.03166666666666673,0.06772727272727273,Stable
HIGSTDND,TP_hypo,38,-0.048959750580081965,0.6777297473509318,-0.029411764705882353,-0.21052631578947367,0.08653846153846154,Stable
HIGSTDND,TP_epi,38,-0.15816879410499451,0.16993900299878328,-0.04562500000000003,-0.14375000000000004,0.009444444444444441,Stable
