stationid,parameter,n,tau,mk_p,sen_slope,sen_ci_lower,sen_ci_upper,trend
WHIHOLD,SECCHI,84,0.07566961285667498,0.31308485296762456,0.002272727272727275,-0.002777777777777778,0.007575757575757576,Stable
WHIHOLD,TP_epi,84,0.0446126252044836,0.5585740127327609,0,-0.01289473684210527,0.0314754098360656,Stable
WHIHOLD,SPCD_epi,83,0.28172335212435407,1.6738314009244058e-4,0.1341176470588236,0.06689655172413786,0.18482758620689654,Worsening
WHIHOLD,PH_epi,83,0.12691977994292789,0.09148733887580368,0.002068965517241366,-4.0816326530611374e-4,0.004576271186440686,Stable
WHIHOLD,TP_hypo,84,-0.06154282018888201,0.4144973256369155,-0.014285714285714285,-0.06,0.024999999999999967,Stable
WHIHOLD,CHL_comp,83,-0.08088238442653986,0.2812063681223319,-0.007857142857142854,-0.024193548387096774,0.007727272727272729,Stable
WHIHOLD,Year,85,0.990571801030697,2.331832296060955e-40,0.3717607973421927,0.36363636363636365,0.3793103448275862,Stable
