parameter,non_na_n,tau,p.value,slope,trend,mean_value,percent_change
CHL_comp,120,0.18046799302101135,0.003508448600769043,0.041570028011204484,Worsening,12.743435833333333,0.32620737888025997
SPCD_epi,121,0.19849665462970734,0.00127410888671875,0.32088643443783627,Worsening,203.9099173553719,0.1573667620484584
PH_epi,121,0.06753465533256531,0.2751588821411133,8.246087425796017e-4,Stable,6.960495867768595,0.01184698271854525
TP_epi,121,0.3664124011993408,0,0.06206896551724138,Worsening,17.45702479338843,0.3555529435963739
TP_hypo,127,0.2712482511997223,6.318092346191406e-6,0.43010752688172044,Worsening,72.5740157480315,0.5926467241044006
SECCHI,119,-0.25229865312576294,6.86728599248454e-5,-0.005909090909090905,Worsening,2.6768382352941176,-0.22074889812837883
