STATIONID,parameter,n,tau,mk_p,sen_slope,sen_ci_lower,sen_ci_upper,trend
CHAWLMD,SPCD_epi,36,0.24940436779079653,0.03358188842095274,0.4422222222222222,0.06818181818181818,0.8636363636363636,Worsening
CHAWLMD,CHL_comp,36,-0.14920634920634923,0.20524714408164546,-0.059504166666666636,-0.125,0.015833333333333366,Stable
CHAWLMD,PH_epi,36,0.014342743312012724,0.9131884279629177,4.5833333333334205e-4,-0.006666666666666672,0.006666666666666821,Stable
CHAWLMD,SECCHI_NVS,36,0,1,0,-0.013636363636363648,0.01499999999999999,Stable
CHAWLMD,TP_hypo,23,-0.10640378718595453,0.5053506586226746,-0.042857142857142705,-0.2222222222222222,0.15384615384615385,Stable
CHAWLMD,TP_epi,36,0.024059045989203883,0.8485581735413824,0.01036866359447001,-0.07777777777777789,0.09999999999999999,Stable
