parameter,non_na_n,tau,p.value,slope,trend,mean_value,percent_change
CHL_comp,101,0.08119503408670425,0.2322077751159668,0.0035857142857142893,Worsening,2.3713084158415842,0.15121248091390543
PH_epi,102,-0.11253523081541061,0.09627839922904968,-0.0016393442622950761,Worsening,6.875,-0.023845007451564745
SECCHI,103,-0.06888318806886673,0.3084644675254822,-0.002777777777777775,Worsening,5.4057621359223305,-0.05138549769548509
SPCD_epi,101,-0.10684909671545029,0.11440917104482651,-0.08887600110466737,Improving,94.0840594059406,-0.09446446259424007
TP_epi,102,-0.054746651135701804,NA,NA,Improving,6.746176470588235,NA
TP_hypo,101,-0.02396039603960396,NA,NA,Improving,6.920792079207921,NA
