parameter,non_na_n,tau,p.value,slope,trend,mean_value,percent_change
CHL_comp,107,-0.1070357961558808,0.10263806402837261,-0.015454556345939768,Stable,2.9345102803738317,-0.5266485672004866
PH_epi,109,-0.07628270472307169,0.24034747180922444,-0.002499935925007085,Stable,7.149669724770642,-0.03496575396127521
SECCHI,108,0.0012114918656974732,0.9872759270120415,7.897615432034354e-8,Stable,5.082858796296296,1.5537743125559721e-6
SPCD_epi,108,0.7068189685012115,0,1.3499999426305336,Worsening,66.51611111111112,2.029583389767692
TP_epi,107,-0.10315640980426732,0.11529293690674902,-0.031200025258585326,Stable,7.775700934579439,-0.4012503248399795
TP_hypo,105,0.14725274725274726,0.025952455147322473,0.07752305269241677,Worsening,12.622761904761905,0.6141528555899592
