parameter,non_na_n,tau,p.value,slope,trend,mean_value,percent_change
CHL_comp,99,-0.1079297661781311,0.11519037187099457,-0.005454545454545459,Stable,2.960138383838384,-0.18426656957410895
SPCD_epi,98,0.07604809105396271,0.2691535949707031,0.031034482758620887,Stable,70.46285714285715,0.04404374732591562
PH_epi,98,-0.04804317653179169,0.48774534463882446,-5.333333333333338e-4,Stable,6.915204081632653,-0.007712474238466956
TP_epi,96,0.029743721708655357,0.6831995248794556,0,Stable,8.561458333333333,0
TP_hypo,97,0.07483924180269241,0.29303765296936035,0.012499999999999978,Stable,11.373092783505154,0.10990853796716776
SECCHI,99,0.03425163775682449,0.6217328310012817,0.001041666666666663,Stable,3.778939393939394,0.027565053526322027
