parameter,non_na_n,tau,p.value,slope,trend,mean_value,percent_change
CHL_comp,90,-0.059930335730314255,0.4066809415817261,-0.0018750000000000017,Stable,1.3371622222222221,-0.14022232821414518
SPCD_epi,89,0.41953244805336,0,0.24000000000000038,Worsening,64.09966292134831,0.37441694552198446
PH_epi,90,0.09135520458221436,0.2056729793548584,0.0017857142857142794,Stable,6.328666666666667,0.028216279664715252
TP_epi,89,0.16004233062267303,0.04935407638549805,0,Worsening,6.008876404494382,0
TP_hypo,90,-0.011450903490185738,0.8844045996665955,0,Stable,6.062111111111111,0
SECCHI,90,-0.050697118043899536,0.4834555983543396,-0.004268292682926804,Stable,8.562972222222223,-0.04984592466445157
