parameter,non_na_n,MK,SEN,tau,p.value,slope,significant,slope_dir,trend,mean_value,percent_change
CHL_comp,16,,,0.0833333283662796,0.6853286027908325,1,FALSE,NA,Stable,3.1270515625,31.979005782703652
PH_epi,16,,,0.21666665375232697,0.26035046577453613,1,FALSE,NA,Stable,6.83109375,14.638944166152015
SECCHI,15,,,-0.1262373924255371,0.5503279566764832,1,FALSE,NA,Stable,3.3620833333333335,29.743462634775064
SPCD_epi,16,,,0.11666665971279144,0.5583509206771851,1,FALSE,NA,Stable,41.4440625,2.4128908694701443
TP_epi,16,,,0.19999998807907104,0.3004271984100342,1,FALSE,NA,Stable,7.589374999999999,13.176315572757971
TP_hypo,0,,,NA,NA,NA,FALSE,NA,Stable,NA,NA
