stationid,parameter,n,tau,mk_p,sen_slope,sen_ci_lower,sen_ci_upper,trend
NUBNELD,SECCHI,69,-0.12806615125065987,0.12370897758708584,-0.014724480578139118,-0.03687499999999999,0.005263157894736824,Stable
NUBNELD,TP_epi,70,-0.4681804659921389,3.9578248065028367e-7,0,-0.06140350877192982,0,Improving
NUBNELD,SPCD_epi,71,-0.6466563950134506,1.689375132311812e-15,-0.08636363636363646,-0.10022222222222221,-0.07249999999999998,Improving
NUBNELD,PH_epi,83,0.3655494971298189,1.1580205967068093e-6,0.007500000000000025,0.004893617021276605,0.009999999999999992,Improving
NUBNELD,TP_hypo,70,-0.17275714567190734,0.04102538915045738,-0.01952380952380953,-0.056799999999999996,0,Improving
NUBNELD,CHL_comp,70,-0.1246111965698067,0.12947913152684454,-0.0031818181818181845,-0.009555555555555558,0.0012222222222222233,Stable
NUBNELD,Year,85,0.9939593462877792,7.185601724242689e-41,0.5,0.5,0.5,Stable
