parameter,non_na_n,tau,p.value,slope,trend,mean_value,percent_change
CHL_comp,70,0.15036416053771973,0.0671682357788086,0.004999999999999999,Worsening,1.2725157142857142,0.39292245619195265
PH_epi,83,-0.1131814494729042,0.13287264108657837,-0.0025806451612903247,Worsening,6.188734939759036,-0.041699073985398454
SECCHI,69,-0.07563638687133789,0.36438125371932983,-0.009966914805624448,Worsening,10.808985507246376,-0.09220953066263803
SPCD_epi,71,0.09065276384353638,0.26616597175598145,0.0111764705882353,Worsening,16.95894366197183,0.06590310582431524
TP_epi,70,-0.367287784679089,NA,NA,Improving,5.650428571428572,NA
TP_hypo,70,-0.16687370600414078,NA,NA,Improving,6.597285714285714,NA
