STATIONID,PARAMETER,n,tau,mk_p,sen_slope,sen_ci_lower,sen_ci_upper,TREND
PLENWLD,SPCD_epi,29,0.01728400330446471,0.9103572041170771,0.01083333333333335,-0.19608695652173905,0.19999999999999574,Stable
PLENWLD,CHL_comp,29,-0.2762024294514957,0.03729579387677623,-0.061729166666666675,-0.12555555555555553,-0.0047826086956521685,Improving
PLENWLD,PH_epi,29,0.2694703324018033,0.04266846989750934,0.008181818181818169,2.631578947368365e-4,0.01833333333333335,Improving
PLENWLD,SECCHI_NVS,29,-0.4189851898834764,0.0016896477788749364,-0.06801948051948052,-0.10576923076923077,-0.025,Worsening
PLENWLD,TP_epi,29,-0.0027361445303860418,1,0,-0.058823529411764705,0.027777777777777776,Stable
PLENWLD,TP_hypo,29,-0.1560765087276921,0.25997421300775414,-0.019166666666666686,-0.07624999999999993,0.0015000000000000124,Stable
