parameter,non_na_n,tau,p.value,slope,trend,mean_value,percent_change
CHL_comp,94,0.10619065165519714,0.1304556131362915,0.010188679245283019,Stable,4.375144680851064,0.23287639583386513
PH_epi,92,0.01609635353088379,0.8237842321395874,2.020408163265263e-4,Stable,6.475282608695652,0.003120185303653092
SECCHI,90,-0.07296562194824219,0.317727267742157,-0.0018243243243243215,Stable,2.8145,-0.064818771516231
SPCD_epi,92,-0.021757328882813454,0.7614590525627136,-0.01366666666666766,Stable,74.82239130434783,-0.018265476989471077
TP_epi,91,0.03028083028083028,0.6725330973497603,3.054737991631193e-8,Stable,12.6389010989011,2.416933218898904e-7
TP_hypo,89,0.07865168539325842,0.2756560937286019,0.04545454923063441,Stable,14.91505617977528,0.30475613824552994
