STATIONID,PARAMETER,n,tau,mk_p,sen_slope,sen_ci_lower,sen_ci_upper,TREND
MESNWLD,SPCD_epi,30,0.04367816091954023,0.7481053914270008,0.14999999999999977,-0.8375000000000004,1.1799999999999984,Stable
MESNWLD,CHL_comp,30,-0.11264367816091954,0.3917934361895804,-0.028181818181818186,-0.08781249999999996,0.03125,Stable
MESNWLD,PH_epi,30,0.32832918460234584,0.011807119909635075,0.011388888888888844,0.002749999999999986,0.019047619047619063,Improving
MESNWLD,SECCHI_NVS,30,-0.18248422564933509,0.16813331506580542,-0.014374999999999999,-0.0375,0.006250000000000033,Stable
MESNWLD,TP_epi,30,0.19441351501138524,0.14220107310337682,0.08461538461538459,-0.02105263157894739,0.19047619047619047,Stable
MESNWLD,TP_hypo,30,0.32714939645375385,0.01340430251975317,0.2777777777777778,0.038461538461538464,0.5,Worsening
