parameter,non_na_n,MK,SEN,tau,p.value,slope,significant,slope_dir,trend,mean_value,percent_change
CHL_comp,37,,,-0.2659655213356018,0.021330665796995163,1,TRUE,increasing,Worsening,3.068591891891892,32.58823705564397
PH_epi,37,,,-0.09036185592412949,0.44016289710998535,1,FALSE,NA,Stable,6.921756756756757,14.447199390874834
SECCHI,37,,,0.13092583417892456,0.2605583667755127,1,FALSE,NA,Stable,3.8117905405405406,26.234390094745148
SPCD_epi,37,,,0.21487608551979065,0.06325995922088623,1,FALSE,NA,Stable,69.03644144144144,1.4485103506504269
TP_epi,37,,,-0.08485199511051178,0.4713757038116455,1,FALSE,NA,Stable,8.692792792792792,11.503782775417143
TP_hypo,37,,,0.015198690816760063,0.9061374664306641,1,FALSE,NA,Stable,11.596306306306307,8.623435545645942
