STATIONID,parameter,n,tau,mk_p,sen_slope,sen_ci_lower,sen_ci_upper,trend
JENNORD,SPCD_epi,31,0.2195910852387945,0.08599998198697952,0.7514285714285711,-0.0433333333333334,1.3633333333333344,Stable
JENNORD,CHL_comp,32,-0.006054493496206035,0.9741234194316012,-0.0014880952380952224,-0.058636363636363625,0.061666666666666675,Stable
JENNORD,PH_epi,31,0.33333333333333337,0.008858992984779306,0.014999999999999977,0.004375000000000018,0.027500000000000035,Improving
JENNORD,SECCHI_NVS,31,-0.1403900787029245,0.27641869465442026,-0.015625,-0.06133333333333333,0.017105263157894745,Stable
JENNORD,TP_hypo,31,0.060541425009017484,0.6460335914571025,0.027916666666666663,-0.06666666666666703,0.15714285714285717,Stable
JENNORD,TP_epi,31,0.12715546771796823,0.3240952892188453,0.058529411764705885,-0.0459090909090909,0.1466666666666665,Stable
