parameter,non_na_n,tau,p.value,slope,trend,mean_value,percent_change
CHL_comp,115,0.05781161040067673,0.3621037006378174,0.0014893617021276586,Worsening,1.9430947826086957,0.07664894761994681
PH_epi,116,-0.06484805047512054,0.30586761236190796,-5.530071355759351e-4,Worsening,6.9862068965517246,-0.007915699373989199
SECCHI,115,0.02981255203485489,0.6406712532043457,0.0013333333333333285,Improving,8.62154347826087,0.015465134945909792
SPCD_epi,114,-0.03653041645884514,0.5665996074676514,-0.023809523809523808,Improving,123.87070175438596,-0.019221271432476383
TP_epi,116,0.021289355322338832,NA,NA,Worsening,6.747758620689655,NA
TP_hypo,117,0.1360153256704981,NA,NA,Worsening,19.41119658119658,NA
