parameter,non_na_n,MK,SEN,tau,p.value,slope,significant,slope_dir,trend,mean_value,percent_change
CHL_comp,32,,,-0.16347132623195648,0.19446371495723724,1,FALSE,NA,Stable,4.169804635416667,23.98193890203864
PH_epi,31,,,0.22438091039657593,0.0798788070678711,1,FALSE,NA,Stable,6.547612903225806,15.272741604918808
SECCHI,32,,,-0.07467208802700043,0.5593083500862122,1,FALSE,NA,Stable,3.3737239583333336,29.640836427352934
SPCD_epi,32,,,0.3854694068431854,0.002059340476989746,1,TRUE,increasing,Worsening,85.17327083333333,1.1740772547725629
TP_epi,32,,,0.062689870595932,0.6264811754226685,1,FALSE,NA,Stable,12.0015625,8.332248405155578
TP_hypo,32,,,0.052419353276491165,0.6851751804351807,1,FALSE,NA,Stable,13.104947916666667,7.630705641555551
