stationid,parameter,n,tau,mk_p,sen_slope,sen_ci_lower,sen_ci_upper,trend
DUTSPRD,SECCHI,48,-0.20099285705901804,0.057735312877979166,-0.0034482758620689685,-0.009677419354838719,0,Stable
DUTSPRD,TP_epi,45,0.052341151785694436,0.624045151594792,0.005978260869565389,-0.04774999999999996,0.08,Stable
DUTSPRD,SPCD_epi,47,-0.5736803182172953,1.4422660046352777e-8,-0.15071428571428566,-0.1885714285714286,-0.11562500000000002,Improving
DUTSPRD,PH_epi,47,0.16311427464659767,0.10847194358662725,0.0042307692307692315,-0.0013636363636363345,0.008750000000000036,Stable
DUTSPRD,TP_hypo,13,0.3313075075502895,0.1388990286512846,0.2863636363636364,-0.08000000000000007,1,Stable
DUTSPRD,CHL_comp,47,0.06604754039155088,0.5206836453439091,0.003846153846153841,-0.0063333333333333314,0.015833333333333328,Stable
DUTSPRD,Year,48,0.9933288114514621,4.5936614184343126e-23,0.6842105263157895,0.6333333333333333,0.7272727272727273,Stable
