STATIONID,parameter,n,tau,mk_p,sen_slope,sen_ci_lower,sen_ci_upper,trend
RANGOSD,SPCD_epi,38,0.19074737927518737,0.09448577999786499,0.30416666666666653,-0.03571428571428571,0.6727272727272733,Stable
RANGOSD,CHL_comp,38,-0.2508915215349744,0.027763991186470022,-0.026551724137931044,-0.05318181818181819,-0.004400000000000012,Improving
RANGOSD,PH_epi,38,-0.16607359673503164,0.14791061390424745,-0.0030769230769230795,-0.008823529411764727,0.0016666666666666312,Stable
RANGOSD,SECCHI_NVS,38,0.06051312811557193,0.6121883193370781,0,-0.012173913043478271,0.017857142857142856,Stable
RANGOSD,TP_hypo,38,0.17102318135980782,0.15137842248731528,0.03125,0,0.09615384615384616,Stable
RANGOSD,TP_epi,38,-0.023890870861473994,0.8488850838993814,0,-0.07692307692307693,0.06896551724137931,Stable
