parameter,non_na_n,tau,p.value,slope,trend,mean_value,percent_change
CHL_comp,114,-0.1940862089395523,0.002275856677442789,-0.006923076923076929,Improving,1.9536701754385966,-0.3543626252841121
SPCD_epi,114,-0.26468774676322937,3.070227103307843e-5,-0.03506172839506173,Improving,27.781929824561402,-0.1262033581413211
PH_epi,114,0.15002097189426422,0.01857912540435791,0.0017808219178082178,Improving,6.621710526315789,0.02689368420336305
TP_epi,114,-0.03714246675372124,0.5960690975189209,0,Stable,5.925438596491228,0
TP_hypo,113,0.016329029574990273,0.8075836896896362,0,Stable,7.310088495575221,0
SECCHI,110,-0.14662091434001923,0.02438877522945404,-0.006249999999999978,Worsening,6.0085,-0.10401930598319012
