STATIONID,parameter,n,tau,mk_p,sen_slope,sen_ci_lower,sen_ci_upper,trend
EMERIND,SPCD_epi,20,0.47368421052631576,0.00388265634802251,1.327083333333332,0.605714285714287,2.1888888888888878,Worsening
EMERIND,CHL_comp,20,0.07368421052631578,0.6731887478154437,0.08925000000000004,-0.24555555555555555,0.5066666666666667,Stable
EMERIND,PH_epi,20,0.31746476116266387,0.05533570967441701,0.018666666666666713,0,0.03333333333333336,Stable
EMERIND,SECCHI_NVS,20,-0.23532440241230698,0.16150576049325202,-0.035416666666666624,-0.07499999999999996,0.011363636363636364,Stable
EMERIND,TP_hypo,20,0.2659724977378574,0.11100569350718431,0.24484848484848493,-0.08500000000000009,0.838888888888889,Stable
EMERIND,TP_epi,20,0.3636831673644744,0.02898056216898991,0.20000000000000007,0.011111111111111072,0.4222222222222221,Worsening
