STATIONID,parameter,n,tau,mk_p,sen_slope,sen_ci_lower,sen_ci_upper,trend
SUNSUN100,CHL_comp,14,-0.24309763284832517,0.24958033147908038,-0.040000000000000036,-0.10749999999999998,0.027142857142857153,Stable
SUNSUN100,SECCHI,12,0.20832691310086804,0.3996564892080491,0.08750000000000005,-0.05833333333333327,0.2600000000000001,Stable
