parameter,non_na_n,tau,p.value,slope,trend,mean_value,percent_change
CHL_comp,101,-0.26633663366336635,7.884380726008722e-5,-0.06749994229525291,Improving,2.748608910891089,-2.4557856167820424
PH_epi,108,0.22256836275527864,6.343698314890123e-4,0.010833252370357625,Improving,6.764259259259259,0.16015430448690332
SECCHI,110,-0.18932443703085905,0.003316707122467566,-0.04687507078051567,Worsening,6.502363636363636,-0.7208927922513105
SPCD_epi,108,-0.122533748701973,0.06025050496095696,-0.13333337604999726,Stable,47.2787962962963,-0.28201516640651503
TP_epi,109,0.017499150526673463,0.7650383430539744,5.587935447692871e-8,Stable,5.762201834862386,9.697569796817649e-7
TP_hypo,105,-0.10586080586080586,0.0997353459465975,-5.5395066791582136e-8,Stable,6.302476190476191,-8.789413100090856e-7
