parameter,non_na_n,MK,SEN,tau,p.value,slope,significant,slope_dir,trend,mean_value,percent_change
CHL_comp,37,,,-0.14714714884757996,0.2045654058456421,1,FALSE,NA,Stable,7.808946396396396,12.80582487365352
PH_epi,37,,,-0.12330840528011322,0.28933995962142944,1,FALSE,NA,Stable,7.465301801801802,13.395305729751517
SECCHI,37,,,-0.18975989520549774,0.1019415631890297,1,FALSE,NA,Stable,4.732583333333333,21.13010864397528
SPCD_epi,37,,,0.11870776861906052,0.3076145648956299,1,FALSE,NA,Stable,73.95041441441441,1.352257465923112
TP_epi,37,,,0.10113348066806793,0.3877127170562744,1,FALSE,NA,Stable,10.029486486486487,9.970600203184663
TP_hypo,37,,,0.045045044273138046,0.7044743299484253,1,FALSE,NA,Stable,99.17738738738738,1.0082943565492353
