parameter,non_na_n,MK,SEN,tau,p.value,slope,significant,slope_dir,trend,mean_value,percent_change
CHL_comp,28,,,0.04515308141708374,0.7517514228820801,1.25,FALSE,NA,Stable,3.518352976190476,35.52798734120893
PH_epi,28,,,0.2063491940498352,0.1281965970993042,1.25,FALSE,NA,Stable,6.7001904761904765,18.65618603593359
SECCHI,28,,,-0.015915174037218094,0.9212802648544312,1.25,FALSE,NA,Stable,3.136264880952381,39.856327429219434
SPCD_epi,28,,,0.5218546986579895,1.0752677917480469e-4,1.25,TRUE,increasing,Worsening,111.33827380952381,1.1227046703979666
TP_epi,28,,,0.3713540732860565,0.006010174751281738,1.25,TRUE,increasing,Worsening,14.963988095238095,8.353388094433063
TP_hypo,17,,,0.40303000807762146,0.028386354446411133,1.25,TRUE,increasing,Worsening,15.705882352941176,7.9588014981273405
