STATIONID,PARAMETER,n,tau,mk_p,sen_slope,sen_ci_lower,sen_ci_upper,TREND
SUNSUN010,SPCD_epi,40,0.704297771572344,1.7117322601502212e-10,1.1630681818181827,0.9642857142857136,1.3411764705882359,Worsening
SUNSUN010,CHL_comp,40,0.08360171835451684,0.4557161083838805,0.005879629629629628,-0.009062500000000001,0.020833333333333346,Stable
SUNSUN010,PH_epi,40,0.24823279449879615,0.02523682862468808,0.005264945652173942,6.896551724137784e-4,0.011125000000000006,Improving
SUNSUN010,SECCHI,38,0.2003050284753618,0.08217156974212401,0.023809523809523808,0,0.05625,Stable
SUNSUN010,TP_epi,40,0.431198160225108,3.1463431848957954e-4,0.09699820788530467,0,0.14705882352941177,Worsening
