stationid,parameter,n,tau,mk_p,sen_slope,sen_ci_lower,sen_ci_upper,trend
WILPFDD,SECCHI,38,-0.4871473309654194,1.89682983117212e-5,-0.038020833333333316,-0.05833333333333332,-0.020000000000000018,Worsening
WILPFDD,TP_epi,38,0.24233840148264574,0.03357361506936754,0.044285714285714296,0.0034482758620689533,0.08695652173913043,Worsening
WILPFDD,SPCD_epi,38,0.390035685980607,5.982616766432853e-4,0.25925925925925924,0.1441176470588235,0.3919999999999999,Worsening
WILPFDD,PH_epi,38,0.03445950493497634,0.7721775370645563,9.090909090909167e-4,-0.0034782608695652206,0.006666666666666672,Stable
WILPFDD,TP_hypo,37,0.1670433149812936,0.1501374287702444,0.08555555555555551,-0.045806451612903226,0.20000000000000107,Stable
WILPFDD,CHL_comp,38,0.014234879050387117,0.9099068105727127,0.0035714285714285587,-0.029999999999999954,0.047368421052631574,Stable
WILPFDD,Year,38,0.9784302462615468,2.4026808250581123e-17,0.45,0.42857142857142855,0.5,Stable
