parameter,non_na_n,MK,SEN,tau,p.value,slope,significant,slope_dir,trend,mean_value,percent_change
CHL_comp,31,,,0.0064516132697463036,0.972882866859436,1,FALSE,NA,Stable,3.584668211143695,27.896584595787406
PH_epi,31,,,0.2989247441291809,0.019001245498657227,1,TRUE,increasing,Improving,6.393360215053764,15.641227247690606
SECCHI,31,,,-0.01508624292910099,0.9187503457069397,1,FALSE,NA,Stable,4.484086021505377,22.30108867680207
SPCD_epi,31,,,0.2129032462835312,0.09578335285186768,1,FALSE,NA,Stable,75.89556451612903,1.3176000552541958
TP_epi,31,,,0.12082049250602722,0.34968090057373047,1,FALSE,NA,Stable,7.975483870967741,12.538424203203366
TP_hypo,31,,,0.07991435378789902,0.5403499603271484,1,FALSE,NA,Stable,10.561451612903225,9.468395412409707
