STATIONID,parameter,n,tau,mk_p,sen_slope,sen_ci_lower,sen_ci_upper,trend
PAWNOTSD,SPCD_epi,34,0.06607153391515719,0.5934817944438131,0.04285714285714279,-0.13933333333333356,0.23599999999999993,Stable
PAWNOTSD,CHL_comp,34,0.010704732180763761,0.9409066558101971,0.005000000000000042,-0.05999999999999983,0.06357142857142861,Stable
PAWNOTSD,PH_epi,34,0.22003315234574247,0.07235886976530187,0.0056000000000000225,0,0.011904761904761904,Stable
PAWNOTSD,SECCHI_NVS,30,-0.2292750527389082,0.08262544695073487,-0.01499999999999999,-0.032857142857142856,0,Stable
PAWNOTSD,TP_hypo,34,-0.06904071590659358,0.5820571186078879,-0.03214285714285709,-0.1586206896551724,0.08333333333333333,Stable
PAWNOTSD,TP_epi,34,-0.056374912473854934,0.655233900279431,-0.015000000000000036,-0.08260869565217385,0.05555555555555555,Stable
