parameter,non_na_n,MK,SEN,tau,p.value,slope,significant,slope_dir,trend,mean_value,percent_change
CHL_comp,23,,,-0.1821785867214203,0.23448479175567627,1,FALSE,NA,Stable,2.0581608695652176,48.587066967765644
PH_epi,23,,,0.003952569328248501,1,1,FALSE,NA,Stable,6.729268115942029,14.860457077508052
SECCHI,22,,,-0.004329004790633917,1,1,FALSE,NA,Stable,4.159176136363636,24.043223157995396
SPCD_epi,23,,,0.35177868604660034,0.020119071006774902,1,TRUE,increasing,Worsening,44.09702898550725,2.267726472748665
TP_epi,23,,,0.015841616317629814,0.9368265867233276,1,FALSE,NA,Stable,8.386521739130435,11.923894447612629
TP_hypo,23,,,0.015841616317629814,0.9368265867233276,1,FALSE,NA,Stable,9.411434782608696,10.625372465502188
