parameter,non_na_n,MK,SEN,tau,p.value,slope,significant,slope_dir,trend,mean_value,percent_change
CHL_comp,38,,,0.20910383760929108,0.06643187999725342,1,FALSE,NA,Stable,7.194558070175439,13.899394379002006
PH_epi,38,,,0.002851039869710803,0.989966869354248,1,FALSE,NA,Stable,6.859348684210526,14.578643629852076
SECCHI,38,,,-0.23252591490745544,0.04162071645259857,1,TRUE,increasing,Improving,2.298207236842105,43.51217696860396
SPCD_epi,38,,,0.6301564574241638,0,1,TRUE,increasing,Worsening,60.51052631578948,1.6526050273984516
TP_epi,38,,,0.051540084183216095,0.6596813201904297,1,FALSE,NA,Stable,11.15890350877193,8.961453956599835
TP_hypo,26,,,0.04037442430853844,0.791064977645874,1,FALSE,NA,Stable,11.533846153846154,8.670134720554888
