parameter,non_na_n,tau,p.value,slope,trend,mean_value,percent_change
CHL_comp,38,0.011387903243303299,0.9298684597015381,0.0030000000000000248,Stable,3.7889473684210526,0.07917766356438459
SPCD_epi,38,0.38149476051330566,7.880926132202148e-4,0.25,Worsening,31.40684210526316,0.7960048933353442
PH_epi,38,0.0315878801047802,0.7915091514587402,8.695652173913244e-4,Stable,6.418947368421053,0.013546850713705446
TP_epi,38,0.24804048240184784,0.02959597110748291,0.04354838709677418,Worsening,7.969736842105263,0.5464218952212049
TP_hypo,37,0.19413140416145325,0.09402716159820557,0.0948849104859335,Stable,11.696486486486487,0.8112257522424242
SECCHI,38,-0.4957188665866852,1.3479522749548778e-5,-0.03823529411764703,Worsening,3.957171052631579,-0.9662279848180931
