parameter,non_na_n,tau,p.value,slope,trend,mean_value,percent_change
CHL_comp,132,-0.031505148857831955,0.6002204418182373,0,Stable,2.029469696969697,0
SPCD_epi,9,NA,NA,NA,insufficient data,44.855555555555554,NA
PH_epi,8,NA,NA,NA,insufficient data,6.815,NA
TP_epi,11,-0.01966843195259571,1,0,Stable,12.454545454545455,0
TP_hypo,9,NA,NA,NA,insufficient data,10.666666666666666,NA
SECCHI,133,-0.14174415171146393,0.017316218465566635,-0.004255319148936174,Worsening,7.190225563909775,-0.059181997993151846
