parameter,non_na_n,tau,p.value,slope,trend,mean_value,percent_change
CHL_comp,83,0.08580664119894212,0.2519666256950477,0.07636368767660916,Stable,13.635703614457832,0.5600274825249305
PH_epi,87,-0.08580593424218123,0.24008300963568519,-0.004374949336051426,Stable,7.114137931034483,-0.061496549244094485
SECCHI,88,-0.13845350052246605,0.056203456986194666,-0.014375005364418061,Stable,2.5360795454545455,-0.5668199718018548
SPCD_epi,87,-0.08313285217856188,0.2552203829885,-4.41666660096962,Stable,935.0758620689655,-0.47233243634342403
TP_epi,86,0.047879616963064295,0.515713310818624,0.07692304430529642,Stable,23.677906976744186,0.32487265188113207
TP_hypo,84,0.1861732644865175,0.012210150078297843,1.019999991124496,Worsening,53.36190476190476,1.9114759783700173
