parameter,non_na_n,MK,SEN,tau,p.value,slope,significant,slope_dir,trend,mean_value,percent_change
CHL_comp,26,,,0.20615386962890625,0.14574062824249268,1,FALSE,NA,Stable,12.717338269230769,7.863280655351214
PH_epi,26,,,0.04000000283122063,0.7913956642150879,1,FALSE,NA,Stable,6.9515,14.38538444939941
SECCHI,26,,,-0.5216074585914612,2.115733950631693e-4,1,TRUE,increasing,Improving,2.6846274038461537,37.24911690044368
SPCD_epi,26,,,0.17538462579250336,0.21708106994628906,1,FALSE,NA,Stable,202.7926923076923,0.4931144158206277
TP_epi,26,,,0.6120622158050537,1.3947486877441406e-5,1,TRUE,increasing,Worsening,17.427115384615387,5.738184306065922
TP_hypo,26,,,0.4769231081008911,6.878376007080078e-4,1,TRUE,increasing,Worsening,72.83505244755244,1.3729653050227248
