parameter,non_na_n,tau,p.value,slope,trend,mean_value,percent_change
CHL_comp,19,-0.029239768162369728,0.8887056112289429,-0.007499999999999951,Improving,4.266836842105263,-0.17577423926759386
PH_epi,19,0.3684210777282715,0.030074715614318848,0.03888888888888885,Improving,6.558947368421053,0.5929135683589216
SECCHI,19,0.017543861642479897,0.9442166090011597,0.0064999999999999945,Improving,3.8673684210526313,0.16807294501905268
SPCD_epi,19,-0.10557231307029724,0.5517638921737671,-0.0692307692307694,Improving,20.87421052631579,-0.3316569464674664
TP_epi,19,-0.04678362573099415,NA,NA,Improving,8.016315789473683,NA
TP_hypo,18,0.006535947712418301,NA,NA,Worsening,18.63888888888889,NA
