parameter,non_na_n,MK,SEN,tau,p.value,slope,significant,slope_dir,trend,mean_value,percent_change
CHL_comp,23,,,0.059288542717695236,0.711571455001831,1.1111111111111112,FALSE,NA,Stable,10.326188405797101,10.7601282045884
PH_epi,23,,,-0.1547631174325943,0.3152349591255188,1.1111111111111112,FALSE,NA,Stable,6.257463768115942,17.756572827039403
SECCHI,23,,,-0.18438687920570374,0.23328489065170288,1.1111111111111112,FALSE,NA,Stable,1.626876811594203,68.29718778905671
SPCD_epi,23,,,0.4071146547794342,0.007062792778015137,1.1111111111111112,TRUE,increasing,Worsening,49.672463768115946,2.2368753768648735
TP_epi,23,,,0.3058851659297943,0.046764492988586426,1.1111111111111112,TRUE,increasing,Worsening,20.98985507246377,5.293562567608
TP_hypo,11,,,0.4487745761871338,0.07075440883636475,1.1111111111111112,FALSE,NA,Stable,20.772727272727273,5.348893751519572
