parameter,non_na_n,MK,SEN,tau,p.value,slope,significant,slope_dir,trend,mean_value,percent_change
CHL_comp,36,,,-0.08888889849185944,0.4537672996520996,1,FALSE,NA,Stable,2.2848208333333333,43.76710792421725
PH_epi,36,,,-0.141607403755188,0.23053866624832153,1,FALSE,NA,Stable,6.644736111111111,15.049506606106336
SECCHI,36,,,-0.3802715539932251,0.0011841307859867811,1,TRUE,increasing,Improving,4.454046296296297,22.451495415113595
SPCD_epi,36,,,0.5523809790611267,2.2649765014648438e-06,1,TRUE,increasing,Worsening,42.76965277777778,2.338106426058196
TP_epi,36,,,0.011155467480421066,0.934830904006958,1,FALSE,NA,Stable,6.845699074074073,14.607711925100311
TP_hypo,36,,,0.21114481985569,0.07570624351501465,1,FALSE,NA,Stable,8.505078703703703,11.757680732155135
