parameter,non_na_n,tau,p.value,slope,significant,slope_dir,trend,mean_value,percent_change
CHL_comp,97,0.08120301365852356,0.2399991750717163,0.02232594718714121,FALSE,increasing,Worsening (weak),11.55539175257732,0.19320805097033272
PH_epi,96,-0.02096477709710598,0.7659652233123779,-2.5158227848101297e-4,FALSE,decreasing,Worsening (weak),6.049739583333333,-0.004158563769820885
SECCHI,96,-0.018663838505744934,0.7946000099182129,0,FALSE,NA,Stable,1.2860833333333332,0
SPCD_epi,95,0.08515407145023346,0.22301459312438965,0.08230769230769233,FALSE,increasing,Worsening (weak),91.38484210526316,0.0900671166153407
TP_epi,101,-0.07499195635318756,0.2709544897079468,-0.029814814814814773,FALSE,decreasing,Improving (weak),28.984158415841584,-0.10286589794002501
TP_hypo,97,-0.07104433327913284,0.3051283359527588,-0.10714285714285714,FALSE,decreasing,Improving (weak),76.38041237113401,-0.14027530595442161
