STATIONID,parameter,n,tau,mk_p,sen_slope,sen_ci_lower,sen_ci_upper,trend
ISLWASD,SPCD_epi,25,0.033333333333333326,0.8335157043083458,0.05272556390977464,-0.38772727272727275,0.5727777777777779,Stable
ISLWASD,CHL_comp,25,0.1533333333333333,0.29327072669776233,0.044374999999999984,-0.03631428571428571,0.15100000000000016,Stable
ISLWASD,PH_epi,25,0.2445592017130749,0.09238763061206243,0.01183035714285716,-0.0014285714285713982,0.025499999999999988,Stable
ISLWASD,SECCHI_NVS,25,-0.32606193304461495,0.02473284358547963,-0.07618055555555556,-0.14583333333333334,-0.01071428571428574,Worsening
ISLWASD,TP_hypo,25,0.4280960397380167,0.00300036854320614,0.17979166666666668,0.06041666666666664,0.29999999999999993,Worsening
ISLWASD,TP_epi,23,0.039922147877000484,0.8117529236750811,0.005416666666666625,-0.08000000000000007,0.13900000000000007,Stable
