STATIONID,parameter,n,tau,mk_p,sen_slope,sen_ci_lower,sen_ci_upper,trend
ISLDERD,SPCD_epi,36,0.49044834704040036,2.871487167432557e-5,1.8896638655462188,1.2262500000000003,2.949999999999998,Worsening
ISLDERD,CHL_comp,36,0.24305011638211382,0.03839918595562,0.051339712918660296,0.003666666666666707,0.09214285714285715,Worsening
ISLDERD,PH_epi,36,0.03993691754177747,0.7435434003363584,0.0014751552795030742,-0.007368421052631562,0.009230769230769239,Stable
ISLDERD,SECCHI,20,-0.02681437378268402,0.8962163527247884,0,-0.08857142857142859,0.07499999999999996,Stable
ISLDERD,TP_hypo,36,0.17832159544272927,0.13611829039536086,0.040312500000000015,-0.01850000000000005,0.10499999999999998,Stable
ISLDERD,TP_epi,36,0.1555818307301851,0.19041651937455353,0.04794642857142857,-0.021874999999999978,0.12777777777777782,Stable
