STATIONID,parameter,n,tau,mk_p,sen_slope,sen_ci_lower,sen_ci_upper,trend
THOJAFD,SPCD_epi,36,-0.3229921688927557,0.005919877210618442,-0.14088333333333347,-0.23400000000000035,-0.03842105263157897,Improving
THOJAFD,CHL_comp,36,-0.022222222222222227,0.8594521306883358,-0.0019666666666666647,-0.04983333333333332,0.03692307692307692,Stable
THOJAFD,PH_epi,36,-0.09112945665258443,0.4451920981857649,-0.0024999999999999467,-0.013333333333333345,0.005740740740740717,Stable
THOJAFD,SECCHI,20,-0.2705655957929505,0.10420908496567939,-0.030624999999999993,-0.0625,0.005833333333333357,Stable
THOJAFD,TP_hypo,36,0.20081778862994998,0.09067063836548846,0.04767959770114945,-0.00593750000000004,0.0915384615384615,Stable
THOJAFD,TP_epi,36,0.1830334565824482,0.12565301798901915,0.029226190476190503,-0.00847826086956523,0.07809523809523812,Stable
