STATIONID,PARAMETER,n,tau,mk_p,sen_slope,sen_ci_lower,sen_ci_upper,TREND
OSSOSSD,SPCD_epi,23,0.25346584347827067,0.09602466449326663,0.2976666666666669,-0.05062500000000014,0.6649999999999991,Stable
OSSOSSD,CHL_comp,23,-0.24110671936758893,0.11305101958707044,-0.019166666666666703,-0.04192499999999999,0.008809523809523812,Stable
OSSOSSD,PH_epi,23,0.06400460849772373,0.6913759929059397,0.0029166666666666785,-0.009333333333333312,0.012499999999999956,Stable
OSSOSSD,SECCHI_NVS,22,-0.09544491002070923,0.5535880654873964,-0.013636363636363669,-0.1,0.04117647058823531,Stable
OSSOSSD,TP_epi,23,-0.023762422826087874,0.8949064930201436,-0.006500000000000039,-0.10312500000000002,0.08904761904761901,Stable
OSSOSSD,TP_hypo,23,-0.00793657042549816,0.978915245485972,-4.7619047619050834e-4,-0.07500000000000018,0.06727272727272729,Stable
