parameter,non_na_n,tau,p.value,slope,trend,mean_value,percent_change
CHL_comp,49,0.01445578231292517,0.890204553433831,0.0046129274368293584,Stable,4.845913265306122,0.09519211723939004
PH_epi,49,0.1284013605442177,0.19538053827358137,0.0036821365356444037,Stable,6.495612244897959,0.056686520020288664
SECCHI,47,-0.1692876965772433,0.09416001601235169,-0.010601806640624978,Stable,2.9195212765957446,-0.3631351045671099
SPCD_epi,48,0.4804964539007092,1.493481336600766e-6,2.4463500976562527,Worsening,174.42520833333333,1.4025209549878725
TP_epi,49,0.2542517006802721,0.009940774526874252,0.15000000596046448,Worsening,11.54061224489796,1.2997577838799554
TP_hypo,27,0.08831908831908832,0.5285181678130029,0.058349609375,Stable,11.948148148148148,0.48835692905300687
