parameter,non_na_n,MK,SEN,tau,p.value,slope,significant,slope_dir,trend,mean_value,percent_change
CHL_comp,20,,,-0.03157894313335419,0.8711314797401428,1,FALSE,NA,Stable,3.8298566666666667,26.110637734919585
PH_epi,20,,,-0.042105261236429214,0.8203381896018982,1,FALSE,NA,Stable,6.824933333333333,14.652157774434915
SECCHI,20,,,0.27056559920310974,0.1042090654373169,1,FALSE,NA,Stable,4.223229166666667,23.67856350048097
SPCD_epi,20,,,0.2210526168346405,0.1834472417831421,1,FALSE,NA,Stable,42.875416666666666,2.3323388499625857
TP_epi,20,,,0.005305207800120115,1,1,FALSE,NA,Stable,8.069166666666666,12.392853454507902
TP_hypo,18,,,0.23606684803962708,0.184617280960083,1,FALSE,NA,Stable,8.45351851851852,11.829393853096452
