parameter,non_na_n,tau,p.value,slope,trend,mean_value,percent_change
CHL_comp,101,-0.08716525137424469,0.19957901537418365,-0.0034206349206349195,Stable,2.3713084158415842,-0.14425095014141912
SPCD_epi,101,0.16750924289226532,0.013264298439025879,0.15112373737373724,Worsening,94.0840594059406,0.16062629347410481
PH_epi,102,0.24656157195568085,2.6488304138183594e-4,0.0033333333333333266,Improving,6.875,0.04848484848484839
TP_epi,102,-0.1037762314081192,0.15130023658275604,0,Stable,6.746176470588235,0
TP_hypo,101,-0.037763092666864395,0.6061108112335205,0,Stable,6.920792079207921,0
SECCHI,103,0.3093971312046051,4.5299530029296875e-6,0.01381578947368422,Improving,5.4057621359223305,0.25557523853807107
