STATIONID,parameter,n,tau,mk_p,sen_slope,sen_ci_lower,sen_ci_upper,trend
NEWCNTD,SPCD_epi,24,0.6014492753623188,4.263304740863736e-5,2.3125,1.5612500000000002,3.0564705882352947,Worsening
NEWCNTD,CHL_comp,24,-0.1956521739130435,0.18863315303694808,-0.09100000000000001,-0.26400000000000007,0.051764705882352935,Stable
NEWCNTD,PH_epi,24,0.41742355496836087,0.004675614909751888,0.016770833333333315,0.007000000000000029,0.0285714285714286,Improving
NEWCNTD,SECCHI,18,-0.1953759201681571,0.2848152443438879,-0.0090909090909091,-0.045000000000000026,0.004687500000000011,Stable
NEWCNTD,TP_hypo,17,-0.20897850190928627,0.2641522231953324,-0.21249999999999994,-0.5,0.2333333333333337,Stable
NEWCNTD,TP_epi,24,0.136298649391615,0.37015626176900013,0.0912878787878787,-0.05357142857142857,0.25,Stable
