parameter,non_na_n,tau,p.value,slope,trend,mean_value,percent_change
CHL_comp,63,0.11942599713802338,0.16878271102905273,0.02416666666666667,Stable,7.0740936507936505,0.3416220912477655
SPCD_epi,63,0.1521516591310501,0.07914578914642334,0.30000000000001137,Stable,126.0147619047619,0.23806734660717144
PH_epi,63,0.1872931867837906,0.03125333786010742,0.003877551020408171,Improving,6.627936507936508,0.058503140694921636
TP_epi,63,0.13752801716327667,0.12515342235565186,0.02702702702702703,Stable,11.087619047619048,0.24375861860830078
TP_hypo,63,0.427677184343338,1.1920928955078125e-6,0.14499999999999993,Worsening,14.604761904761904,0.9928268666449296
SECCHI,63,-0.23957179486751556,0.005895975511521101,-0.008962264150943398,Worsening,2.623452380952381,-0.34162099590654144
