parameter,non_na_n,tau,p.value,slope,significant,slope_dir,trend,mean_value,percent_change
CHL_comp,15,0.238095223903656,0.234954833984375,0.06199999999999992,FALSE,NA,Stable,2.7931266666666668,2.2197346343046833
PH_epi,15,0.02884748764336109,0.9209654331207275,0.0022222222222222734,FALSE,NA,Stable,6.559666666666667,0.03387706014872108
SECCHI,15,0.11131572723388672,0.6124451160430908,0,FALSE,NA,Stable,3.0016666666666665,0
SPCD_epi,15,0.10476189851760864,0.6206907033920288,0.08285714285714312,FALSE,NA,Stable,29.717333333333332,0.27881755717362405
TP_epi,14,0.1601281464099884,0.4710690975189209,0.1111111111111111,FALSE,NA,Stable,11.1,1.001001001001001
TP_hypo,6,NA,NA,NA,FALSE,NA,Stable,12.15,NA
