parameter,non_na_n,tau,p.value,slope,significant,slope_dir,trend,mean_value,percent_change
CHL_comp,67,-0.09551837295293808,0.255748450756073,-0.01825000000000001,FALSE,decreasing,Improving (weak),5.968564179104478,-0.30576868158496096
PH_epi,70,-0.10199982672929764,0.2159191370010376,-0.0021999999999999884,FALSE,decreasing,Worsening (weak),6.252142857142857,-0.03518793556494898
SECCHI,68,-0.024034330621361732,0.7787148952484131,0,FALSE,NA,Stable,4.04764705882353,0
SPCD_epi,70,-0.05350483953952789,0.5163493156433105,-0.013333333333333365,FALSE,decreasing,Improving (weak),25.55742857142857,-0.05217008939717475
TP_epi,67,0.08316998183727264,0.3334364891052246,0.006551724137931017,FALSE,increasing,Worsening (weak),7.841940298507462,0.08354723306396494
TP_hypo,65,-0.09339158236980438,0.2790488004684448,-0.037185185185185196,FALSE,decreasing,Improving (weak),13.374615384615385,-0.278028071206883
