parameter,non_na_n,tau,p.value,slope,trend,mean_value,percent_change
CHL_comp,93,0.0014048251323401928,0.9867591857910156,0,Stable,2.9193870967741935,0
SPCD_epi,94,0.05953064560890198,0.3975534439086914,0.03974358974358976,Stable,57.3281914893617,0.0693264320939985
PH_epi,94,0.02668238990008831,0.7071096897125244,4.166666666666578e-4,Stable,6.978829787234043,0.005970437442518533
TP_epi,92,-0.06153802201151848,0.4096704125404358,0,Stable,7.878695652173913,0
TP_hypo,92,-0.08094550669193268,0.2621440291404724,-0.030303030303030304,Stable,16.220652173913045,-0.18681758278354135
SECCHI,94,-0.15590162575244904,0.027796031907200813,-0.006756756756756757,Worsening,5.121755319148936,-0.13192267759248413
