STATIONID,parameter,n,tau,mk_p,sen_slope,sen_ci_lower,sen_ci_upper,trend
BLASUTD,SPCD_epi,38,0.3558719762596779,0.0017441888786266057,0.31999999999999884,0.12187500000000018,0.4956521739130431,Worsening
BLASUTD,CHL_comp,39,-0.18758434547908232,0.09504439020170477,-0.030476190476190462,-0.07090909090909092,0.0038461538461538494,Stable
BLASUTD,PH_epi,39,-0.2626961565541254,0.019508708019525117,-0.00500000000000002,-0.009782608695652197,-7.692307692307529e-4,Worsening
BLASUTD,SECCHI,19,0.22941573387056177,0.18316204950394047,0.05107142857142856,-0.025555555555555505,0.1072222222222222,Stable
BLASUTD,TP_hypo,39,0.021996914805354963,0.8556038406048756,0,-0.1,0.10869565217391304,Stable
BLASUTD,TP_epi,39,-0.06742238054951037,0.5668173678472048,0,-0.06896551724137931,0.029411764705882353,Stable
