STATIONID,parameter,n,tau,mk_p,sen_slope,sen_ci_lower,sen_ci_upper,trend
POSLYMD,SPCD_epi,34,0.06066014902432799,0.6246573574482905,0.05555555555555555,-0.2680952380952379,0.3500000000000004,Stable
POSLYMD,CHL_comp,35,-0.08235294117647059,0.49544843918432896,-0.03100000000000014,-0.13187499999999996,0.061304347826086965,Stable
POSLYMD,PH_epi,31,-0.20667396257768894,0.10633389390591795,-0.00687500000000002,-0.014210526315789498,0.0029999999999999805,Stable
POSLYMD,SECCHI_NVS,35,0.09549169998981503,0.4337809328723254,0.010526315789473694,-0.020833333333333315,0.045833333333333316,Stable
POSLYMD,TP_hypo,35,0.42277236056600886,4.200179827667531e-4,0.38235294117647056,0.1875,0.5842105263157894,Worsening
POSLYMD,TP_epi,35,-0.05437884802296492,0.6592337757161708,-0.020000000000000018,-0.1285714285714285,0.06199999999999992,Stable
