STATIONID,parameter,n,tau,mk_p,sen_slope,sen_ci_lower,sen_ci_upper,trend
ONWRAYD,SPCD_epi,26,0.14461538461538462,0.3106250623957339,0.8681818181818179,-0.9545454545454546,2.6363636363636362,Stable
ONWRAYD,CHL_comp,26,-0.046153846153846156,0.7576397352113811,-0.015222222222222224,-0.09090909090909091,0.0573913043478261,Stable
ONWRAYD,PH_epi,26,0.23914081398303147,0.09337106051598713,0.008499999999999997,-0.0019999999999999575,0.020000000000000018,Stable
ONWRAYD,SECCHI,18,-0.07189542483660132,0.7048534612178423,-0.012500000000000067,-0.07714285714285715,0.07499999999999996,Stable
ONWRAYD,TP_hypo,26,-0.2631629396517197,0.06379745361549713,-0.3000000000000001,-0.6000000000000004,0.00952380952380949,Stable
ONWRAYD,TP_epi,26,0.05279732256768227,0.7237813770139765,0.025000000000000355,-0.17500000000000004,0.18181818181818182,Stable
