parameter,non_na_n,tau,p.value,slope,trend,mean_value,percent_change
CHL_comp,103,0.13210076093673706,0.04860889911651611,0.012884615384615383,Worsening,5.285252427184466,0.24378429530336004
SPCD_epi,104,0.45406144857406616,0,0.6162280701754373,Worsening,172.40490384615384,0.3574307090042698
PH_epi,104,0.05429886654019356,0.4184072017669678,6.666666666666623e-4,Stable,7.018557692307692,0.009498627722292943
TP_epi,103,0.1314287781715393,0.05238986015319824,0.02,Stable,11.004466019417476,0.18174439327369293
TP_hypo,101,0.0822066143155098,0.23356950283050537,0.006550343249427925,Stable,12.24,0.053515876220816376
SECCHI,104,-0.03838830068707466,0.5700536370277405,-0.0011941964285714336,Stable,4.165817307692308,-0.028666557853276806
