parameter,non_na_n,tau,p.value,slope,trend,mean_value,percent_change
CHL_comp,54,-0.3305380852550664,4.261537666534476e-4,-0.10357143517583695,Improving,4.886297222222222,-2.1196302735087014
PH_epi,53,-0.08635703918722787,0.36495405455261665,-0.0027273291349413946,Stable,6.912547169811321,-0.03945476346045444
SECCHI,55,0.13198653198653199,0.15593265983584503,0.013636371493339404,Stable,2.694272727272727,0.5061243932474051
SPCD_epi,53,0.5391872278664731,1.2364552492982739e-8,2.4499999846797413,Worsening,169.87245283018868,1.4422585556758043
TP_epi,51,-0.008627450980392156,0.9347824656346941,-3.725290298461914e-9,Stable,9.227843137254903,-4.037010862724865e-8
TP_hypo,48,-0.06648936170212766,0.5085431788187242,-0.016129061579704285,Stable,14.646458333333333,-0.11012260583841453
