parameter,non_na_n,MK,SEN,tau,p.value,slope,significant,slope_dir,trend,mean_value,percent_change
CHL_comp,32,,,0.10483870655298233,0.4082149267196655,1.1071428571428572,FALSE,NA,Stable,3.294133823121323,33.60952883492132
PH_epi,17,,,0.3088235557079315,0.09123897552490234,1.1071428571428572,FALSE,NA,Stable,6.860509803921569,16.13790940886052
SECCHI,32,,,-0.08467742055654526,0.5061306953430176,1.1071428571428572,FALSE,NA,Stable,4.918875375839439,22.50804853851204
SPCD_epi,17,,,0.44117653369903564,0.015083670616149902,1.1071428571428572,TRUE,increasing,Worsening,36.88721568627451,3.0014270162299557
TP_epi,17,,,-0.007380124647170305,1,1.1071428571428572,FALSE,NA,Stable,7.2851960784313725,15.197159351972363
TP_hypo,17,,,0.1481522172689438,0.4330451488494873,1.1071428571428572,FALSE,NA,Stable,8.471666666666668,13.068772659565496
