parameter,non_na_n,tau,p.value,slope,trend,mean_value,percent_change
CHL_comp,116,-0.07190578430891037,0.25403308868408203,-0.004314263322884012,Stable,3.5883706896551724,-0.12022903139080636
SPCD_epi,115,0.15816500782966614,0.012515425682067871,0.0341463414634146,Worsening,49.03217391304348,0.06964068434732613
PH_epi,114,0.24588453769683838,1.1646747589111328e-4,0.0026315789473684275,Improving,6.551850877192982,0.040165428009495206
TP_epi,113,0.0711330845952034,0.28936767578125,0,Stable,6.481681415929204,0
TP_hypo,112,-0.01953902840614319,0.764549732208252,0,Stable,13.935267857142858,0
SECCHI,116,-0.15404243767261505,0.015326575376093388,-0.005681818181818182,Worsening,5.793788793103448,-0.09806740260503544
