STATIONID,PARAMETER,n,tau,mk_p,sen_slope,sen_ci_lower,sen_ci_upper,TREND
SUNSUN3D,SPCD_epi,40,0.6760745457534157,8.851086558325645e-10,0.8891812865497073,0.74,1.0476190476190483,Worsening
SUNSUN3D,CHL_comp,39,-0.31144389694561264,0.0055850488181920545,-0.013571428571428568,-0.022692307692307703,-0.00454545454545455,Improving
SUNSUN3D,PH_epi,40,0.2090366085074662,0.06045899948117032,0.005080645161290326,-4.4408920985006264e-17,0.009999999999999992,Stable
SUNSUN3D,SECCHI,40,0.16300797748281143,0.1447959298403181,0.02071078431372553,-0.003888888888888905,0.03937499999999999,Stable
SUNSUN3D,TP_epi,37,0.14874194089532328,0.2570023033659978,0,0,0,Stable
SUNSUN3D,TP_hypo,40,0.09743975315293803,0.4033893686582368,0,-0.023809523809523808,0.08333333333333333,Stable
