STATIONID,parameter,n,tau,mk_p,sen_slope,sen_ci_lower,sen_ci_upper,trend
SUNSUN060,CHL_comp,30,-0.3682395993965004,0.0045514585636366916,-0.02999999999999999,-0.04642857142857142,-0.011333333333333329,Improving
