parameter,non_na_n,tau,p.value,slope,trend,mean_value,percent_change
CHL_comp,89,0.018423784524202347,0.8013200759887695,0.0011538461538461592,Stable,2.657023595505618,0.04342626673688188
PH_epi,88,0.04916626214981079,0.5024526119232178,6.249999999999867e-4,Stable,6.5875,0.009487666034155394
SECCHI,90,-0.1264163702726364,0.08005710691213608,-0.006249999999999993,Stable,4.80075,-0.13018799145966764
SPCD_epi,89,-0.06360965967178345,0.37946122884750366,-0.034713114754098245,Stable,59.519438202247194,-0.05832231587291365
TP_epi,88,0.046760710553814006,0.5182377965492235,0.006853111088276384,Stable,6.609659090909091,0.1036832761571945
TP_hypo,89,0.274514811031665,1.376327850965975e-4,0.1899999782443053,Worsening,13.693258426966292,1.3875439454946397
