parameter,non_na_n,tau,p.value,slope,trend,mean_value,percent_change
CHL_comp,246,-0.33219289779663086,9.150688358634286e-15,-0.01726256983240224,Improving,6.275771951219512,-0.27506687570200455
SPCD_epi,243,0.3833733797073364,0,0.21531100478468906,Worsening,143.9502880658436,0.1495731670131877
PH_epi,240,-0.18291667103767395,2.6941132091451436e-5,-0.0011538461538461635,Worsening,6.783083333333333,-0.017010643937926416
TP_epi,242,-0.06129201129078865,0.16974663734436035,0,Stable,13.14702479338843,0
TP_hypo,243,0.02040668949484825,0.6431057453155518,0,Stable,21.1798353909465,0
SECCHI,240,0.3343878388404846,0,0.004496722148908092,Improving,2.8412083333333333,0.1582679487509631
