parameter,non_na_n,tau,p.value,slope,trend,mean_value,percent_change
CHL_comp,100,-0.022262735292315483,0.7454508543014526,-7.846153846153853e-4,Stable,2.246986,-0.034918570236547326
SPCD_epi,102,0.487321674823761,0,0.15371428571428578,Worsening,45.012843137254904,0.3414898393455713
PH_epi,102,-0.010755072347819805,0.8758739233016968,0,Stable,6.58993137254902,0
TP_epi,103,-0.026772314682602882,0.695355236530304,0,Stable,7.2635922330097085,0
TP_hypo,101,0.1721743941307068,0.01138293743133545,0.018190909090909098,Worsening,8.840594059405941,0.20576568688339328
SECCHI,101,-0.1951759159564972,0.003954338375478983,-0.010847322419533852,Worsening,4.157871287128713,-0.2608864409322456
