parameter,non_na_n,tau,p.value,slope,trend,mean_value,percent_change
CHL_comp,110,-0.07005838198498748,0.27880630316541577,-0.0063053810596468,Stable,2.005311818181818,-0.3144339450092994
PH_epi,111,-0.0755118755118755,0.24070375807118438,-0.0024242281913760388,Stable,6.94036036036036,-0.034929428235772
SECCHI,106,-0.16873315363881403,0.009952461243285526,-0.01923074433580041,Worsening,7.76502358490566,-0.2476585437960914
SPCD_epi,111,0.711056511056511,0,1.1558823896571964,Worsening,87.8463063063063,1.3158007869184796
TP_epi,111,-0.20671580671580672,0.001107420134112136,-0.06499994719400953,Improving,6.799774774774775,-0.9559132375257604
TP_hypo,111,-0.23734643734643734,2.1907633491391465e-4,-0.08799997614696663,Improving,8.150585585585585,-1.0796767327073493
