parameter,non_na_n,tau,p.value,slope,trend,mean_value,percent_change
CHL_comp,106,0.014760168269276619,0.824979305267334,4.761904761904766e-4,Worsening,2.163359905660377,0.02201161604893093
PH_epi,112,0.06965987384319305,0.28053176403045654,7.894736842105153e-4,Improving,6.904276785714286,0.01143456018223406
SECCHI,106,-0.0350470170378685,0.5981618165969849,-0.0018181818181818602,Worsening,7.058867924528302,-0.02575741376126339
SPCD_epi,112,0.02864960953593254,0.6562683582305908,0.03179540229885061,Worsening,105.94964285714286,0.030009919279975227
TP_epi,112,0.08655083655083655,NA,NA,Worsening,6.243214285714286,NA
TP_hypo,112,0.09958172458172458,NA,NA,Worsening,14.503303571428571,NA
