parameter,non_na_n,MK,SEN,tau,p.value,slope,significant,slope_dir,trend,mean_value,percent_change
CHL_comp,31,,,-0.07112085819244385,0.5864121913909912,1,FALSE,NA,Stable,2.6232268817204303,38.12098781727012
PH_epi,31,,,0.14008653163909912,0.27655744552612305,1,FALSE,NA,Stable,6.5918817204301074,15.17017510949441
SECCHI,31,,,0.20474186539649963,0.1100151538848877,1,FALSE,NA,Stable,4.816854838709678,20.760434629744342
SPCD_epi,31,,,0.46236562728881836,2.7561187744140625e-4,1,TRUE,increasing,Worsening,59.09274193548387,1.6922552030023883
TP_epi,31,,,0.010775887407362461,0.9457814693450928,1,FALSE,NA,Stable,6.180645161290323,16.17954070981211
TP_hypo,31,,,0.33405250310897827,0.00883936882019043,1,TRUE,increasing,Worsening,13.741935483870968,7.276995305164319
