STATIONID,parameter,n,tau,mk_p,sen_slope,sen_ci_lower,sen_ci_upper,trend
SUNSUN040,CHL_comp,13,-0.2564102564102564,0.24638736002924658,-0.024479166666666642,-0.10214285714285716,0.02833333333333332,Stable
