parameter,non_na_n,MK,SEN,tau,p.value,slope,significant,slope_dir,trend,mean_value,percent_change
CHL_comp,32,,,-0.5362903475761414,1.728444294712972e-5,1,TRUE,increasing,Worsening,4.30144375,23.248008299538963
PH_epi,32,,,-0.1553986668586731,0.2177203893661499,1,FALSE,NA,Stable,6.477458333333334,15.438154111373414
SECCHI,32,,,-0.09292948991060257,0.4654315114021301,1,FALSE,NA,Stable,2.8110611979166666,35.57375416590431
SPCD_epi,32,,,0.44758063554763794,3.3855438232421875e-4,1,TRUE,increasing,Worsening,75.01765625,1.3330195183217284
TP_epi,32,,,0.05888473615050316,0.6493690013885498,1,FALSE,NA,Stable,12.637656250000001,7.91285963328841
TP_hypo,32,,,0.07692370563745499,0.5482898950576782,1,FALSE,NA,Stable,14.942604166666667,6.692273909194209
