parameter,non_na_n,tau,p.value,slope,significant,slope_dir,trend,mean_value,percent_change
CHL_comp,81,0.0012353307101875544,0.9902377128601074,1.2500000000000843e-4,FALSE,NA,Stable,5.028217283950617,0.002485970532717259
PH_epi,73,-0.029097022488713264,0.7208412885665894,-4.494949494949399e-4,FALSE,NA,Stable,6.782671232876712,-0.006627108023696692
SECCHI,93,-0.018418893218040466,0.7981486320495605,0,FALSE,NA,Stable,5.528575268817204,0
SPCD_epi,73,-0.02703217789530754,0.7388513088226318,-0.022246603970741942,FALSE,NA,Stable,62.27931506849315,-0.03572069465805093
TP_epi,73,0.20653824508190155,0.011952519416809082,0.03526188380281692,TRUE,increasing,Worsening,7.143561643835617,0.49361768765928415
TP_hypo,73,-0.04389993101358414,0.5900415778160095,-0.017360114777618396,FALSE,NA,Stable,14.476712328767123,-0.11991752259331405
