parameter,non_na_n,tau,p.value,slope,trend,mean_value,percent_change
CHL_comp,87,0.07618283881315156,0.2971164634908354,0.020999922610818997,Stable,3.5987919540229885,0.58352699681191
PH_epi,90,-0.28888888888888886,5.45273826471071e-5,-0.012142851650715023,Worsening,6.781555555555555,-0.17905702535707183
SECCHI,89,-0.07150153217568948,0.3210204144017572,-0.014166679047048051,Stable,5.256308988764045,-0.2695176230569955
SPCD_epi,90,-0.06117353308364544,0.39453114079667273,-0.0490908692777167,Stable,45.28777777777778,-0.10839761120229896
TP_epi,89,0.015066394279877425,0.8357382472621522,8.944422006607055e-8,Stable,7.11123595505618,1.2577872627398134e-6
TP_hypo,88,0.008098223615464995,0.9135030602058374,5.587935447692871e-9,Stable,11.797727272727272,4.736450774388101e-8
