parameter,non_na_n,tau,p.value,slope,trend,mean_value,percent_change
CHL_comp,119,-0.12838415801525116,0.03872145339846611,-0.02499999999999991,Improving,9.929573109243698,-0.25177316008406
PH_epi,119,0.07627446204423904,0.22165441513061523,8.695652173913051e-4,Improving,6.886672268907563,0.012626783785214812
SECCHI,116,0.04248017072677612,0.5116312503814697,0,Improving,2.8010775862068966,0
SPCD_epi,119,0.08306027948856354,0.18130826950073242,0.11282051282051296,Worsening,107.36663865546218,0.10507967300955763
TP_epi,120,0.03697478991596639,NA,NA,Worsening,11.1285,NA
TP_hypo,119,-0.01410055547642786,NA,NA,Improving,13.96,NA
