parameter,non_na_n,tau,p.value,slope,trend,mean_value,percent_change
CHL_comp,116,-4.503493837546557e-4,0.9961921572685242,0,Stable,3.5883706896551724,0
PH_epi,114,0.022495154291391373,0.7261029481887817,2.1978021978022485e-4,Stable,6.551850877192982,0.003354475306287581
SECCHI,116,0.06185956299304962,0.33094286918640137,0.0020000000000000018,Stable,5.793788793103448,0.0345197257169725
SPCD_epi,115,-0.0198853500187397,0.7551497220993042,-0.00309278350515461,Stable,49.03217391304348,-0.006307661395229045
TP_epi,113,0.03255372945638432,0.6078658768785161,2.793967671518196e-9,Stable,6.481681415929204,4.3105600109437915e-8
TP_hypo,112,-0.019305019305019305,0.7644414664593517,1.8812717224436497e-8,Stable,13.935267857142858,1.3500075791362405e-7
