stationid,parameter,n,tau,mk_p,sen_slope,sen_ci_lower,sen_ci_upper,trend
SWASWAD,SECCHI,86,-0.0454366741978323,0.5465683777974752,0,-0.007870370370370368,0.003472222222222222,Stable
SWASWAD,TP_epi,87,0.01058356803532157,0.8913862871969364,0,-0.014655172413793098,0.014310344827586209,Stable
SWASWAD,SPCD_epi,87,0.5157324721792801,1.6911654921817378e-12,0.13636363636363635,0.11235294117647039,0.16666666666666666,Worsening
SWASWAD,PH_epi,87,-0.10012347232196656,0.17360827049855826,-0.0011111111111111072,-0.0034090909090908968,5.88235294117645e-4,Stable
SWASWAD,TP_hypo,87,0.07705281786525212,0.2973747603664859,0.027777777777777776,-0.02714285714285712,0.08666666666666667,Stable
SWASWAD,CHL_comp,88,-0.039236235493101346,0.5912350936023253,-0.003077073552425671,-0.014736842105263171,0.007866666666666664,Stable
SWASWAD,Year,88,0.9900233787598745,1.0829966035692019e-41,0.375,0.3684210526315789,0.38181818181818183,Stable
