STATIONID,PARAMETER,n,tau,mk_p,sen_slope,sen_ci_lower,sen_ci_upper,TREND
MOUSHAVD,SPCD_epi,33,0.22180104750616444,0.07224554676598599,0.5503125000000004,-0.03793103448275891,1.1333333333333329,Stable
MOUSHAVD,CHL_comp,33,0.13459721686271517,0.2780372222452284,0.05270555555555556,-0.04684210526315793,0.14937499999999998,Stable
MOUSHAVD,PH_epi,31,-0.19870595754875464,0.12172626373221644,-0.008750000000000036,-0.019285714285714257,0.002222222222222175,Stable
MOUSHAVD,SECCHI_NVS,33,-0.2895718705201325,0.019823695179716015,-0.025,-0.04523809523809524,-0.005263157894736847,Worsening
MOUSHAVD,TP_epi,33,0.22606857418692056,0.06938563006833193,0.10626373626373622,0,0.22380952380952385,Stable
MOUSHAVD,TP_hypo,32,0.14853114920858262,0.24233343040281463,0.09289215686274507,-0.10999999999999996,0.3269230769230769,Stable
