parameter,non_na_n,tau,p.value,slope,trend,mean_value,percent_change
CHL_comp,129,-0.15176841085271317,0.010758116438369658,-0.054539812207222454,Improving,5.998321705426356,-0.909251202013444
PH_epi,124,0.05704169944925256,0.3481493805449858,0.002500013411045305,Stable,7.154435483870968,0.03494354539476051
SECCHI,132,-0.19616007402266944,8.403080064252055e-4,-0.023333320356905447,Worsening,3.489735984848485,-0.6686270955227726
SPCD_epi,124,0.21243115656963021,4.6722900367290876e-4,1.0327026367187486,Worsening,175.0999193548387,0.5897790475996647
TP_epi,124,0.2020718594282717,8.648535724149475e-4,0.13999993372708638,Worsening,14.827016129032257,0.9442219021597842
TP_hypo,121,0.1527548209366391,0.012953656495051868,0.2107833862304673,Worsening,25.92404958677686,0.8130804777428835
