parameter,non_na_n,tau,p.value,slope,trend,mean_value,percent_change
CHL_comp,162,0.016946553178437237,0.7498717902366687,0.006818219348787968,Stable,5.415639506172839,0.12589869286935448
PH_epi,164,0.13661529253329344,0.009398236891948741,0.005000040531158533,Improving,6.65670731707317,0.07511281919116969
SECCHI,164,0.10032919347598383,0.05636700861446631,0.009599963948130771,Stable,3.5675426829268293,0.2690917755258618
SPCD_epi,166,0.07185104052573932,0.1696001062407948,0.052380880713461156,Stable,44.518614457831326,0.11766062657470414
TP_epi,165,0.01869918699186992,0.7221297016958299,-2.6542693376541138e-8,Stable,12.350060606060605,-2.1491953945161787e-7
TP_hypo,166,-0.05271997079225995,0.31348824780178,-0.03571428847499192,Stable,17.31933734939759,-0.20621047881046184
