parameter,non_na_n,tau,p.value,slope,trend,mean_value,percent_change
CHL_comp,132,-0.03863058061531344,0.5094154693004458,-0.012500064596533658,Stable,2.029469696969697,-0.6159276295279565
PH_epi,8,NA,NA,NA,insufficient data,6.815,NA
SECCHI,133,-0.1296422875370244,0.0259645629252363,-0.056237792968750436,Worsening,7.190225563909775,-0.7821422633947304
SPCD_epi,9,NA,NA,NA,insufficient data,44.855555555555554,NA
TP_epi,11,-0.01818181818181818,1,3.7257558772412355e-8,Stable,12.454545454545455,2.9914828211425976e-7
TP_hypo,9,NA,NA,NA,insufficient data,10.666666666666666,NA
