parameter,non_na_n,tau,p.value,slope,trend,mean_value,percent_change
CHL_comp,106,-0.07529200359389039,0.2534472166497457,-0.009195251464843797,Stable,2.163359905660377,-0.4250449239067735
PH_epi,112,0.0222007722007722,0.7301958951088661,6.250774860377109e-4,Stable,6.904276785714286,0.009053482434699974
SECCHI,106,0.2761904761904762,2.701212502342898e-5,0.04499994684010744,Improving,7.058867924528302,0.6374952374975126
SPCD_epi,112,0.6594272844272844,0,2.060000026971106,Worsening,105.94964285714286,1.9443199348474498
TP_epi,112,0.08655083655083655,0.1705447660548498,0.014999996908009051,Stable,6.243214285714286,0.24026080511655706
TP_hypo,112,0.09958172458172458,0.11954455634009875,0.06250000631436764,Stable,14.503303571428571,0.4309363449958554
