parameter,non_na_n,tau,p.value,slope,trend,mean_value,percent_change
CHL_comp,23,0.003952569328248501,1,0.0011111111111110875,Worsening,7.221739130434782,0.015385644524717045
PH_epi,25,-0.09364600479602814,0.5280873775482178,-0.00516666666666666,Worsening,7.1056,-0.07271260226675665
SECCHI,26,0.012326671741902828,0.9472658634185791,0.0011111111111111367,Improving,3.1278846153846156,0.03552276531065423
SPCD_epi,25,-0.19031745195388794,0.19079360365867615,-0.46235294117647086,Improving,98.4468,-0.4696475062434441
TP_epi,25,0.056666666666666664,NA,NA,Worsening,10.9496,NA
TP_hypo,26,0.3261538461538461,NA,NA,Worsening,17.467692307692307,NA
