parameter,non_na_n,tau,p.value,slope,trend,mean_value,percent_change
CHL_comp,116,-0.1442278860569715,0.021777044057367467,-0.04073623657226626,Improving,4.763077586206896,-0.8552503257606348
PH_epi,119,0.12419883207520296,0.045296380945850645,0.0050000512599946536,Improving,6.151067226890756,0.08128754044722222
SECCHI,116,0.07556221889055473,0.22937884002911746,0.005384555906057372,Stable,3.022314655172414,0.1781600038514256
SPCD_epi,119,-0.18102834354080616,0.003517474950144095,-0.10363130092620929,Improving,31.199117647058824,-0.33216099922613906
TP_epi,117,-0.08885941644562334,0.15543199960792187,-0.03291034698486328,Stable,10.712222222222222,-0.30722240728531225
TP_hypo,118,-0.03751991887585108,0.5479565042224939,-0.02142859296873212,Stable,17.70305084745763,-0.12104463322947256
