STATIONID,parameter,n,tau,mk_p,sen_slope,sen_ci_lower,sen_ci_upper,trend
ASHWASD,SPCD_epi,37,-0.2118708336520344,0.06707069782529972,-0.13124999999999995,-0.25099999999999995,0.009375000000000133,Stable
ASHWASD,CHL_comp,37,-0.160781412771402,0.1656003848669181,-0.02369005847953215,-0.06583333333333334,0.010527777777777766,Stable
ASHWASD,PH_epi,37,0.5018875114307049,1.3988178960850454e-5,0.020000000000000018,0.011296296296296318,0.02833333333333336,Improving
ASHWASD,SECCHI,16,-0.21281413268968716,0.27712512341007733,-0.02919871794871795,-0.1,0.02499999999999991,Stable
ASHWASD,TP_hypo,37,0.15618650957262598,0.18162751291078172,0.05049999999999989,-0.030769230769230795,0.13157894736842105,Stable
ASHWASD,TP_epi,37,-0.14308800746947764,0.22290476694948985,-0.03831736909323115,-0.0982258064516129,0.026071428571428586,Stable
