parameter,non_na_n,MK,SEN,tau,p.value,slope,significant,slope_dir,trend,mean_value,percent_change
CHL_comp,29,,,-0.17241381108760834,0.19555965065956116,1,FALSE,NA,Stable,5.001110344827587,19.995559606763187
PH_epi,29,,,0.19211824238300323,0.148634672164917,1,FALSE,NA,Stable,6.3372356321839085,15.77975095199963
SECCHI,29,,,-0.20740807056427002,0.1193595752120018,1,FALSE,NA,Stable,2.917198275862069,34.27946630417116
SPCD_epi,29,,,-0.2688041627407074,0.042741503566503525,1,TRUE,increasing,Worsening,27.493620689655174,3.6372073772599287
TP_epi,29,,,0.02712702564895153,0.8511795997619629,1,FALSE,NA,Stable,11.164080459770116,8.957298396437672
TP_hypo,29,,,0.11414708197116852,0.39810800552368164,1,FALSE,NA,Stable,15.10057471264368,6.622264509990485
