parameter,non_na_n,MK,SEN,tau,p.value,slope,significant,slope_dir,trend,mean_value,percent_change
CHL_comp,32,,,-0.008064515888690948,0.9611987471580505,1,FALSE,NA,Stable,4.950096354166667,20.201626967488533
PH_epi,32,,,0.19393980503082275,0.12332451343536377,1,FALSE,NA,Stable,6.495755208333334,15.394668794124367
SECCHI,32,,,-0.13171395659446716,0.2989780902862549,1,FALSE,NA,Stable,2.916354166666667,34.28938814873022
SPCD_epi,32,,,0.4516128897666931,2.988576889038086e-4,1,TRUE,increasing,Worsening,174.5159375,0.5730135678868871
TP_epi,32,,,0.26532602310180664,0.03606867790222168,1,TRUE,increasing,Worsening,11.530416666666667,8.672713475228562
TP_hypo,17,,,0.20741310715675354,0.26523923873901367,1,FALSE,NA,Stable,11.770588235294118,8.495752123938031
