parameter,non_na_n,MK,SEN,tau,p.value,slope,significant,slope_dir,trend,mean_value,percent_change
CHL_comp,34,,,-0.08563785254955292,0.485912024974823,1,FALSE,NA,Stable,5.43026137254902,18.41531984178857
PH_epi,34,,,0.11964305490255356,0.32776355743408203,1,FALSE,NA,Stable,6.659627450980392,15.015854976283782
SECCHI,34,,,0.1427297592163086,0.24149441719055176,1,FALSE,NA,Stable,3.5624995098039216,28.070179301022264
SPCD_epi,34,,,0.03030303120613098,0.8125085830688477,1,FALSE,NA,Stable,44.41607352941177,2.251437195000617
TP_epi,34,,,-0.11964305490255356,0.3277636170387268,1,FALSE,NA,Stable,12.439627450980392,8.038825953113154
TP_hypo,34,,,-0.20572583377361298,0.09088843315839767,1,FALSE,NA,Stable,17.295549019607844,5.781834383322016
