parameter,non_na_n,tau,p.value,slope,trend,mean_value,percent_change
CHL_comp,100,-0.09608585387468338,0.1580345183610916,-0.010961538461538467,Improving,4.9102125,-0.2232395942444134
PH_epi,104,-0.09133819490671158,0.1729634553194046,-0.0013712060166532283,Worsening,6.667403846153846,-0.02056581614512853
SECCHI,101,-0.002604606095701456,0.9718805551528931,0,Worsening,2.784980198019802,0
SPCD_epi,104,0.008779304102063179,0.89719557762146,0.011189358372456527,Worsening,132.96028846153845,0.008415564152219243
TP_epi,104,0.16579536967886482,NA,NA,Worsening,11.393173076923077,NA
TP_hypo,97,0.24849656357388317,NA,NA,Worsening,15.41701030927835,NA
