STATIONID,parameter,n,tau,mk_p,sen_slope,sen_ci_lower,sen_ci_upper,trend
STEMAND,SPCD_epi,26,0.018490006540840973,0.9122233744854279,1.3571428571428572,-13.5,14.431818181818182,Stable
STEMAND,CHL_comp,26,0.08923076923076922,0.537126940170827,0.09428571428571426,-0.1457142857142857,0.34136363636363637,Stable
STEMAND,PH_epi,26,-0.06182446677351863,0.6751467127533844,-0.001428571428571525,-0.01800000000000006,0.0063157894736842165,Stable
STEMAND,SECCHI,20,0.1087534878142682,0.5335550333994039,0.010456730769230795,-0.012499999999999956,0.04230769230769231,Stable
STEMAND,TP_hypo,26,0.28086553529475394,0.047177410120719535,1.0294117647058822,0,2.4857142857142867,Worsening
STEMAND,TP_epi,26,-0.015577533458581927,0.9295851665900259,0,-0.4071428571428571,0.2299999999999997,Stable
