parameter,non_na_n,tau,p.value,slope,trend,mean_value,percent_change
CHL_comp,27,0.1794871687889099,0.196181058883667,0.08625,Worsening,6.686296296296296,1.2899518085636734
PH_epi,27,-0.011544984765350819,0.9500272870063782,0,Worsening,6.495925925925926,0
SECCHI,27,-0.08285747468471527,0.559242308139801,-0.006111111111111129,Worsening,3.060277777777778,-0.1996913860397573
SPCD_epi,27,0.19971489906311035,0.150221586227417,0.08888888888888896,Worsening,22.69703703703704,0.39163212688880944
TP_epi,27,-0.03133903133903134,NA,NA,Improving,8.888518518518518,NA
TP_hypo,25,0.44333333333333336,NA,NA,Worsening,20.284,NA
