parameter,non_na_n,tau,p.value,slope,trend,mean_value,percent_change
CHL_comp,40,0.053915321826934814,0.6328229904174805,0.020768115942028986,Worsening,6.3871075,0.32515682477598795
PH_epi,40,-0.059433311223983765,0.5997253656387329,-0.0016666666666666496,Worsening,6.654125,-0.025047119894300897
SECCHI,39,-0.052990350872278214,0.6454710960388184,-0.0029310344827586194,Worsening,2.2552564102564103,-0.12996457828160554
SPCD_epi,40,-0.07692307978868484,0.491823673248291,-0.076331269349845,Improving,61.4195,-0.12427855868225074
TP_epi,38,0.05832147937411095,NA,NA,Worsening,16.38157894736842,NA
TP_hypo,36,0.4126984126984127,NA,NA,Worsening,21.82777777777778,NA
