parameter,non_na_n,MK,SEN,tau,p.value,slope,significant,slope_dir,trend,mean_value,percent_change
CHL_comp,38,,,-0.17366552352905273,0.1281793862581253,1,FALSE,NA,Stable,5.905669736842105,16.93288051246026
PH_epi,38,,,0.08131274580955505,0.4812774658203125,1,FALSE,NA,Stable,6.251285087719299,15.996710851733642
SECCHI,38,,,0.00997151993215084,0.9398620128631592,1,FALSE,NA,Stable,3.011212719298246,33.20921147786089
SPCD_epi,38,,,-0.14935988187789917,0.19105039536952972,1,FALSE,NA,Stable,30.596140350877192,3.2683861053452445
TP_epi,38,,,-0.22047702968120575,0.05420738458633423,1,FALSE,NA,Stable,11.224298245614035,8.909242948803113
TP_hypo,38,,,0.07296257466077805,0.5293319225311279,1,FALSE,NA,Stable,13.981578947368423,7.152268021833239
