parameter,non_na_n,tau,p.value,slope,significant,slope_dir,trend,mean_value,percent_change
CHL_comp,76,-0.15800565481185913,0.0440322570502758,-0.030338934426229487,TRUE,decreasing,Improving,6.8976578947368425,-0.43984400051761297
PH_epi,75,-3.615348250605166e-4,1,0,FALSE,NA,Stable,6.603253333333333,0
SECCHI,76,0.06799421459436417,0.389054536819458,0.002834821428571428,FALSE,NA,Stable,2.636586842105263,0.10751860637777735
SPCD_epi,75,0.13201086223125458,0.0949779748916626,0.08490566037735849,FALSE,NA,Stable,58.64626666666667,0.14477589999026674
TP_epi,74,-0.030258964747190475,0.7086721062660217,-0.00588235294117645,FALSE,NA,Stable,13.386756756756757,-0.043941583820946206
TP_hypo,38,0.07102710008621216,0.5449131727218628,0.03571428571428571,FALSE,NA,Stable,14.705263157894736,0.2428673688516208
