parameter,non_na_n,tau,p.value,slope,trend,mean_value,percent_change
CHL_comp,86,0.05256674438714981,0.47620129585266113,0.007804615384615382,Worsening,5.323022093023256,0.14662000736094416
PH_epi,88,0.06883982568979263,0.34670567512512207,9.338662790697717e-4,Improving,6.241193181818182,0.014962944614345655
SECCHI,87,-0.007864153012633324,0.9181413054466248,0,Worsening,2.7928735632183908,0
SPCD_epi,87,0.009895695373415947,0.8949984312057495,0.007042253521126761,Worsening,78.22091954022989,0.009003030854814806
TP_epi,86,0.07441860465116279,NA,NA,Worsening,11.259767441860465,NA
TP_hypo,87,0.10986367281475541,NA,NA,Worsening,14.372758620689655,NA
