parameter,non_na_n,tau,p.value,slope,trend,mean_value,percent_change
CHL_comp,134,-0.12287306785583496,0.0355205200612545,-0.009693877551020405,Improving,4.949362686567164,-0.19586112727867183
SPCD_epi,135,-0.22181648015975952,1.3987206330057234e-4,-0.036000000000000025,Improving,25.992962962962963,-0.13849902395235186
PH_epi,133,0.3840736150741577,0,0.005128205128205115,Improving,5.667894736842105,0.09047812929324653
TP_epi,134,-0.06978260725736618,0.2412710189819336,-0.005769230769230766,Stable,11.535522388059702,-0.050012739563510676
TP_hypo,133,0.04679026082158089,0.431477427482605,0.005031645569620258,Stable,14.602406015037594,0.034457647352351774
SECCHI,136,-0.046916402876377106,0.4263482689857483,-5.270685579196216e-4,Stable,3.1569080882352942,-0.016695720723825445
