parameter,non_na_n,tau,p.value,slope,significant,slope_dir,trend,mean_value,percent_change
CHL_comp,80,-0.004752101842314005,0.9536139369010925,-3.722222222222265e-4,FALSE,NA,Stable,3.8077325,-0.009775429923772913
PH_epi,80,-0.06330610066652298,0.4105728268623352,-7.767722473604748e-4,FALSE,NA,Stable,6.725125,-0.011550301999746842
SECCHI,81,-0.04071847349405289,0.5983092188835144,-0.0010600839077015275,FALSE,NA,Stable,2.5681481481481483,-0.04127814466100554
SPCD_epi,80,0.07285401225090027,0.34136462211608887,0.018013739545997522,FALSE,NA,Stable,44.066250000000004,0.040878766734173025
TP_epi,79,0.02410867251455784,0.7652883529663086,0,FALSE,NA,Stable,15.356329113924051,0
TP_hypo,41,0.0939861536026001,0.4088853597640991,0.03380952380952379,FALSE,NA,Stable,15.220975609756097,0.22212455151595606
