parameter,non_na_n,tau,p.value,slope,significant,slope_dir,trend,mean_value,percent_change
CHL_comp,31,0.040860217064619064,0.7596538066864014,0.01375000000000004,FALSE,increasing,Worsening (weak),3.9374193548387098,0.3492135015566125
PH_epi,31,0.03695870563387871,0.7852824926376343,4.347826086956815e-4,FALSE,increasing,Improving (weak),6.502580645161291,0.006686308596867807
SECCHI,32,-0.040404126048088074,0.7579349875450134,-0.010569852941176487,FALSE,decreasing,Worsening (weak),3.63796875,-0.290542708514923
SPCD_epi,31,0,1,0,FALSE,NA,Stable,38.82032258064516,0
TP_epi,31,0.019396597519516945,0.891812801361084,0.008000000000000007,FALSE,increasing,Worsening (weak),8.679354838709678,0.09217274957258612
TP_hypo,31,-0.08387096971273422,0.5183675289154053,-0.03200000000000003,FALSE,decreasing,Improving (weak),10.456774193548387,-0.3060217176702866
