parameter,non_na_n,MK,SEN,tau,p.value,slope,significant,slope_dir,trend,mean_value,percent_change
CHL_comp,32,,,0.05045410990715027,0.697094202041626,1,FALSE,NA,Stable,1.5769,63.415562178958716
PH_epi,31,,,0.4348764717578888,6.337165832519531e-4,1,TRUE,increasing,Improving,5.921451612903226,16.887750932912045
SECCHI,35,,,-0.41245850920677185,5.28561242390424e-4,1,TRUE,increasing,Improving,8.593428571428571,11.636798882867307
SPCD_epi,31,,,-0.7204301357269287,1.3723529868059359e-8,1,TRUE,increasing,Worsening,15.756774193548388,6.346476681816321
TP_epi,31,,,-0.4196526110172272,0.0032353487331420183,1,TRUE,increasing,Worsening,3.888709677419355,25.71547075902115
TP_hypo,31,,,-0.015423030592501163,0.9183416366577148,1,FALSE,NA,Stable,6.5041935483870965,15.374696225760056
