parameter,non_na_n,tau,p.value,slope,trend,mean_value,percent_change
CHL_comp,107,-0.10754027217626572,0.10166862607002258,-0.00538461538461539,Stable,2.9345102803738317,-0.18349281038911322
SPCD_epi,108,0.7069624066352844,0,0.4657983193277312,Worsening,66.51611111111112,0.7002789422695554
PH_epi,109,-0.07904386520385742,0.22717946767807007,-8.823529411764583e-4,Stable,7.149669724770642,-0.012341170643442046
TP_epi,107,-0.1061750277876854,0.11094258725643158,-0.00935064935064936,Stable,7.775700934579439,-0.12025474525474537
TP_hypo,105,0.1478927880525589,0.027346253395080566,0.027005577005577,Worsening,12.622761904761905,0.21394348724417603
SECCHI,108,6.989664398133755e-4,0.993640661239624,0,Stable,5.082858796296296,0
