stationid,parameter,n,tau,mk_p,sen_slope,sen_ci_lower,sen_ci_upper,trend
ISLDERD,SECCHI,104,-0.02893305549555116,0.6690987720962508,-6.53622693096375e-4,-0.006862745098039209,0.003921568627450984,Stable
ISLDERD,TP_epi,103,0.1228409502049674,0.06963852374523079,0.018867924528301886,0,0.04137931034482762,Stable
ISLDERD,SPCD_epi,104,0.45368759540108267,9.464577575556125e-12,0.6134754990925589,0.4686567164179105,0.7904761904761902,Worsening
ISLDERD,PH_epi,104,0.056177721484182534,0.4024326245145118,6.91362239672248e-4,-0.0011111111111111202,0.0022580645161290273,Stable
ISLDERD,TP_hypo,101,0.0886859568491792,0.19867528390993405,0.008333333333333345,-3.703703703703625e-4,0.029487179487179473,Stable
ISLDERD,CHL_comp,103,0.12371341551081488,0.06480244331730542,0.011917808219178084,-4.633333333333193e-4,0.02408695652173914,Stable
ISLDERD,Year,104,0.9905264477862281,2.4885158217383882e-49,0.3333333333333333,0.3333333333333333,0.33962264150943394,Stable
