parameter,non_na_n,tau,p.value,slope,trend,mean_value,percent_change
CHL_comp,93,-0.025500064715743065,0.7200080156326294,-0.00377492877492877,Stable,5.879456989247312,-0.06420539825076663
SPCD_epi,91,-0.05880223214626312,0.41249215602874756,-0.007894736842105376,Stable,22.73708791208791,-0.03472184684613121
PH_epi,91,0.04295589402318001,0.5507035255432129,6.818181818181875e-4,Stable,6.434120879120879,0.010596912843691355
TP_epi,91,0.15876469016075134,0.027382254600524902,0.02459016393442623,Worsening,10.197582417582417,0.24113719239992099
TP_hypo,91,-0.09222481399774551,0.2006591558456421,-0.022916666666666658,Stable,15.928351648351649,-0.14387343507096792
SECCHI,92,-0.06509433686733246,0.36396747827529907,-0.0024999999999999953,Stable,3.2952554347826086,-0.07586665281275601
