STATIONID,parameter,n,tau,mk_p,sen_slope,sen_ci_lower,sen_ci_upper,trend
COBWINND,SPCD_epi,37,0.641623021059707,2.5171580969155405e-8,5.169930875576037,4.38,6.1875,Worsening
COBWINND,CHL_comp,38,0.1638178300276714,0.15173678409927616,0.028598076923076955,-0.013076923076923071,0.07615384615384617,Stable
COBWINND,PH_epi,37,0.13293294026439353,0.25482536540228057,0.004000000000000018,-0.002999999999999936,0.009423076923076926,Stable
COBWINND,SECCHI,20,-0.37467148889293794,0.023068628828586006,-0.0787593984962406,-0.12499999999999996,-0.02499999999999991,Worsening
COBWINND,TP_hypo,37,0.5619437929358454,1.1986194948349429e-6,1.1533119658119657,0.65,1.7133333333333336,Worsening
COBWINND,TP_epi,37,0.635076546455349,6.24864820735149e-8,0.293212669683258,0.21428571428571427,0.36666666666666664,Worsening
