STATIONID,parameter,n,tau,mk_p,sen_slope,sen_ci_lower,sen_ci_upper,trend
WICMERD,SPCD_epi,30,0.4666666666666667,3.134918703512135e-4,0.9181249999999999,0.5368421052631577,1.4333333333333333,Worsening
WICMERD,CHL_comp,30,-0.2367816091954023,0.06879172817146423,-0.05899999999999998,-0.1221428571428572,0.006333333333333376,Stable
WICMERD,PH_epi,30,0.06936532069063645,0.6045579457142909,0.002812500000000051,-0.009999999999999787,0.01736842105263158,Stable
WICMERD,SECCHI_NVS,30,-0.07674937479510932,0.5673588636476499,-0.0090909090909091,-0.042307692307692296,0.029411764705882353,Stable
WICMERD,TP_hypo,30,0.2979246561264412,0.02229231674745083,0.6230769230769232,0.07142857142857142,1,Worsening
WICMERD,TP_epi,30,-0.19422289793378203,0.1383441953428633,-0.07571428571428569,-0.19076923076923077,0.02347826086956522,Stable
