parameter,non_na_n,tau,p.value,slope,trend,mean_value,percent_change
CHL_comp,32,-0.02016128972172737,0.8839623928070068,-0.01369047619047625,Improving,6.90921875,-0.1981479626835704
PH_epi,32,0.06728252023458481,0.6031601428985596,0.0026785714285714793,Improving,6.733125,0.03978199466921347
SECCHI,32,0.0202430821955204,0.8839017152786255,0.0014852941176470976,Improving,4.21375,0.03524874797145292
SPCD_epi,32,0,1,-0.0037715517241382066,Stable,112.71125,-0.0033462069883336454
TP_epi,32,0.29838709677419356,NA,NA,Worsening,9.0134375,NA
TP_hypo,32,0.08266129032258064,NA,NA,Worsening,53.159375,NA
