stationid,parameter,n,tau,mk_p,sen_slope,sen_ci_lower,sen_ci_upper,trend
COLANDD,SECCHI,32,-0.1578754955719584,0.22408728020557384,-0.011237373737373718,-0.0375,0.004464285714285714,Stable
COLANDD,TP_epi,31,0.3697356439158467,0.004332763232231554,0.1333333333333333,0.02222222222222224,0.22566666666666665,Worsening
COLANDD,SPCD_epi,32,-0.5348135921648665,1.8546537614117952e-5,-0.17895833333333339,-0.25714285714285723,-0.11874999999999991,Improving
COLANDD,PH_epi,32,0.16818858162265338,0.18327423103484855,0.008982758620689644,-0.0042857142857143215,0.024736842105263144,Stable
COLANDD,TP_hypo,27,0.3544904119917271,0.010830326106940274,0.22727272727272727,0.04999999999999982,0.41999999999999993,Worsening
COLANDD,CHL_comp,32,-0.05656577199434692,0.661415699471515,-0.004486111111111113,-0.029000000000000005,0.018888888888888893,Stable
COLANDD,Year,33,0.9962049198956219,5.140848400494519e-16,1,1,1.0769230769230769,Stable
