parameter,non_na_n,tau,p.value,slope,trend,mean_value,percent_change
CHL_comp,28,0.25132275132275134,0.06324355180339514,0.10789473336190064,Stable,5.711317857142857,1.8891390054041928
PH_epi,29,0,1,-1.6689300833168845e-8,Stable,6.646206896551724,-2.5111016092243257e-7
SECCHI,29,-0.3916256157635468,0.0030133124835458602,-0.050892210006714206,Worsening,4.296293103448276,-1.1845609408228521
SPCD_epi,28,0.1984126984126984,0.14366782594108263,0.7766666565230098,Stable,125.84214285714286,0.6171753268733582
TP_epi,27,-0.06267806267806268,0.6601799220402833,-0.0251312255859375,Stable,7.704074074074074,-0.3262069567906892
TP_hypo,27,0.08831908831908832,0.5313474487277632,0.11004409790038905,Stable,18.966296296296296,0.5802086827140746
