parameter,non_na_n,MK,SEN,tau,p.value,slope,significant,slope_dir,trend,mean_value,percent_change
CHL_comp,37,,,-0.19819819927215576,0.08665120601654053,1,FALSE,NA,Stable,3.5522274774774774,28.15135028205244
PH_epi,37,,,0.22723908722400665,0.04972338676452637,1,TRUE,increasing,Improving,6.551247747747748,15.264267793013778
SECCHI,37,,,-0.24096493422985077,0.03749137371778488,1,TRUE,increasing,Improving,5.809873873873874,17.212077606311716
SPCD_epi,37,,,0.07674962282180786,0.513015627861023,1,FALSE,NA,Stable,48.630765765765766,2.056311440409113
TP_epi,37,,,-0.08446542173624039,0.4716036319732666,1,FALSE,NA,Stable,5.990022522522523,16.694428046639118
TP_hypo,37,,,0.036144740879535675,0.7634775638580322,1,FALSE,NA,Stable,13.974121621621622,7.156084847957373
