parameter,non_na_n,tau,p.value,slope,trend,mean_value,percent_change
CHL_comp,172,0.10468234121799469,0.04206955432891846,0.003945515196441809,Worsening,3.4703470930232556,0.1136922356952083
SPCD_epi,176,0.45924970507621765,0,0.2929905011464134,Worsening,117.51903409090909,0.24931323118241852
PH_epi,176,0.05676313489675522,0.26664280891418457,4.4776119402985444e-4,Stable,6.714147727272727,0.006668920795577045
TP_epi,175,-0.07281772792339325,0.16848282516002655,0,Stable,9.335428571428572,0
TP_hypo,174,0.048761989921331406,0.36201345920562744,0,Stable,9.470057471264369,0
SECCHI,173,-0.29972925782203674,6.6570073897764814e-9,-0.005421511627906977,Worsening,3.485583815028902,-0.1555409915702177
