STATIONID,parameter,n,tau,mk_p,sen_slope,sen_ci_lower,sen_ci_upper,trend
CLOLOUD,SPCD_epi,31,0.6860215053763442,6.485881680238426e-8,1.344166666666667,1.075833333333333,1.859375,Worsening
CLOLOUD,CHL_comp,31,-0.0881720430107527,0.4965952143704689,-0.03333333333333331,-0.1264285714285714,0.071,Stable
CLOLOUD,PH_epi,31,0.017335276437801656,0.9051906746790948,4.166666666666948e-4,-0.010624999999999996,0.011999999999999922,Stable
CLOLOUD,SECCHI_NVS,31,-0.17609735955583805,0.1731322881210529,-0.017391304347826063,-0.0375,0.006000000000000005,Stable
CLOLOUD,TP_hypo,31,0.049784599394028045,0.7081947061122402,0.040000000000000216,-0.311111111111111,0.5,Stable
CLOLOUD,TP_epi,31,0.030270712504508742,0.8249877152846877,0.009545454545454584,-0.08818181818181815,0.09523809523809523,Stable
