stationid,parameter,n,tau,mk_p,sen_slope,sen_ci_lower,sen_ci_upper,trend
WINWEBD,SECCHI,68,0.05251946209690902,0.535062754244956,0.0019736842105263206,-0.004513888888888879,0.008333333333333333,Stable
WINWEBD,TP_epi,69,0.05608573727983335,0.5062531124551952,0.005575657894736837,-0.01178571428571432,0.03333333333333331,Stable
WINWEBD,SPCD_epi,68,-0.32827969713676175,7.842782285841315e-5,-0.17517441860465122,-0.25714285714285723,-0.09931034482758605,Improving
WINWEBD,PH_epi,69,0.14559139978665445,0.07981950314091153,0.0023861283643892344,-1.666666666666631e-4,0.004848484848484853,Stable
WINWEBD,TP_hypo,70,0.057169347375250985,0.4953854529751375,0.002857142857142847,-0.01052631578947374,0.034482758620689655,Stable
WINWEBD,CHL_comp,69,0.017495209442902084,0.8358579140429621,0.001285377358490583,-0.010909090909090919,0.014000000000000012,Stable
WINWEBD,Year,70,0.9902213400434434,3.2270970588776564e-33,0.45454545454545453,0.4444444444444444,0.46938775510204084,Stable
