parameter,non_na_n,tau,p.value,slope,trend,mean_value,percent_change
CHL_comp,94,-0.35290083289146423,4.818453476218565e-7,-0.030161290322580647,Improving,4.375144680851064,-0.6893781239872872
SPCD_epi,92,0.3923492133617401,0,0.24422222222222223,Worsening,74.82239130434783,0.3264025888036952
PH_epi,92,-0.10738909989595413,0.1323806345462799,-0.0014415584415584525,Stable,6.475282608695652,-0.022262479163806453
TP_epi,91,0.02930268831551075,0.6878217458724976,0,Stable,12.6389010989011,0
TP_hypo,89,0.07665172219276428,0.29516077041625977,0.015571120689655176,Stable,14.91505617977528,0.10439867273694559
SECCHI,90,-0.08466045558452606,0.24611401557922363,-0.0020000000000000018,Stable,2.8145,-0.07106057914372009
