stationid,parameter,n,tau,mk_p,sen_slope,sen_ci_lower,sen_ci_upper,trend
WICMERD,SECCHI,33,0.07604617709126885,0.5454309258957756,0.008045977011494239,-0.02070312499999999,0.03888888888888885,Stable
WICMERD,TP_epi,33,-0.2179831931977154,0.07955816895649111,-0.06996296296296295,-0.1620000000000001,0.007222222222222217,Stable
WICMERD,SPCD_epi,33,0.48863636363636365,6.831935844329524e-5,0.8339999999999996,0.5349999999999966,1.2320000000000002,Worsening
WICMERD,PH_epi,33,0.01901154427281721,0.8890330131303529,0.0013247863247863212,-0.009999999999999787,0.013333333333333345,Stable
WICMERD,TP_hypo,33,0.26667102051478836,0.031126718149024287,0.5021739130434784,0.024000000000000056,0.8777777777777777,Worsening
WICMERD,CHL_comp,33,-0.18767780942829299,0.12885445934803513,-0.05431818181818178,-0.1217241379310345,0.011249999999999996,Stable
WICMERD,Year,33,0.9971550440218322,4.585722820444682e-16,1.0833333333333333,1,1.1176470588235294,Stable
