STATIONID,parameter,n,tau,mk_p,sen_slope,sen_ci_lower,sen_ci_upper,trend
WINPLACD,SPCD_epi,39,0.7139001349527665,1.6900728155112487e-10,1.0878947368421046,0.8255555555555547,1.3033333333333332,Worsening
WINPLACD,CHL_comp,39,-0.009472294499980206,0.9421196277086187,-0.0010000000000000009,-0.020000000000000018,0.012857142857142869,Stable
WINPLACD,PH_epi,39,-0.052918011424085365,0.6455517787697482,-0.0014705882352941384,-0.007826086956521766,0.004999999999999974,Stable
WINPLACD,SECCHI_NVS,39,-0.3067969191586967,0.00707834437328165,-0.03750000000000009,-0.0625,-0.010416666666666666,Worsening
WINPLACD,TP_hypo,39,-0.306975991550682,0.006651507397312206,-0.08281249999999996,-0.1416666666666669,-0.023157894736842127,Improving
WINPLACD,TP_epi,39,-0.3057655911643381,0.007518943612948735,-0.0727777777777779,-0.1346153846153846,-0.010869565217391304,Improving
