parameter,non_na_n,tau,p.value,slope,significant,slope_dir,trend,mean_value,percent_change
CHL_comp,62,-0.0238095261156559,0.7892616987228394,-0.0034901960784313713,FALSE,decreasing,Improving (weak),5.804682258064516,-0.06012725457250307
PH_epi,63,-0.1127721443772316,0.19581422209739685,-0.002666666666666669,FALSE,decreasing,Worsening (weak),7.082777777777777,-0.03765001176562872
SECCHI,64,0.010972733609378338,0.9031181335449219,3.3783783783783066e-5,FALSE,increasing,Improving (weak),3.28412109375,0.001028700916299246
SPCD_epi,63,-0.12317199259996414,0.1562575101852417,-0.3333333333333333,FALSE,decreasing,Improving (weak),210.64222222222222,-0.1582462100032704
TP_epi,63,0.1987677663564682,0.022649049758911133,0.05624999999999999,TRUE,increasing,Worsening (significant),13.53968253968254,0.4154454865181711
TP_hypo,63,-0.07804908603429794,0.3703655004501343,-0.05319148936170213,FALSE,decreasing,Improving (weak),29.963968253968254,-0.17751817419796445
