parameter,non_na_n,tau,p.value,slope,trend,mean_value,percent_change
CHL_comp,31,-0.09472556412220001,0.46480870246887207,-0.03545454545454547,Improving,4.387679032258064,-0.8080478356298372
PH_epi,30,-0.3525354862213135,0.006673747207969427,-0.016666666666666666,Worsening,7.084,-0.2352719744024092
SECCHI,32,0.04272813722491264,0.7453330755233765,0.004205882352941183,Improving,3.168625,0.13273525118753982
SPCD_epi,31,-0.07096774876117706,0.5865203142166138,-0.03636363636363688,Improving,41.1258064516129,-0.08842048217685648
TP_epi,31,0.32903225806451614,NA,NA,Worsening,16.125806451612902,NA
TP_hypo,9,NA,NA,NA,insufficient data,23.333333333333332,NA
