parameter,non_na_n,tau,p.value,slope,trend,mean_value,percent_change
CHL_comp,118,0.09021690487861633,0.14860904216766357,0.0045000000000000005,Stable,3.2635381355932203,0.13788715844688684
SPCD_epi,119,0.06831151992082596,0.27224159240722656,0.015333333333333315,Stable,39.51806722689076,0.03880081797851561
PH_epi,119,-0.05230070278048515,0.4029919505119324,-5.50000000000006e-4,Stable,6.574008403361344,-0.008366280756787388
TP_epi,119,0.11482442170381546,0.0760490894317627,0.0011111111111111094,Stable,7.095210084033614,0.015660017081262304
TP_hypo,121,0.003235367825254798,0.9606118202209473,0,Stable,11.152396694214875,0
SECCHI,121,-0.1339285969734192,0.03194888308644295,-0.005434782608695652,Worsening,4.997971074380165,-0.1087397771578672
