parameter,non_na_n,MK,SEN,tau,p.value,slope,significant,slope_dir,trend,mean_value,percent_change
CHL_comp,34,,,-0.08920609205961227,0.4675460457801819,1,FALSE,NA,Stable,3.0190916666666667,33.122545136368274
PH_epi,34,,,0.15728385746479034,0.19696509838104248,1,FALSE,NA,Stable,7.008303921568627,14.26878758671436
SECCHI,34,,,0.21212121844291687,0.08024191856384277,1,FALSE,NA,Stable,3.570422794117647,28.00788751538117
SPCD_epi,34,,,0.458110511302948,1.475811004638672e-4,1,TRUE,increasing,Worsening,67.8052181372549,1.4748127466764391
TP_epi,34,,,0.14093434810638428,0.2526763677597046,1,FALSE,NA,Stable,9.361495098039216,10.682054410405579
TP_hypo,34,,,0.0017921407707035542,1,1,FALSE,NA,Stable,17.50127450980392,5.713869578125963
