parameter,non_na_n,tau,p.value,slope,trend,mean_value,percent_change
CHL_comp,15,0.08571428060531616,0.6921807527542114,0.05350000000000003,Stable,3.3549333333333333,1.5946665606867507
SPCD_epi,15,0.37142854928970337,0.06003832817077637,2.0433333333333343,Stable,60.404666666666664,3.3827408478373657
PH_epi,15,0.04807914420962334,0.8427045345306396,0.0069230769230769805,Stable,6.518666666666666,0.10620387998174956
TP_epi,15,0.23425471782684326,0.2710275650024414,0.0060000000000000496,Stable,5.626666666666667,0.10663507109004827
TP_hypo,14,-0.4725274443626404,0.02148873545229435,-0.26692307692307693,Improving,8.195,-3.2571455390247332
SECCHI,15,-0.18095237016677856,0.3730531334877014,-0.051785714285714386,Stable,4.6,-1.1257763975155302
