parameter,non_na_n,MK,SEN,tau,p.value,slope,significant,slope_dir,trend,mean_value,percent_change
CHL_comp,29,,,0.009852217510342598,0.9551234245300293,1.1428571428571428,FALSE,NA,Stable,4.598835632183908,24.85101087021063
PH_epi,29,,,0.05672014504671097,0.6797897815704346,1.1428571428571428,FALSE,NA,Stable,6.425373563218391,17.786625658613065
SECCHI,29,,,-0.017391962930560112,0.9102575182914734,1.1428571428571428,FALSE,NA,Stable,2.748126436781609,41.586774449707185
SPCD_epi,29,,,0.5763547420501709,1.239776611328125e-5,1.1428571428571428,TRUE,increasing,Worsening,51.312097701149426,2.2272664616312148
TP_epi,29,,,0.0618051253259182,0.6523995399475098,1.1428571428571428,FALSE,NA,Stable,12.926954022988506,8.840885028482003
TP_hypo,24,,,0.5401604175567627,2.614259719848633e-4,1.1428571428571428,TRUE,increasing,Worsening,13.596944444444444,8.40524977892442
