STATIONID,parameter,n,tau,mk_p,sen_slope,sen_ci_lower,sen_ci_upper,trend
CONOSSD,SPCD_epi,19,-0.1759538357694467,0.31000904181779154,-0.07769230769230767,-0.23000000000000043,0.1850000000000005,Stable
CONOSSD,CHL_comp,18,-0.217109961744959,0.2248129583849033,-0.025555555555555554,-0.04636363636363638,0.010333333333333342,Stable
CONOSSD,PH_epi,18,0.4590188606293697,0.008911303289092627,0.029999999999999995,0.0057142857142857195,0.0554545454545454,Improving
CONOSSD,SECCHI_NVS,19,0.21114460292333603,0.2204828964900307,0.07142857142857142,-0.06500000000000039,0.20454545454545456,Stable
CONOSSD,TP_hypo,19,-0.26120130332312624,0.16664683908275393,0,-0.17777777777777778,0,Stable
CONOSSD,TP_epi,19,0,1,0,0,0,Stable
