stationid,parameter,n,tau,mk_p,sen_slope,sen_ci_lower,sen_ci_upper,trend
HIGSTDND,SECCHI,116,0.07884061973557906,0.21513232820341266,0.0017465596330275262,-0.001187499999999997,0.005408163265306125,Stable
HIGSTDND,TP_epi,117,-0.08957981082420932,0.15839008349098668,-0.010370243791296425,-0.030303030303030304,0.0011111111111111202,Stable
HIGSTDND,SPCD_epi,119,-0.18102732701317312,0.00358540717417267,-0.031886792452830215,-0.05384615384615387,-0.01009708737864077,Improving
HIGSTDND,PH_epi,119,0.12552030681787432,0.04417364423020894,0.001525423728813557,0,0.0027906976744186073,Improving
HIGSTDND,TP_hypo,118,-0.03236388582018448,0.6085853154579177,-0.004255319148936155,-0.04193548387096774,0.023943661971830975,Stable
HIGSTDND,CHL_comp,116,-0.1453973036202913,0.0208995990920397,-0.012849025974025968,-0.023799999999999998,-0.00194444444444444,Improving
HIGSTDND,Year,122,0.9901971765505695,9.229831725136601e-58,0.29292929292929293,0.2875,0.29896907216494845,Stable
