parameter,non_na_n,tau,p.value,slope,trend,mean_value,percent_change
CHL_comp,119,0.08700038492679596,0.16252076625823975,0.00411764705882353,Worsening,2.6060810924369746,0.15800149392024765
PH_epi,117,-0.0038467533886432648,0.9530297517776489,0,Worsening,6.377888888888889,0
SECCHI,116,-0.01571759767830372,0.8057729005813599,-4.4798472923471226e-17,Worsening,6.617823275862069,-6.769366762462475e-16
SPCD_epi,117,-0.014150944538414478,0.822919487953186,-0.005529115341545418,Improving,71.46153846153847,-0.007737190467178733
TP_epi,118,-0.047660437490945964,NA,NA,Improving,6.184406779661017,NA
TP_hypo,116,-0.06446776611694154,NA,NA,Improving,11.327241379310346,NA
