STATIONID,parameter,n,tau,mk_p,sen_slope,sen_ci_lower,sen_ci_upper,trend
WINTLACD,SPCD_epi,34,0.7040998217468807,5.194117824315383e-9,1.44,1.1340909090909093,1.7125000000000004,Worsening
WINTLACD,CHL_comp,34,-0.1391615183499289,0.25361716979412924,-0.012500000000000006,-0.036458333333333336,0.00793103448275862,Stable
WINTLACD,PH_epi,34,-0.08079202944914872,0.5138223193812983,-0.0035000000000000144,-0.010666666666666677,0.004666666666666685,Stable
WINTLACD,SECCHI_NVS,34,-0.32675887466100145,0.007236003199869862,-0.06666666666666667,-0.10624999999999996,-0.013888888888888888,Worsening
WINTLACD,TP_hypo,34,-0.23806865663637708,0.05173240371533343,-0.06549999999999993,-0.16666666666666666,0,Stable
WINTLACD,TP_epi,33,-0.09030716611584863,0.47481825482814166,-0.022893518518518483,-0.0890909090909091,0.037777777777777764,Stable
