STATIONID,PARAMETER,n,tau,mk_p,sen_slope,sen_ci_lower,sen_ci_upper,TREND
HAWCEND,SPCD_epi,11,0.16363636363636364,0.5334165134726944,0.4199999999999989,-1.5428571428571425,3.5,Stable
HAWCEND,CHL_comp,11,-0.01818181818181818,1,-0.010000000000000009,-0.28857142857142853,0.5157142857142858,Stable
HAWCEND,PH_epi,10,0.1797866299901979,0.5295988084250076,0.02874999999999983,-0.02900000000000009,0.08500000000000085,Stable
HAWCEND,SECCHI_NVS,11,-0.3302891295379082,0.1843509512097482,-0.07500000000000001,-0.2250000000000001,0.03333333333333331,Stable
HAWCEND,TP_epi,11,0.2727272727272727,0.2757578478275093,0.31400000000000006,-0.26000000000000023,0.662857142857143,Stable
HAWCEND,TP_hypo,11,0.09090909090909091,0.7554968749288828,0.6399999999999999,-1.7799999999999998,3.3444444444444437,Stable
