parameter,non_na_n,MK,SEN,tau,p.value,slope,significant,slope_dir,trend,mean_value,percent_change
CHL_comp,26,,,-0.39076927304267883,0.005482343956828117,1,TRUE,increasing,Worsening,3.290770512820513,30.38801995168305
PH_epi,26,,,0.16024672985076904,0.2608466148376465,1,FALSE,NA,Stable,6.550429487179487,15.266174560877296
SECCHI,26,,,0.21571674942970276,0.12820041179656982,1,FALSE,NA,Stable,5.142964743589744,19.444037629198462
SPCD_epi,26,,,0.6676923632621765,1.9073486328125e-6,1,TRUE,increasing,Worsening,34.83602564102564,2.8705915258666055
TP_epi,26,,,-0.15789777040481567,0.2698843479156494,1,FALSE,NA,Stable,6.468461538461539,15.459626590557734
TP_hypo,26,,,0.1612451672554016,0.26030540466308594,1,FALSE,NA,Stable,13.740576923076924,7.277714797553568
