STATIONID,parameter,n,tau,mk_p,sen_slope,sen_ci_lower,sen_ci_upper,trend
BEELTUFD,SPCD_epi,26,0.6615384615384615,2.394748911058414e-6,0.8050000000000002,0.5666666666666665,1.0545454545454545,Worsening
BEELTUFD,CHL_comp,26,-0.4523076923076923,0.0012905793298499835,-0.071875,-0.12428571428571428,-0.03599999999999999,Improving
BEELTUFD,PH_epi,26,0.20679110840382983,0.14554482727243448,0.012500000000000178,-0.004166666666666726,0.02333333333333328,Stable
BEELTUFD,SECCHI_NVS,26,0.09273670016027795,0.5223863184544746,0.01499999999999999,-0.03799999999999999,0.0733333333333333,Stable
BEELTUFD,TP_hypo,26,0.12442416956500056,0.388882261959707,0.05555555555555555,-0.0625,0.225,Stable
BEELTUFD,TP_epi,26,-0.08438530156892918,0.565010885961571,-0.026470588235294128,-0.19444444444444445,0.06842105263157894,Stable
