stationid,parameter,n,tau,mk_p,sen_slope,sen_ci_lower,sen_ci_upper,trend
CANWIND,SECCHI,42,-0.07238862316207341,0.508319701881305,-0.007499999999999999,-0.03499999999999996,0.015940000000000013,Stable
CANWIND,TP_epi,43,0.23320467439245668,0.028678924794398212,0.04826086956521745,0.006666666666666525,0.0815384615384615,Worsening
CANWIND,SPCD_epi,63,0.5074407813641195,4.60614762316852e-9,2.3,1.6754901960784312,2.7679245283018865,Worsening
CANWIND,PH_epi,43,0.25472999643660105,0.016974982634177536,0.012499999999999956,0.0016666666666666312,0.01837837837837837,Improving
CANWIND,TP_hypo,43,0.3170220479669489,0.002943370657942287,0.13846153846153852,0.05,0.2700000000000001,Worsening
CANWIND,CHL_comp,43,-0.2747922859389211,0.009735063460196564,-0.028000000000000025,-0.047500000000000014,-0.007086956521739132,Improving
CANWIND,Year,63,0.9732731500868496,3.556582087466351e-28,0.2857142857142857,0.25925925925925924,0.3137254901960784,Stable
