parameter,non_na_n,MK,SEN,tau,p.value,slope,significant,slope_dir,trend,mean_value,percent_change
CHL_comp,16,,,-0.01666666567325592,0.9640893936157227,1,FALSE,NA,Stable,4.11546875,24.298568662439727
PH_epi,16,,,0.3166666328907013,0.09574663639068604,1,FALSE,NA,Stable,6.490833333333334,15.406342277570934
SECCHI,16,,,-0.18333332240581512,0.3444175124168396,1,FALSE,NA,Stable,3.592109375,27.838795972074205
SPCD_epi,16,,,0.29999998211860657,0.11507463455200195,1,FALSE,NA,Stable,38.01166666666667,2.630771254439426
TP_epi,16,,,0.28333330154418945,0.13734710216522217,1,FALSE,NA,Stable,8.663020833333334,11.543317501352732
TP_hypo,16,,,0.2666666507720947,0.162805438041687,1,FALSE,NA,Stable,10.479895833333334,9.542079576967804
