STATIONID,parameter,n,tau,mk_p,sen_slope,sen_ci_lower,sen_ci_upper,trend
PEARIND,SPCD_epi,33,0.4356060606060606,3.878433774808656e-4,1.348684210526316,0.6428571428571429,1.8909090909090907,Worsening
PEARIND,CHL_comp,33,-0.4659090909090909,1.4697179140780078e-4,-0.35163095238095227,-0.5091666666666667,-0.18545454545454543,Improving
PEARIND,PH_epi,33,0.2905994699720768,0.01847295186907229,0.009615942028985518,0.00187499999999996,0.016500000000000004,Improving
PEARIND,SECCHI,17,-0.10370654891554296,0.5916716696265544,-0.014871794871794873,-0.07272727272727274,0.03333333333333336,Stable
PEARIND,TP_hypo,33,0.17457336931599954,0.15844221016210525,0.9766203703703702,-0.24583333333333357,2.4826086956521745,Stable
PEARIND,TP_epi,33,-0.2167316047101162,0.0798236992589412,-0.24800156739811918,-0.5452380952380954,0.04210526315789478,Stable
