STATIONID,parameter,n,tau,mk_p,sen_slope,sen_ci_lower,sen_ci_upper,trend
POWKIND,SPCD_epi,25,0.4599999999999999,0.0013760379927677045,2.1185606060606066,0.8857142857142861,3.2052631578947355,Worsening
POWKIND,CHL_comp,25,-0.2637733225012002,0.06842698705287796,-0.05537745098039215,-0.12333333333333336,0.0015714285714285886,Stable
POWKIND,PH_epi,25,0.06689000620906511,0.6570522439697444,0.005817307692307692,-0.009999999999999787,0.020714285714285654,Stable
POWKIND,SECCHI_NVS,25,-0.20912080978001427,0.15316988700729708,-0.013888888888888888,-0.049166666666666727,0.006249999999999978,Stable
POWKIND,TP_hypo,8,0.5714285714285714,0.06348653056076752,0.95,-0.033333333333333805,1.75,Stable
POWKIND,TP_epi,25,0.29732444649577383,0.04156802817772743,0.20916666666666672,0,0.3409090909090909,Worsening
