parameter,non_na_n,tau,p.value,slope,trend,mean_value,percent_change
CHL_comp,15,0.16190475225448608,0.4284803867340088,0.06166666666666665,Stable,3.3549333333333333,1.8380891820999914
PH_epi,15,0.29809069633483887,0.1366811990737915,0.025000000000000133,Stable,6.518666666666666,0.3835140110452056
SECCHI,15,-0.1428571343421936,0.48842233419418335,-0.039583333333333304,Stable,4.6,-0.8605072463768111
SPCD_epi,15,0.21904760599136353,0.2762784957885742,0.6833333333333336,Stable,60.404666666666664,1.1312591742359868
TP_epi,15,0.19047619047619047,0.3326703749329136,0.05377502441406241,Stable,5.626666666666667,0.9557172585437632
TP_hypo,14,-0.4725274725274725,0.021488739119677414,-0.2313332805410029,Improving,8.195,-2.8228588229530556
