STATIONID,parameter,n,tau,mk_p,sen_slope,sen_ci_lower,sen_ci_upper,trend
SUNSUN040,CHL_comp,18,-0.4379084967320262,0.012421845733886541,-0.030909090909090896,-0.06458333333333333,-0.008333333333333304,Improving
