parameter,non_na_n,MK,SEN,tau,p.value,slope,significant,slope_dir,trend,mean_value,percent_change
CHL_comp,14,,,-0.1428571343421936,0.5112203359603882,1,FALSE,NA,Stable,6.78245,14.743934713857087
PH_epi,14,,,-0.2967032790184021,0.15462975203990936,1,FALSE,NA,Stable,6.778928571428572,14.75159369896212
SECCHI,13,,,0.1298810839653015,0.5815410614013672,1,FALSE,NA,Stable,2.441346153846154,40.961008270972826
SPCD_epi,14,,,-0.36263734102249146,0.07980191707611084,1,FALSE,NA,Stable,125.33214285714286,0.7978799190721796
TP_epi,14,,,0.5667016506195068,0.006042122840881348,1,TRUE,increasing,Worsening,12.464285714285715,8.022922636103152
TP_hypo,14,,,0.6176370978355408,0.003235340118408203,1,TRUE,increasing,Worsening,15.785714285714286,6.334841628959276
