parameter,non_na_n,tau,p.value,slope,trend,mean_value,percent_change
CHL_comp,52,-0.234983429312706,0.014418466947972775,-0.0245024154589372,Improving,3.2816403846153848,-0.7466514482758883
SPCD_epi,53,0.49654749035835266,1.1920928955078125e-7,0.24354166666666668,Worsening,45.43150943396226,0.5360633395213752
PH_epi,54,-0.18073497712612152,0.05601400136947632,-0.003947368421052618,Stable,6.7212962962962965,-0.058729272554578146
TP_epi,54,-0.16105692088603973,0.09234191477298737,-0.04789473684210518,Stable,11.233703703703704,-0.42634858551872334
TP_hypo,53,-0.12372476607561111,0.19940471649169922,-0.06720430107526884,Stable,19.60188679245283,-0.3428460830675954
SECCHI,53,-0.06537388265132904,0.49911850690841675,-0.004016129032258066,Stable,3.7335849056603774,-0.10756763629961466
