parameter,non_na_n,tau,p.value,slope,trend,mean_value,percent_change
CHL_comp,115,0.16815027594566345,0.008052229881286621,0.004242424242424239,Worsening,1.6187391304347827,0.26208202190582447
SPCD_epi,117,0.1379619687795639,0.027944207191467285,0.01820855614973263,Worsening,22.470726495726495,0.08103234291599584
PH_epi,117,0.22341057658195496,3.8373470306396484e-4,0.002187499999999988,Improving,6.507820512820513,0.03361340399125294
TP_epi,117,-0.00701076490804553,0.9242083430290222,0,Stable,5.746068376068376,0
TP_hypo,117,-0.07619356364011765,0.25158387422561646,0,Stable,7.121965811965812,0
SECCHI,117,-0.3327123820781708,1.4693151229039358e-7,-0.019670289855072454,Worsening,7.214465811965812,-0.27265067667861964
