parameter,non_na_n,tau,p.value,slope,trend,mean_value,percent_change
CHL_comp,78,-0.02933824248611927,0.707373321056366,-0.0033333333333332624,Stable,4.690239743589744,-0.07106957246458466
PH_epi,79,0.03393751382827759,0.6627044677734375,5.357142857142902e-4,Stable,6.414936708860759,0.008351045536806687
SECCHI,82,-0.0015446706674993038,0.9871752262115479,0,Stable,2.7487560975609755,0
SPCD_epi,78,0.04664335027337074,0.5486845970153809,0.03478260869565236,Stable,50.82891025641025,0.06843075824405614
TP_epi,78,0.11355311355311355,0.14102830325029858,0.05465469360351689,Stable,12.893205128205128,0.4239030796458399
TP_hypo,65,0.24951923076923077,0.0031787257618669518,0.16666658148169378,Worsening,13.352769230769232,1.2481798988754962
