parameter,non_na_n,tau,p.value,slope,trend,mean_value,percent_change
CHL_comp,47,0.1441882997751236,0.15764331817626953,0.008571428571428563,Worsening,1.490704255319149,0.5749918899636791
PH_epi,47,0.030583929270505905,0.7691370248794556,9.090909090909098e-4,Improving,6.299840425531915,0.014430379941157834
SECCHI,48,0.07525324821472168,0.48089683055877686,0,Improving,2.5375,0
SPCD_epi,47,-0.06209464371204376,0.5449452996253967,-0.024705882352941067,Improving,18.059255319148935,-0.13680454656812152
TP_epi,45,0.052525252525252523,NA,NA,Worsening,9.452444444444444,NA
TP_hypo,13,0.3333333333333333,NA,NA,Worsening,16.661538461538463,NA
