parameter,non_na_n,tau,p.value,slope,trend,mean_value,percent_change
CHL_comp,27,-0.38746438746438744,0.004860005197056205,-0.19158388519287123,Improving,6.686296296296296,-2.86532149792695
PH_epi,27,0.22507122507122507,0.10299042897402777,0.009606323242187655,Stable,6.495925925925926,0.14788227808829846
SECCHI,27,0.18803418803418803,0.1749341766461443,0.022915954589843766,Stable,3.060277777777778,0.7488194292769135
SPCD_epi,27,0.18518518518518517,0.18175824264180163,0.10546051025390671,Stable,22.69703703703704,0.4646443942520611
TP_epi,27,-0.03133903133903134,0.8345568575337663,-0.009999971836805344,Stable,8.888518518518518,-0.11250437084617872
TP_hypo,25,0.44333333333333336,0.002017700853198967,0.5200914382934572,Worsening,20.284,2.564047713929487
