parameter,non_na_n,tau,p.value,slope,trend,mean_value,percent_change
CHL_comp,178,-0.09956115484237671,0.049934688955545425,-0.0015942028985507244,Improving,1.6986797752808989,-0.09384952489277162
SPCD_epi,193,0.6409450769424438,0,0.18527526395173452,Worsening,88.1559067357513,0.210167725354014
PH_epi,194,0.13207055628299713,0.00664973258972168,7.407407407407578e-4,Improving,6.78409793814433,0.010918780175266372
TP_epi,182,-0.09987059980630875,0.08791574835777283,0,Stable,5.601648351648351,0
TP_hypo,190,0.015216434374451637,0.7853188514709473,0,Stable,5.881578947368421,0
SECCHI,184,0.005909993778914213,0.9065866470336914,0,Stable,8.598532608695653,0
