parameter,non_na_n,tau,p.value,slope,significant,slope_dir,trend,mean_value,percent_change
CHL_comp,44,-0.22433875501155853,0.03281597048044205,-0.04984374999999999,TRUE,decreasing,Improving (significant),4.719736363636364,-1.0560706395388029
PH_epi,45,0.1956423819065094,0.06025886535644531,0.00999999999999995,FALSE,increasing,Improving (weak),6.082777777777777,0.16439857521234735
SECCHI,44,0.1687014400959015,0.1098794937133789,0.013480769230769213,FALSE,increasing,Improving (weak),3.8424431818181817,0.35083847939659923
SPCD_epi,45,-0.06980281323194504,0.5058628916740417,-0.034233409610983936,FALSE,decreasing,Improving (weak),33.01577777777778,-0.10368803013335558
TP_epi,45,-0.057957541197538376,0.5835522413253784,-0.007616632860040534,FALSE,decreasing,Improving (weak),8.508222222222223,-0.08952085008013791
TP_hypo,43,-0.08399182558059692,0.4379667043685913,-0.03666666666666665,FALSE,decreasing,Improving (weak),13.04232558139535,-0.28113595568393884
