STATIONID,parameter,n,tau,mk_p,sen_slope,sen_ci_lower,sen_ci_upper,trend
CANCAND,SPCD_epi,38,0.6975090734689687,7.83932067832427e-10,1.1217391304347826,0.85,1.3482758620689659,Worsening
CANCAND,CHL_comp,38,-0.24393822535453435,0.03251573406924686,-0.02799999999999998,-0.048750000000000016,-0.004482758620689659,Improving
CANCAND,PH_epi,38,0.055714797383141806,0.632679341784771,0.0016249999999999876,-0.0050000000000001155,0.007272727272727279,Stable
CANCAND,SECCHI,20,-0.2659724977378574,0.11113160977914457,-0.03105555555555555,-0.07272727272727271,0.009999999999999964,Stable
CANCAND,TP_hypo,38,-0.2322091997645623,0.0489251678392883,-0.05,-0.125,0,Improving
CANCAND,TP_epi,38,-0.190530625447846,0.10716148642498123,-0.045454545454545456,-0.10526315789473684,0,Stable
