STATIONID,parameter,n,tau,mk_p,sen_slope,sen_ci_lower,sen_ci_upper,trend
COBWINSD,SPCD_epi,37,0.5954893950926924,2.37827830556667e-7,5.173809523809524,4.242307692307691,6.359375,Worsening
COBWINSD,CHL_comp,38,0.17211948790896162,0.1313937281121655,0.03421052631578949,-0.013480000000000025,0.08074074074074075,Stable
COBWINSD,PH_epi,35,0.11535701411054715,0.3407839915232937,0.004090909090909084,-0.0040000000000000036,0.009999999999999787,Stable
COBWINSD,SECCHI_NVS,37,-0.41182351346156476,3.8798916698829417e-4,-0.04346590909090907,-0.06499999999999997,-0.023913043478260863,Worsening
COBWINSD,TP_hypo,37,0.3915434513701392,7.308854889404106e-4,0.4494949494949495,0.22800000000000004,0.8285714285714285,Worsening
COBWINSD,TP_epi,37,0.6290963533904631,7.062452459139268e-8,0.2831410256410256,0.2,0.375,Worsening
