STATIONID,parameter,n,tau,mk_p,sen_slope,sen_ci_lower,sen_ci_upper,trend
SPEENFD2,SPCD_epi,16,0.11666666666666667,0.5583509093759852,0.11805555555555555,-0.275,0.75,Stable
SPEENFD2,CHL_comp,16,0.08333333333333333,0.6853285557833784,0.016286858974358952,-0.06666666666666672,0.14749999999999996,Stable
SPEENFD2,PH_epi,16,0.21666666666666667,0.26035056965599124,0.019160839160839202,-0.020714285714285654,0.050416666666666554,Stable
SPEENFD2,SECCHI,14,-0.11357879791107997,0.6375465076782212,0,-0.030000000000000027,0.02166666666666665,Stable
SPEENFD2,TP_epi,16,0.2,0.3004271167492414,0.11649999999999996,-0.09545454545454544,0.344,Stable
