parameter,non_na_n,tau,p.value,slope,trend,mean_value,percent_change
CHL_comp,84,0.08321377635002136,0.26423001289367676,0.027979166666666676,Worsening,11.271790476190477,0.24822291299476662
PH_epi,83,0.09896742552518845,0.18883240222930908,0.0019047619047619065,Improving,7.00277108433735,0.02720011666556066
SECCHI,84,0.08028706163167953,0.2872943878173828,0.0016894977168949777,Improving,1.6008630952380953,0.10553667717873776
SPCD_epi,83,0.016468171030282974,0.8287479877471924,0.27906976744186046,Worsening,681.7951807228916,0.04093161338365127
TP_epi,83,0.12224507787246547,NA,NA,Worsening,26.65421686746988,NA
TP_hypo,15,0.08571428571428572,NA,NA,Worsening,32.373333333333335,NA
