parameter,non_na_n,tau,p.value,slope,trend,mean_value,percent_change
CHL_comp,35,0.06565666198730469,0.589360237121582,0.016076923076923048,Stable,4.654401428571428,0.345413332383269
SPCD_epi,35,0.28259050846099854,0.017697930335998535,0.15099999999999908,Worsening,43.705714285714286,0.34549258024449025
PH_epi,34,-0.007162113208323717,0.9645050168037415,-1.1102230246251565e-16,Stable,6.877617647058823,-1.6142552284800792e-15
TP_epi,34,-0.06904071569442749,0.5821684002876282,-0.00777777777777776,Stable,8.185882352941176,-0.09501453163424974
TP_hypo,29,-0.05863342434167862,0.6777116060256958,0,Stable,9.552413793103447,0
SECCHI,35,-0.30822232365608215,0.010083029977977276,-0.02520833333333335,Worsening,3.692642857142857,-0.6826637264573707
