parameter,non_na_n,tau,p.value,slope,significant,slope_dir,trend,mean_value,percent_change
CHL_comp,100,0.050338633358478546,0.46015095710754395,0.009021276595744677,FALSE,increasing,Worsening (weak),7.4056355,0.12181637343270106
PH_epi,101,0.029821308329701424,0.66190338134765625,4.7619047619046605e-4,FALSE,increasing,Improving (weak),7.446079207920792,0.006395184135080337
SECCHI,101,0.0011998176341876388,0.9882848262786865,0,FALSE,NA,Stable,4.718836633663367,0
SPCD_epi,101,-0.051922328770160675,0.4437633156776428,-0.020463157894736864,FALSE,decreasing,Improving (weak),74.37831683168316,-0.027512262667955544
TP_epi,100,-0.010078752413392067,0.8861109018325806,0,FALSE,NA,Stable,10.0266,0
TP_hypo,100,-0.01739131286740303,0.8001508712768555,-0.04,FALSE,decreasing,Improving (weak),100.676,-0.039731415630338905
