parameter,non_na_n,tau,p.value,slope,trend,mean_value,percent_change
CHL_comp,66,-0.26738229393959045,0.0015470943180844188,-0.031666666666666655,Improving,3.417398484848485,-0.9266307926062841
SPCD_epi,65,0.297401487827301,4.7707557678222656e-4,0.18744239631336407,Worsening,39.023384615384614,0.48033351837827676
PH_epi,65,0.3657935559749603,1.8596649169921875e-5,0.007108187134502921,Improving,6.633553846153847,0.10715503784783881
TP_epi,64,0.06403433531522751,0.46149730682373047,0.011569230769230783,Stable,9.67640625,0.11956123451545644
TP_hypo,66,-0.034037817269563675,0.6939098238945007,-0.002857142857142847,Stable,11.088030303030303,-0.025767812488409276
SECCHI,66,-0.04541239142417908,0.595116138458252,-0.0033333333333333214,Stable,4.430530303030303,-0.07523553853256475
