parameter,non_na_n,tau,p.value,slope,trend,mean_value,percent_change
CHL_comp,49,0.05106384679675102,0.6110270023345947,0.005568475452196395,Stable,3.500477551020408,0.15907759358642806
SPCD_epi,49,0.2577626407146454,0.0092334747314453125,0.43612637362637463,Worsening,70.32510204081633,0.6201574700499533
PH_epi,49,0.2003471553325653,0.04444015026092529,0.004641025641025635,Improving,6.821632653061225,0.06803394256275239
TP_epi,49,0.054578542709350586,0.5920379161834717,0.008452380952380923,Stable,11.60204081632653,0.07285253591322167
TP_hypo,9,NA,NA,NA,insufficient data,11.666666666666666,NA
SECCHI,48,-0.0793624073266983,0.4382692575454712,-0.00280555555555555,Stable,2.6078645833333334,-0.10758056892545896
