stationid,parameter,n,tau,mk_p,sen_slope,sen_ci_lower,sen_ci_upper,trend
PARLTLD,SECCHI,101,-0.187571491299819,0.005929753498259331,-0.007532183528635094,-0.01333333333333333,-0.002083333333333326,Worsening
PARLTLD,TP_epi,100,0.04545723192653466,0.5115300342471742,0.004212962962962978,-0.00987179487179489,0.03070175438596491,Stable
PARLTLD,SPCD_epi,101,0.03131194007974671,0.6450239100964683,0.013633540372670677,-0.04222222222222172,0.07654320987654324,Stable
PARLTLD,PH_epi,101,-0.04572600758224658,0.5015380286044939,-7.185886402753985e-4,-0.0030769230769230795,0.0014285714285714405,Stable
PARLTLD,TP_hypo,100,0.01011122862674005,0.8839729967575165,0.02403846153846083,-0.3017857142857144,0.30581395348837204,Stable
PARLTLD,CHL_comp,100,-0.08430205284281174,0.2153681979663949,-0.016939964157706097,-0.03864864864864864,0.00857142857142857,Stable
PARLTLD,Year,102,0.9901475429766744,2.5536563215382892e-48,0.3333333333333333,0.32926829268292684,0.3333333333333333,Stable
