parameter,non_na_n,tau,p.value,slope,trend,mean_value,percent_change
CHL_comp,119,-0.15773725509643555,0.011076410301029682,-0.02954545454545452,Improving,9.929573109243698,-0.29755009828116263
SPCD_epi,119,0.40418869256973267,0,0.5238805970149253,Worsening,107.36663865546218,0.48793610713291463
PH_epi,119,-0.12464363873004913,0.045650217682123184,-0.0015730337078651649,Worsening,6.886672268907563,-0.02284170999347841
TP_epi,120,0.035139646381139755,0.5776699781417847,0,Stable,11.1285,0
TP_hypo,119,-0.015877867117524147,0.8021082878112793,0,Stable,13.96,0
SECCHI,116,-0.020236007869243622,0.7555093765258789,0,Stable,2.8010775862068966,0
