STATIONID,PARAMETER,n,tau,mk_p,sen_slope,sen_ci_lower,sen_ci_upper,TREND
HARHARD,SPCD_epi,35,-0.13949579831932774,0.24421438471306708,-0.08181818181818185,-0.22888888888888895,0.049333333333333465,Stable
HARHARD,CHL_comp,35,-0.15630252100840336,0.1913717896156136,-0.04071428571428569,-0.09250000000000001,0.029090909090909115,Stable
HARHARD,PH_epi,35,0.3330573945044169,0.005345388303004761,0.010999999999999944,0.0037499999999999942,0.017352941176470585,Improving
HARHARD,SECCHI_NVS,34,-0.09983495495357543,0.42194380318310415,-0.011538461538461532,-0.0352941176470588,0.017187500000000022,Stable
HARHARD,TP_epi,35,0.008638877665687595,0.954429848768579,0,-0.058823529411764705,0.08466666666666664,Stable
HARHARD,TP_hypo,34,0.17970039449239625,0.14175438155108044,0.10416666666666667,-0.03599999999999994,0.25599999999999995,Stable
