parameter,non_na_n,MK,SEN,tau,p.value,slope,significant,slope_dir,trend,mean_value,percent_change
CHL_comp,38,,,-0.268847793340683,0.01810234785079956,1,TRUE,increasing,Worsening,1.7578741231068102,56.88689462204678
PH_epi,39,,,0.23951373994350433,0.033190011978149414,1,TRUE,increasing,Improving,6.753477207977208,14.80718701202989
SECCHI,39,,,0.22267206013202667,0.04726839065551758,1,TRUE,increasing,Improving,8.132775040261883,12.295925991428861
SPCD_epi,39,,,0.6509116291999817,0,1,TRUE,increasing,Worsening,86.82354660154661,1.1517612895833798
TP_epi,36,,,0.06997055560350418,0.5758392810821533,1,FALSE,NA,Stable,5.05569885361552,19.779659132285193
TP_hypo,39,,,-0.08488214761018753,0.45976942777633667,1,FALSE,NA,Stable,6.139957264957265,16.286758308682792
