stationid,parameter,n,tau,mk_p,sen_slope,sen_ci_lower,sen_ci_upper,trend
GRASTDD,SECCHI,90,-0.046430530445000874,0.521205924627335,-0.003947368421052626,-0.019642857142857167,0.009999999999999985,Stable
GRASTDD,TP_epi,89,0.06006482083392217,0.45011632988616945,0,0,0,Stable
GRASTDD,SPCD_epi,89,0.4200437395608877,5.907972373899845e-9,0.23942218080149116,0.1774647887323943,0.3125,Worsening
GRASTDD,PH_epi,90,0.0978805776948667,0.1750357071221767,0.0018965517241379365,-0.0010000000000000009,0.0046666666666666705,Stable
GRASTDD,TP_hypo,90,-0.04526196794952325,0.5508703810654455,0,-0.010370370370370379,0,Stable
GRASTDD,CHL_comp,90,-0.05742278852798599,0.4266802738218732,-0.0017647058823529428,-0.0065121951219512175,0.003137254901960785,Stable
GRASTDD,Year,93,0.9906057100301173,3.794544902638286e-44,0.375,0.37142857142857144,0.38095238095238093,Stable
