parameter,non_na_n,tau,p.value,slope,significant,slope_dir,trend,mean_value,percent_change
CHL_comp,117,-0.048866987228393555,0.4368985891342163,-0.003797960174842154,FALSE,NA,Stable,4.341261538461539,-0.08748517317360427
PH_epi,115,0.05317084118723869,0.40412235260009766,5.714285714285592e-4,FALSE,NA,Stable,6.678260869565217,0.008556547619047436
SECCHI,117,0.08081354200839996,0.2013380527496338,0.003196385542168674,FALSE,NA,Stable,4.091623931623932,0.07812021817215384
SPCD_epi,115,-0.11160308867692947,0.07763709872961044,-0.02547169811320754,FALSE,NA,Stable,31.279260869565217,-0.08143318417728838
TP_epi,119,0.09335434436798096,0.1400902271270752,0.0072277227722772315,FALSE,NA,Stable,11.264201680672269,0.06416542403248117
TP_hypo,116,0.020567817613482475,0.7488073110580444,0,FALSE,NA,Stable,12.463103448275863,0
