stationid,parameter,n,tau,mk_p,sen_slope,sen_ci_lower,sen_ci_upper,trend
BLASUTD,SECCHI,123,0.21227636881847206,6.027081996652042e-4,0.008928571428571428,0.003968253968253968,0.01367647058823529,Improving
BLASUTD,TP_epi,125,-0.08403505967885139,0.19079352103637578,0,-0.013513513513513514,0,Stable
BLASUTD,SPCD_epi,126,0.27951704843826414,3.6353290741050016e-6,0.09090909090909091,0.05301204819277107,0.12321428571428557,Worsening
BLASUTD,PH_epi,127,-0.19243679282675147,0.001454118922339469,-0.0015873015873015958,-0.0025000000000000022,-5.94059405940599e-4,Worsening
BLASUTD,TP_hypo,127,0.0069450543698699775,0.9118022228445983,0,-0.02040816326530612,0.022988505747126436,Stable
BLASUTD,CHL_comp,127,-0.06653322482058048,0.26931603625208617,-0.003627450980392158,-0.010810810810810796,0.0032000000000000028,Stable
BLASUTD,Year,128,0.9891139755826491,2.4094968997949243e-60,0.25,0.25,0.2608695652173913,Stable
