parameter,non_na_n,MK,SEN,tau,p.value,slope,significant,slope_dir,trend,mean_value,percent_change
CHL_comp,36,,,0.2666666805744171,0.02292454242706299,1,TRUE,increasing,Worsening,5.289268518518519,18.906205962107062
PH_epi,36,,,0.0558667927980423,0.6430695056915283,1,FALSE,NA,Stable,7.025,14.234875444839856
SECCHI,36,,,-0.05887049064040184,0.6237881183624268,1,FALSE,NA,Stable,4.18394675925926,23.900877748670098
SPCD_epi,36,,,0.49841275811195374,2.014636993408203e-5,1,TRUE,increasing,Worsening,170.69041666666666,0.5858559721913699
TP_epi,36,,,0.24203944206237793,0.03963637351989746,1,TRUE,increasing,Worsening,10.831111111111111,9.232663110381617
TP_hypo,36,,,0.0909830629825592,0.44530487060546875,1,FALSE,NA,Stable,12.43138888888889,8.044153464572206
