parameter,non_na_n,MK,SEN,tau,p.value,slope,significant,slope_dir,trend,mean_value,percent_change
CHL_comp,40,,,0.24358974397182465,0.027662038803100586,1,TRUE,increasing,Worsening,4.9000025,20.40815285298324
PH_epi,39,,,-0.03515896201133728,0.7622799277305603,1,FALSE,NA,Stable,6.777183760683761,14.755391550709676
SECCHI,41,,,-0.0929098129272461,0.3994477391242981,1,FALSE,NA,Stable,5.545548780487805,18.032480455649992
SPCD_epi,39,,,0.54116058349609375,1.3113021850585938e-06,1,TRUE,increasing,Worsening,63.644401709401706,1.5712301053059905
TP_epi,39,,,0.05593784898519516,0.6279374361038208,1,FALSE,NA,Stable,6.9587606837606835,14.370374919396935
TP_hypo,38,,,0.2618068754673004,0.02204132080078125,1,TRUE,increasing,Worsening,14.560526315789474,6.867883607446232
