parameter,non_na_n,tau,p.value,slope,significant,slope_dir,trend,mean_value,percent_change
CHL_comp,83,0.012950715608894825,0.8657007217407227,8.771929824561411e-4,FALSE,NA,Stable,3.1246385542168675,0.02807342248505262
PH_epi,83,-0.07783563435077667,0.3025766611099243,-0.0010526315789473927,FALSE,NA,Stable,6.488253012048193,-0.01622365183652265
SECCHI,86,0.022954875603318214,0.7594730854034424,4.545454545455256e-4,FALSE,NA,Stable,5.325668604651163,0.00853499322410991
SPCD_epi,83,-0.05216645076870918,0.48876672983169556,-0.00636363636363639,FALSE,NA,Stable,24.906746987951806,-0.025549849471368884
TP_epi,83,0.03783931955695152,0.6282154321670532,0,FALSE,NA,Stable,6.090963855421687,0
TP_hypo,82,0.034033771604299545,0.6588947772979736,0,FALSE,NA,Stable,12.477073170731707,0
