parameter,non_na_n,tau,p.value,slope,significant,slope_dir,trend,mean_value,percent_change
CHL_comp,69,-0.022615760564804077,0.7876580953598022,-0.0017712418300653676,FALSE,decreasing,Improving (weak),3.408322463768116,-0.051968141186592647
PH_epi,69,0.10951565951108932,0.1880425214767456,0.001810730253353207,FALSE,increasing,Improving (weak),6.815507246376812,0.02656779881373919
SECCHI,68,-0.0667620301246643,0.4295569658279419,-0.002854010025062631,FALSE,decreasing,Worsening (weak),6.00952205882353,-0.047491464331547086
SPCD_epi,68,-0.039112307131290436,0.6413214206695557,-0.018090909090909046,FALSE,decreasing,Improving (weak),49.37014705882353,-0.03664341746714689
TP_epi,69,-0.11173669993877411,0.18372707068920135,-0.016325396825396833,FALSE,decreasing,Improving (weak),6.993768115942029,-0.23342776818956454
TP_hypo,70,-0.04107723385095596,0.6252444982528687,0,FALSE,NA,Stable,10.468428571428571,0
