parameter,non_na_n,tau,p.value,slope,trend,mean_value,percent_change
CHL_comp,54,-0.10979023575782776,0.24446964263916016,-0.015208333333333332,Stable,3.734719865319865,-0.4072148348944719
PH_epi,51,-0.03778063878417015,0.7025609612464905,-0.0013043478260869672,Stable,6.398627450980392,-0.020384806524204126
SECCHI,54,-0.06041530892252922,0.5257434844970703,-0.0036363636363636394,Stable,4.263981481481482,-0.08528094345991902
SPCD_epi,51,-0.1616320163011551,0.09589116275310516,-0.3409090909090909,Stable,74.22019607843137,-0.4593211941246274
TP_epi,52,0.13650075414781296,0.15452921889678572,0.06833339402452066,Stable,8.073076923076924,0.8464355619997794
TP_hypo,53,0.03265602322206096,0.7351108724051716,0.011474609375,Stable,10.341509433962264,0.11095681387976648
