parameter,non_na_n,tau,p.value,slope,trend,mean_value,percent_change
CHL_comp,13,0.38461538461538464,0.0757526876163821,0.6647204589843759,Stable,7.422307692307692,8.955711438280535
PH_epi,13,0.05128205128205128,0.8542396057680934,0.011103515624999904,Stable,7.124615384615384,0.15584722859533442
SECCHI,13,-0.2692307692307692,0.2198268995674002,-0.05344238281249997,Stable,3.2551923076923077,-1.641758082501328
SPCD_epi,13,0.15384615384615385,0.5005594978181391,1.1863281249999906,Stable,152.58461538461538,0.7774886884956583
TP_epi,13,0.38461538461538464,0.0757526876163821,0.3999999236315488,Stable,12.348461538461539,3.239269299950249
TP_hypo,12,-0.015151515151515152,1,-0.24285710118711726,Stable,55.458333333333336,-0.43790912310224
