parameter,non_na_n,tau,p.value,slope,significant,slope_dir,trend,mean_value,percent_change
CHL_comp,162,0.03705978021025658,0.4851100444793701,0.002765957446808527,FALSE,NA,Stable,5.415639506172839,0.05107351483893714
PH_epi,164,0.056786905974149704,0.2841451168060303,3.785526630045382e-4,FALSE,NA,Stable,6.65670731707317,0.005686785447718628
SECCHI,164,-0.014344541355967522,0.7880118489265442,0,FALSE,NA,Stable,3.5675426829268293,0
SPCD_epi,166,0.05717423930764198,0.2754173278808594,0.00909090909090906,FALSE,NA,Stable,44.518614457831326,0.020420467262115938
TP_epi,165,-0.05172378197312355,0.3304539918899536,-0.004523329129886509,FALSE,NA,Stable,12.334909090909091,-0.036670956360920666
TP_hypo,166,0.0236807968467474,0.65479278564453125,0.0013333333333333524,FALSE,NA,Stable,17.31933734939759,0.007698523947163193
