STATIONID,parameter,n,tau,mk_p,sen_slope,sen_ci_lower,sen_ci_upper,trend
NUTMAND,SPCD_epi,26,0.4707692307692308,8.071950066895082e-4,19.944000000000003,9.630434782608695,34.583333333333336,Worsening
NUTMAND,CHL_comp,26,-0.15408338784034142,0.280009304459619,-0.10142857142857142,-0.391875,0.13676000000000005,Stable
NUTMAND,PH_epi,26,0.2163856337073152,0.12801495933379675,0.01000000000000004,-0.00272727272727275,0.020000000000000167,Stable
NUTMAND,SECCHI,20,-0.44925567733258603,0.006884621085278109,-0.07934027777777777,-0.125,-0.020000000000000018,Worsening
NUTMAND,TP_hypo,26,-0.2588600915717736,0.06726589928149135,-1.2583333333333329,-2.607142857142857,0.12142857142857062,Stable
NUTMAND,TP_epi,26,-0.09034969405977518,0.5360686846239132,-0.05555555555555555,-0.36363636363636365,0.2,Stable
