stationid,parameter,n,tau,mk_p,sen_slope,sen_ci_lower,sen_ci_upper,trend
WINPLACD,SECCHI,106,-0.17077793939550417,0.011131148423286281,-0.007211538461538462,-0.014492753623188406,0,Worsening
WINPLACD,TP_epi,111,-0.22051037223084935,0.0010245300678794515,-0.021208791208791204,-0.041666666666666664,0,Improving
WINPLACD,SPCD_epi,111,0.7097888333829759,2.742446518309141e-28,0.4185185185185184,0.36661290322580653,0.4650000000000006,Worsening
WINPLACD,PH_epi,111,-0.07417935586369398,0.2523773525042852,-8.653846153846226e-4,-0.00235294117647059,5.882352941176345e-4,Stable
WINPLACD,TP_hypo,111,-0.2424527943896158,1.9378458305750583e-4,-0.032666666666666684,-0.05116666666666666,-0.014571428571428591,Improving
WINPLACD,CHL_comp,110,-0.07005536664005305,0.2802053110169549,-0.002352941176470586,-0.008117647058823528,0.001730769230769228,Stable
WINPLACD,Year,112,0.9902192209476169,4.738590067940188e-53,0.35714285714285715,0.35294117647058826,0.3611111111111111,Stable
