parameter,non_na_n,tau,p.value,slope,significant,slope_dir,trend,mean_value,percent_change
CHL_comp,114,0.010877169668674469,0.8658134937286377,7.142857142857149e-4,FALSE,increasing,Worsening (weak),4.05510350877193,0.017614487835898255
PH_epi,117,0.08360181748867035,0.18533599376678467,8.246087425795964e-4,FALSE,increasing,Improving (weak),6.7847863247863245,0.012153790894889622
SECCHI,115,0.00247374689206481,0.9710469245910645,0,FALSE,NA,Stable,3.2072173913043476,0
SPCD_epi,118,-0.07791652530431747,0.21247804164886475,-0.12023809523809517,FALSE,decreasing,Improving (weak),176.31389830508473,-0.06819547204953814
TP_epi,115,0.013629118911921978,0.8332173824310303,0,FALSE,NA,Stable,12.311826086956522,0
TP_hypo,116,-1.5077512944117188e-4,1,0,FALSE,NA,Stable,28.076724137931034,0
