parameter,non_na_n,tau,p.value,slope,trend,mean_value,percent_change
CHL_comp,83,0.08702044188976288,0.24597668647766113,0.024285714285714275,Stable,13.635703614457832,0.17810385860810526
SPCD_epi,87,-0.08052437007427216,0.2713906168937683,-1.3013698630136987,Stable,935.0758620689655,-0.13917265066967555
PH_epi,87,-0.08168861269950867,0.2664949297904968,-0.001249999999999998,Stable,7.114137931034483,-0.01757064611506953
TP_epi,86,0.048183783888816833,0.516157865524292,0.024193548387096774,Stable,23.677906976744186,0.10217773222463893
TP_hypo,84,0.18908074498176575,0.011139631271362305,0.32966666666666655,Worsening,53.36190476190476,0.6177940389077278
SECCHI,88,-0.1414703130722046,0.05283668637275696,-0.004464285714285714,Stable,2.5360795454545455,-0.17603098145273566
