STATIONID,PARAMETER,n,tau,mk_p,sen_slope,sen_ci_lower,sen_ci_upper,TREND
NUBNELD,SPCD_epi,37,-0.6186186186186187,7.640429943255867e-8,-0.155078125,-0.20636363636363633,-0.11666666666666596,Improving
NUBNELD,CHL_comp,36,-0.19888680350539145,0.09113109987396066,-0.011715686274509803,-0.025805555555555564,0.001633333333333331,Stable
NUBNELD,PH_epi,39,0.274324574803415,0.014528409835868025,0.010517241379310335,0.002391304347826152,0.01730769230769228,Improving
NUBNELD,SECCHI_NVS,13,-0.11613144917081454,0.6248544649570991,-0.10777777777777792,-0.4833333333333334,0.2124999999999999,Stable
NUBNELD,TP_epi,36,-0.3963964022698962,0.0033312280688182084,0,0,0,Improving
NUBNELD,TP_hypo,36,-0.177747436286283,0.1510960656258252,-0.005684523809523847,-0.1290909090909091,0,Stable
