parameter,non_na_n,MK,SEN,tau,p.value,slope,significant,slope_dir,trend,mean_value,percent_change
CHL_comp,16,,,-0.3166666328907013,0.09574667364358902,1,FALSE,NA,Stable,3.48455,28.698110229441394
PH_epi,17,,,0.2007559984922409,0.28293704986572266,1,FALSE,NA,Stable,6.4473529411764705,15.510241321107616
SECCHI,17,,,-0.007435407489538193,1,1,FALSE,NA,Stable,4.757352941176471,21.020092735703244
SPCD_epi,17,,,-0.029411768540740013,0.90164947509765625,1,FALSE,NA,Stable,70.43205882352942,1.4198079918486317
TP_epi,17,,,-0.5002297163009644,0.006955272983759642,1,TRUE,increasing,Worsening,8.205882352941176,12.186379928315413
TP_hypo,17,,,-0.4813254773616791,0.009055822156369686,1,TRUE,increasing,Worsening,8.476470588235294,11.79736294240111
