parameter,non_na_n,tau,p.value,slope,trend,mean_value,percent_change
CHL_comp,136,0.025733301416039467,0.6584007740020752,0.0016500000000000006,Worsening,4.511653676470588,0.03657195605693688
PH_epi,133,0.027775363996624947,0.6391052007675171,2.210012210012163e-4,Improving,6.838112781954887,0.0032319037144929365
SECCHI,135,-0.013494433835148811,0.8193533420562744,0,Worsening,4.040266666666667,0
SPCD_epi,133,-0.016087645664811134,0.7853700518608093,-0.0029705882352941953,Improving,49.08481203007519,-0.0060519499055513544
TP_epi,133,-0.012759170653907496,NA,NA,Improving,12.143308270676691,NA
TP_hypo,134,-0.05296824149927056,NA,NA,Improving,38.75380597014925,NA
