stationid,parameter,n,tau,mk_p,sen_slope,sen_ci_lower,sen_ci_upper,trend
WILSWAD,SECCHI,65,0.02853740186595861,0.7424998740323423,0.0014787296037295985,-0.006578947368421052,0.009210526315789464,Stable
WILSWAD,TP_epi,65,0.2765657475874638,0.0012852057710190856,0.06165158371040726,0.02631578947368421,0.10476190476190472,Worsening
WILSWAD,SPCD_epi,63,0.44905273937532,2.0402276987600932e-7,1.0871794871794869,0.7625000000000005,1.5249999999999997,Worsening
WILSWAD,PH_epi,63,0.16559685085097428,0.056842970842316896,0.004249999999999999,0,0.008275862068965493,Stable
WILSWAD,TP_hypo,34,0.37074404098667424,0.002433227865408721,0.19230769230769232,0.08499999999999996,0.3,Worsening
WILSWAD,CHL_comp,63,-0.016414491701258964,0.8541008666337148,-0.0016666666666666312,-0.01743589743589744,0.01499999999999999,Stable
WILSWAD,Year,65,0.9864466144079583,1.9582337768262995e-30,0.4166666666666667,0.38235294117647056,0.4864864864864865,Stable
