STATIONID,parameter,n,tau,mk_p,sen_slope,sen_ci_lower,sen_ci_upper,trend
SUNSUN1D,SPCD_epi,40,0.683771789158578,5.690570922846602e-10,0.9119429590017827,0.7716666666666668,1.0739130434782609,Worsening
SUNSUN1D,CHL_comp,39,-0.05006784235703823,0.6631161433093447,-0.0016071428571428545,-0.012142857142857138,0.00911764705882353,Stable
SUNSUN1D,PH_epi,40,0.3578918904292786,0.0012881821646624659,0.008550420168067207,0.004130434782608723,0.0129999999999999,Improving
SUNSUN1D,TP_hypo,40,0.26904404342937066,0.02334022474647213,0.029411764705882353,0,0.07692307692307693,Worsening
SUNSUN1D,TP_epi,37,0.05305041175938376,0.6708493120602994,0,-0.015151515151515152,0.05303030303030303,Stable
