stationid,parameter,n,tau,mk_p,sen_slope,sen_ci_lower,sen_ci_upper,trend
ONWRAYD,SECCHI,28,0.13793151971716655,0.3134659820453171,0.01500000000000001,-0.01549999999999998,0.04916666666666666,Stable
ONWRAYD,TP_epi,28,0.05607721540920443,0.6921950772339217,0.023552631578947544,-0.12222222222222218,0.16666666666666607,Stable
ONWRAYD,SPCD_epi,28,0.14814814814814814,0.2772098350690807,0.8937499999999998,-0.7583333333333329,2.549999999999997,Stable
ONWRAYD,PH_epi,28,0.2293406723522748,0.09266713342520047,0.008000000000000007,-0.002777777777777768,0.0176470588235294,Stable
ONWRAYD,TP_hypo,28,-0.2050644650172938,0.13279811051778992,-0.22859477124183006,-0.5666666666666664,0.09999999999999994,Stable
ONWRAYD,CHL_comp,28,-0.07682125943712392,0.5800644801503809,-0.02105555555555555,-0.09257142857142853,0.048749999999999995,Stable
ONWRAYD,Year,28,0.9973509887241273,1.247956946515972e-13,1,0.9285714285714286,1,Stable
