parameter,non_na_n,tau,p.value,slope,trend,mean_value,percent_change
CHL_comp,40,0.06418490409851074,0.56801438331604,0.022098039215686295,Stable,6.3871075,0.3459788208619676
SPCD_epi,40,-0.12564103305339813,0.25841277837753296,-0.1395999999999999,Stable,61.4195,-0.2272893787803546
PH_epi,40,0.30491873621940613,0.006132721900939941,0.007698412698412718,Improving,6.654125,0.1156938395117723
TP_epi,38,0.05603731796145439,0.6323739290237427,0.02631578947368421,Stable,16.38157894736842,0.1606425702811245
TP_hypo,36,0.4122816324234009,4.973411560058594e-4,0.33670033670033683,Worsening,21.82777777777778,1.542531448359904
SECCHI,39,-0.19158050417900085,0.09008145332336426,-0.012037037037037035,Stable,2.2552564102564103,-0.5337325273656351
