stationid,parameter,n,tau,mk_p,sen_slope,sen_ci_lower,sen_ci_upper,trend
CLOLOUD,SECCHI,83,-0.08787754966592452,0.24557221378546193,-0.0031249999999999702,-0.009687499999999983,0.002040816326530605,Stable
CLOLOUD,TP_epi,63,0.15847886784201398,0.06850551533952981,0.031025641025641048,-2.1276595744682287e-4,0.06374999999999997,Stable
CLOLOUD,SPCD_epi,82,0.6173547369727417,2.376276907006641e-16,0.5406666666666666,0.4535714285714282,0.6490909090909092,Worsening
CLOLOUD,PH_epi,82,0.08628647655637112,0.25524948796932373,0.0015789473684210424,-0.001176470588235295,0.004313725490196074,Stable
CLOLOUD,TP_hypo,62,-0.004779650146838849,0.9612305821151583,0,-0.16666666666666666,0.1599999999999999,Stable
CLOLOUD,CHL_comp,83,-0.11849458091214522,0.11387630520654876,-0.01859649122807017,-0.045375000000000006,0.005297872340425506,Stable
CLOLOUD,Year,83,0.9889189162816756,3.5970807828122794e-39,0.3888888888888889,0.375,0.42857142857142855,Stable
