parameter,non_na_n,tau,p.value,slope,significant,slope_dir,trend,mean_value,percent_change
CHL_comp,72,0.07126078754663467,0.37889862060546875,0.008309523809523814,FALSE,increasing,Worsening (weak),4.334748611111111,0.19169563347282234
PH_epi,66,0.1301203966140747,0.12517905235290527,0.002999999999999936,FALSE,increasing,Improving (weak),7.339242424242424,0.04087615351266454
SECCHI,66,0.038362808525562286,0.6538828611373901,0.003124999999999989,FALSE,increasing,Improving (weak),3.8684469696969694,0.08078177171560871
SPCD_epi,81,0.28112462162971497,0.00020933151245117188,1.467885714285714,TRUE,increasing,Worsening (significant),366.93728395061726,0.4000372212062439
TP_epi,71,0.10688332468271255,0.19455969333648682,0.03225806451612903,FALSE,increasing,Worsening (weak),12.350845070422535,0.2611810311942116
TP_hypo,69,0.10576000809669495,0.20245075225830078,0.07165178571428577,FALSE,increasing,Worsening (weak),25.895652173913042,0.27669426988391077
