STATIONID,parameter,n,tau,mk_p,sen_slope,sen_ci_lower,sen_ci_upper,trend
FORWCHD,SPCD_epi,35,-0.5803198015449669,1.0301739317398613e-6,-0.9571428571428575,-1.3563636363636364,-0.64,Improving
FORWCHD,CHL_comp,34,-0.07308377896613193,0.5531960543178077,-0.04522727272727269,-0.20027777777777775,0.08350909090909088,Stable
FORWCHD,PH_epi,35,-0.16694867296166188,0.16383094948592555,-0.006666666666666623,-0.015238095238095209,0.0023913043478260747,Stable
FORWCHD,SECCHI_NVS,35,0.1646944537144693,0.17211153350442362,0.016666666666666607,-0.004838709677419352,0.039629629629629626,Stable
FORWCHD,TP_hypo,34,0.057194128689554764,0.6457248864989971,0.125,-0.36,0.5807692307692306,Stable
FORWCHD,TP_epi,35,0.09822469810815729,0.4176898399659213,0.03479999999999997,-0.05333333333333338,0.125,Stable
