parameter,non_na_n,tau,p.value,slope,trend,mean_value,percent_change
CHL_comp,43,-0.0853658989071846,0.42634648084640503,-0.031999999999999966,Improving,7.528523255813954,-0.4250501580809722
PH_epi,42,0.16745293140411377,0.12347328662872314,0.005624999999999991,Improving,7.081666666666667,0.07943045422452329
SECCHI,44,0.04382959380745888,0.6853204965591431,0.001614583333333313,Improving,2.438298863636364,0.06621761414945662
SPCD_epi,42,0.04659309238195419,0.6724541187286377,0.15172413793103467,Worsening,218.7547619047619,0.0693580960752251
TP_epi,43,0.22369878183831673,NA,NA,Worsening,19.580232558139535,NA
TP_hypo,43,0.17386489479512734,NA,NA,Worsening,42.60697674418605,NA
