parameter,non_na_n,tau,p.value,slope,trend,mean_value,percent_change
CHL_comp,53,-0.10885341074020319,0.2524137823968087,-0.060799967759334154,Stable,6.983098113207547,-0.8706732566787164
PH_epi,53,0.27213352685050796,0.0040545132506975,0.014999971091747197,Improving,6.699056603773585,0.22391169352558837
SECCHI,50,-0.08408163265306122,0.3925145999831994,-0.009090895950794167,Stable,2.15595,-0.4216654352278192
SPCD_epi,53,0.6095791001451378,1.1578871195183638e-10,2.433000085875397,Worsening,80.13792452830188,3.0360158441789284
TP_epi,53,0.15965166908563136,0.0922206565512429,0.10000005345791446,Stable,14.66132075471698,0.6820671556874676
TP_hypo,29,-0.1354679802955665,0.306424925358175,-0.1684570312499984,Stable,15.613793103448275,-1.0788988308855905
