STATIONID,parameter,n,tau,mk_p,sen_slope,sen_ci_lower,sen_ci_upper,trend
SUNLNWLD,SPCD_epi,26,-0.1076923076923077,0.4536084832864736,-0.3090909090909096,-1.077272727272728,0.4105263157894735,Stable
SUNLNWLD,CHL_comp,27,0.09401709401709403,0.5047075455861032,0.020625000000000004,-0.05055555555555556,0.06107142857142857,Stable
SUNLNWLD,PH_epi,25,0.10277830647412974,0.4947469225242717,0.002499999999999984,-0.0050000000000003375,0.013076923076923071,Stable
SUNLNWLD,SECCHI_NVS,28,-0.4480143366881647,9.499896732277856e-4,-0.07752403846153846,-0.10928571428571424,-0.03333333333333336,Worsening
SUNLNWLD,TP_hypo,26,-0.0465858728538373,0.7572586528111742,-0.046666666666666634,-0.18181818181818182,0.1,Stable
SUNLNWLD,TP_epi,26,0.08129275344796077,0.5912266806575814,0,-0.06399999999999997,0.14285714285714285,Stable
