parameter,non_na_n,tau,p.value,slope,significant,slope_dir,trend,mean_value,percent_change
CHL_comp,119,-0.12838415801525116,0.03872145339846611,-0.02499999999999991,TRUE,decreasing,Improving (significant),9.929573109243698,-0.25177316008406
PH_epi,119,0.07627446204423904,0.22165441513061523,8.695652173913051e-4,FALSE,increasing,Improving (weak),6.886672268907563,0.012626783785214812
SECCHI,116,0.04248017072677612,0.5116312503814697,0,FALSE,NA,Stable,2.8010775862068966,0
SPCD_epi,119,0.08306027948856354,0.18130826950073242,0.11282051282051296,FALSE,increasing,Worsening (weak),107.36663865546218,0.10507967300955763
TP_epi,120,-0.10913288593292236,0.08291677385568619,-0.014084507042253521,FALSE,decreasing,Improving (weak),11.1285,-0.12656249307861364
TP_hypo,119,-0.11085638403892517,0.07781051099300385,-0.02,FALSE,decreasing,Improving (weak),13.96,-0.14326647564469913
