STATIONID,parameter,n,tau,mk_p,sen_slope,sen_ci_lower,sen_ci_upper,trend
TUCSBYD,SPCD_epi,40,0.5375241644604957,1.1133703124666407e-6,0.30435185185185265,0.21159090909090914,0.48333333333333367,Worsening
TUCSBYD,CHL_comp,40,-0.21423994144368202,0.05308817095541058,-0.0389361111111111,-0.07000000000000028,5.172413793103338e-4,Stable
TUCSBYD,PH_epi,40,-0.11590587799798176,0.2995112417151293,-0.004056267806267803,-0.011428571428571439,0.0027083333333333495,Stable
TUCSBYD,SECCHI_NVS,40,-0.03769031860056758,0.7437527149472697,-0.003191798941798947,-0.018500000000000006,0.012500000000000011,Stable
TUCSBYD,TP_hypo,40,0.0778263142567696,0.49113652736479557,0.037857142857142964,-0.06363636363636357,0.1299999999999999,Stable
TUCSBYD,TP_epi,40,0.019757033603468338,0.8697105084353657,0,-0.049864864864864834,0.038461538461538464,Stable
