parameter,non_na_n,MK,SEN,tau,p.value,slope,significant,slope_dir,trend,mean_value,percent_change
CHL_comp,29,,,-0.06913602352142334,0.6124032735824585,1,FALSE,NA,Stable,1.342948275862069,74.46303167246536
PH_epi,29,,,0.18587717413902283,0.16468608379364014,1,FALSE,NA,Stable,6.237183908045977,16.032876611350172
SECCHI,30,,,-0.2221190482378006,0.0969562903046608,1,FALSE,NA,Stable,5.240833333333334,19.080934965813324
SPCD_epi,29,,,-0.5024631023406982,1.4015966735314578e-4,1,TRUE,increasing,Worsening,16.401781609195403,6.096898640812078
TP_epi,28,,,0.3548848628997803,0.009388208389282227,1,TRUE,increasing,Worsening,8.227857142857143,12.153832797985936
TP_hypo,25,,,0.28957703709602356,0.04672420024871826,1,TRUE,increasing,Worsening,10.1728,9.830135262661214
