parameter,non_na_n,tau,p.value,slope,significant,slope_dir,trend,mean_value,percent_change
CHL_comp,178,-0.04221290722489357,0.4062466621398926,-5.442176870748289e-4,FALSE,NA,Stable,1.6986797752808989,-0.032037685677680804
PH_epi,194,-0.007965135388076305,0.870806097984314,0,FALSE,NA,Stable,6.78409793814433,0
SECCHI,184,0.007939688861370087,0.8744121789932251,0,FALSE,NA,Stable,8.598532608695653,0
SPCD_epi,193,-0.001999407075345516,0.9679919481277466,0,FALSE,NA,Stable,88.1559067357513,0
TP_epi,182,-0.03207171708345413,0.5722488164901733,0,FALSE,NA,Stable,5.038461538461538,0
TP_hypo,190,-0.02724350057542324,0.6129896640777588,0,FALSE,NA,Stable,5.394736842105263,0
