STATIONID,PARAMETER,n,tau,mk_p,sen_slope,sen_ci_lower,sen_ci_upper,TREND
CRYMAND,SPCD_epi,31,0.292788113651726,0.021741849333645428,3,0.75,5.55,Worsening
CRYMAND,CHL_comp,31,0.06236559139784947,0.6341458536966633,0.014444444444444482,-0.04444444444444443,0.0895,Stable
CRYMAND,PH_epi,31,-0.06500728664175622,0.621699734999317,-0.002187500000000009,-0.010384615384615369,0.004999999999999893,Stable
CRYMAND,SECCHI_NVS,31,-0.21861976514407935,0.09396031998400359,-0.015476190476190485,-0.04047619047619046,0,Stable
CRYMAND,TP_epi,31,0.30269054017081215,0.019458784710262668,0.10869565217391304,0.012000000000000028,0.19444444444444445,Worsening
CRYMAND,TP_hypo,31,0.23121189406306067,0.07363914137304492,0.16666666666666666,0,0.4113636363636362,Stable
