parameter,non_na_n,MK,SEN,tau,p.value,slope,significant,slope_dir,trend,mean_value,percent_change
CHL_comp,19,,,0.0760233998298645,0.6746119260787964,1,FALSE,NA,Stable,8.8431,11.308251631215297
PH_epi,19,,,0.340177446603775,0.04599940776824951,1,TRUE,increasing,Improving,6.553245614035088,15.259614226243858
SECCHI,19,,,-0.2280701994895935,0.18369899690151215,1,FALSE,NA,Stable,2.6805263157894736,37.306106420577265
SPCD_epi,19,,,0.4385965168476105,0.009627342224121094,1,TRUE,increasing,Worsening,95.34333333333333,1.0488410306611196
TP_epi,19,,,0.3636379539966583,0.032726168632507324,1,TRUE,increasing,Worsening,11.838070175438595,8.447322791469688
TP_hypo,19,,,0.2781260013580322,0.10653769969940186,1,FALSE,NA,Stable,17.394122807017546,5.74906829792277
