parameter,non_na_n,tau,p.value,slope,trend,mean_value,percent_change
CHL_comp,18,0.3202614486217499,0.06904435157775879,0.2690500000000002,Stable,6.608811111111111,4.071080190923568
SPCD_epi,19,0.7309942245483398,1.430511474609375e-5,1.8910000000000005,Worsening,69.36394736842105,2.726200096364334
PH_epi,19,0.19412100315093994,0.262325644493103,0.009999999999999787,Stable,6.455526315789474,0.15490603725897512
TP_epi,19,0.10748615860939026,0.5496366024017334,0.060000000000000143,Stable,20.88421052631579,0.2872983870967749
TP_hypo,0,NA,NA,NA,insufficient data,NA,NA
SECCHI,19,-0.31013455986976624,0.08153077214956284,-0.026785714285714284,Stable,1.9092105263157895,-1.402973318893374
