STATIONID,parameter,n,tau,mk_p,sen_slope,sen_ci_lower,sen_ci_upper,trend
LAUFITD,SPCD_epi,37,0.10113348681393577,0.38768564927696736,0.0734722222222221,-0.0665625000000003,0.19999999999999957,Stable
LAUFITD,CHL_comp,37,-0.16216216216216217,0.16168099298618022,-0.029625000000000016,-0.07076923076923076,0.009047619047619046,Stable
LAUFITD,PH_epi,37,0.2589037529482631,0.026038859701734186,0.00704166666666668,0.0010000000000001564,0.012499999999999992,Improving
LAUFITD,SECCHI_NVS,37,-0.348856024562616,0.0028045918252541497,-0.03209382151029747,-0.05,-0.01071428571428574,Worsening
LAUFITD,TP_hypo,37,-0.021245508160921658,0.8648067630172733,-0.0025000000000000946,-0.0838235294117647,0.09705882352941178,Stable
LAUFITD,TP_epi,37,0.244309263452607,0.03694838547763347,0.036882591093117395,0,0.06666666666666667,Worsening
