parameter,non_na_n,tau,p.value,slope,trend,mean_value,percent_change
CHL_comp,88,-0.047912150621414185,0.5118074417114258,-0.0031789473684210555,Stable,2.330280681818182,-0.13641907574587575
SPCD_epi,87,0.5674158930778503,0,0.2645833333333334,Worsening,50.823793103448274,0.5205895057749675
PH_epi,87,0.16416119039058685,0.025287270545959473,0.0024657534246575424,Improving,6.586781609195402,0.03743487443420403
TP_epi,88,0.10173946619033813,0.1731199026107788,0.002233560090702952,Stable,6.898409090909091,0.03237790135766807
TP_hypo,88,0.08579018712043762,0.24377548694610596,0.011596638655462187,Stable,9.909772727272728,0.11702224636844627
SECCHI,87,0.05835004150867462,0.42824721336364746,0.003333333333333336,Stable,4.6931034482758625,0.07102620622091604
