stationid,parameter,n,tau,mk_p,sen_slope,sen_ci_lower,sen_ci_upper,trend
SEBBEDD,SECCHI,103,0.07273020819674902,0.28341859716429085,0.002702702702702705,-0.0016279069767441824,0.007236842105263155,Stable
SEBBEDD,TP_epi,103,0.02760891935192101,0.6853957729942259,0,-0.02749999999999999,0.045454545454545456,Stable
SEBBEDD,SPCD_epi,103,0.7945458165162785,1.7618383615585658e-32,1.294871794871795,1.2,1.385714285714286,Worsening
SEBBEDD,PH_epi,103,-0.37115787692871627,3.116893663523142e-8,-0.005581395348837215,-0.00749999999999984,-0.003780487804878044,Worsening
SEBBEDD,TP_hypo,102,-0.25073493392801305,2.0428598712322904e-4,-0.2631578947368421,-0.4051948051948052,-0.12280701754385964,Improving
SEBBEDD,CHL_comp,102,0.05960007765482431,0.3762879740932141,0.02670166666666667,-0.041999999999999996,0.10740740740740741,Stable
SEBBEDD,Year,103,0.9910123427811791,6.00587991161626e-49,0.3389830508474576,0.3333333333333333,0.34375,Stable
