stationid,parameter,n,tau,mk_p,sen_slope,sen_ci_lower,sen_ci_upper,trend
COBWINSD,SECCHI,66,-0.36631804443934707,1.499565343978723e-5,-0.02333333333333333,-0.03392857142857143,-0.014102564102564098,Worsening
COBWINSD,TP_epi,71,0.4911737427045867,2.243959783457226e-9,0.13297297297297297,0.09714285714285716,0.1706896551724138,Worsening
COBWINSD,SPCD_epi,81,0.5925241963896035,5.337354722515775e-15,2.9698484848484847,2.476923076923077,3.35,Worsening
COBWINSD,PH_epi,66,0.09454790482991866,0.2658464460186335,0.0026666666666666492,-0.0023809523809523725,0.006249999999999996,Stable
COBWINSD,TP_hypo,69,0.403772010409922,1.0566420838115754e-6,0.29724561403508776,0.1733333333333333,0.4499999999999999,Worsening
COBWINSD,CHL_comp,72,0.1566171192813592,0.05241260073111266,0.01831920903954802,-4.347826086956429e-4,0.03500000000000014,Stable
COBWINSD,Year,90,0.9822392821968773,1.8556555501728715e-41,0.4,0.36,0.4342105263157895,Stable
