parameter,non_na_n,tau,p.value,slope,significant,slope_dir,trend,mean_value,percent_change
CHL_comp,93,-0.014984801411628723,0.8343656063079834,-8.62637362637364e-4,FALSE,decreasing,Improving (weak),2.9193870967741935,-0.02954857763091931
PH_epi,94,-0.087867870926857,0.2131885290145874,-0.0011290322580645208,FALSE,decreasing,Worsening (weak),6.978829787234043,-0.016177959521663534
SECCHI,94,-0.03238312527537346,0.6495301723480225,-0.0011160714285714285,FALSE,decreasing,Worsening (weak),5.121755319148936,-0.021790799423758538
SPCD_epi,94,0.13325706124305725,0.057724952697753906,0.06056603773584894,FALSE,increasing,Worsening (weak),57.3281914893617,0.10564791276746989
TP_epi,92,0.0974312573671341,0.1890878677368164,0,FALSE,NA,Stable,7.77,0
TP_hypo,92,0.01774042472243309,0.8078675270080566,0,FALSE,NA,Stable,16.193478260869565,0
