parameter,non_na_n,MK,SEN,tau,p.value,slope,significant,slope_dir,trend,mean_value,percent_change
CHL_comp,38,,,0.12375533580780029,0.2796154022216797,1,FALSE,NA,Stable,1.6373859649122806,61.07295539531346
PH_epi,38,,,0.3672598898410797,0.0012326240539550781,1,TRUE,increasing,Improving,6.515934210526316,15.346993503779197
SECCHI,38,,,-0.45551612973213196,6.052497701602988e-5,1,TRUE,increasing,Improving,7.184353070175439,13.919137746045942
SPCD_epi,38,,,0.22649596631526947,0.04695844650268555,1,TRUE,increasing,Worsening,22.772065789473682,4.391345121013338
TP_epi,38,,,-0.27201712131500244,0.017411205917596817,1,TRUE,increasing,Worsening,4.526929824561403,22.09002654678629
TP_hypo,38,,,-0.2512507140636444,0.027739353477954865,1,TRUE,increasing,Worsening,6.694649122807016,14.937302637613179
