STATIONID,parameter,n,tau,mk_p,sen_slope,sen_ci_lower,sen_ci_upper,trend
SWASWAD,SPCD_epi,35,0.493266692269272,3.358984297878423e-5,0.3071428571428572,0.2166666666666662,0.41916666666666674,Worsening
SWASWAD,CHL_comp,35,-0.02857142857142857,0.820250411786219,-0.005000000000000071,-0.03347826086956522,0.034999999999999996,Stable
SWASWAD,PH_epi,35,-0.08249169938974174,0.4953614657802713,-0.0033333333333333114,-0.014500000000000002,0.0060000000000000496,Stable
SWASWAD,SECCHI,14,-0.10355778842507526,0.6568864276354475,-0.012499999999999956,-0.0727272727272728,0.019999999999999928,Stable
SWASWAD,TP_hypo,35,0.1708166795189141,0.15865934270841017,0.1,-0.03793103448275867,0.2875000000000001,Stable
SWASWAD,TP_epi,33,0.1443889147082436,0.25024055030942793,0.039087301587301615,-0.018888888888888882,0.10580000000000006,Stable
