parameter,non_na_n,tau,p.value,slope,trend,mean_value,percent_change
CHL_comp,12,-0.6363635659217834,0.0049315025098621845,-0.39383928571428567,Improving,4.595566666666667,-8.569983078930107
SPCD_epi,12,0.45454540848731995,0.0467449426651001,1.865625,Worsening,45.13583333333333,4.133356719531784
PH_epi,12,0.48484843969345093,0.033524155616760254,0.06027777777777772,Improving,5.761666666666667,1.0461864815350486
TP_epi,12,-0.40004733204841614,0.08499126136302948,-0.6007142857142855,Stable,12.479166666666666,-4.813737181015978
TP_hypo,12,-0.5343667268753052,0.019440878182649612,-1,Improving,13.98,-7.153075822603719
SECCHI,12,0.27272725105285645,0.24372220039367676,0.1283482142857143,Stable,2.5741666666666667,4.986010266845489
