parameter,non_na_n,tau,p.value,slope,significant,slope_dir,trend,mean_value,percent_change
CHL_comp,102,-0.04523393139243126,0.5023506879806519,-0.022741935483870955,FALSE,NA,Stable,20.647854411764705,-0.11014188220405646
PH_epi,103,-0.048710886389017105,0.469123899936676,-7.499999999999951e-4,FALSE,NA,Stable,7.089669902912622,-0.010578771794323958
SECCHI,103,0.11632974445819855,0.08590328693389893,0.004109589041095888,FALSE,NA,Stable,2.7039781553398057,0.15198307105330297
SPCD_epi,103,-0.03872575983405113,0.5648393630981445,-0.0588888888888887,FALSE,NA,Stable,205.37825242718446,-0.02867338103861185
TP_epi,103,-0.0932525023818016,0.16910172998905182,-0.023809523809523808,FALSE,NA,Stable,16.679514563106796,-0.14274710285746436
TP_hypo,102,-0.04702499508857727,0.48759353160858154,-0.045454545454545456,FALSE,NA,Stable,49.07058823529412,-0.09263093655325734
