parameter,non_na_n,tau,p.value,slope,significant,slope_dir,trend,mean_value,percent_change
CHL_comp,78,0.024020055308938026,0.7593283653259277,0.0020000000000000165,FALSE,increasing,Worsening (weak),4.134430769230769,0.04837425298990135
PH_epi,77,0.1262715458869934,0.10726332664489746,0.002372294372294367,FALSE,increasing,Improving (weak),6.54948051948052,0.03622110738765169
SECCHI,75,-0.0951545238494873,0.232255220413208,-0.0038461538461538494,FALSE,decreasing,Worsening (weak),3.3826,-0.11370406924123011
SPCD_epi,78,0.012991338968276978,0.8697671890258789,0.013749999999999929,FALSE,increasing,Worsening (weak),83.96743589743589,0.01637539583416029
TP_epi,70,-0.07425124198198318,0.37163013219833374,-0.012903225806451568,FALSE,decreasing,Improving (weak),12.146428571428572,-0.10623061528392941
TP_hypo,69,0.030759962275624275,0.71639084815979,0,FALSE,NA,Stable,12.860724637681159,0
