STATIONID,parameter,n,tau,mk_p,sen_slope,sen_ci_lower,sen_ci_upper,trend
JENNORD,SPCD_epi,31,0.2195910852387945,0.08599998198697952,0.7514285714285711,-0.0433333333333334,1.3652173913043477,Stable
JENNORD,CHL_comp,32,-0.00403225806451613,0.9870617094920746,-7.738095238095153e-4,-0.058636363636363625,0.07146875000000003,Stable
JENNORD,PH_epi,31,0.3401508967424464,0.00761175570732092,0.01500000000000006,0.004444444444444449,0.028235294117647084,Improving
JENNORD,SECCHI_NVS,31,-0.1403900787029245,0.27641869465442026,-0.015625,-0.06133333333333333,0.017105263157894745,Stable
JENNORD,TP_hypo,31,0.06934110575120662,0.597829568451157,0.02166666666666665,-0.061000000000000124,0.15714285714285708,Stable
JENNORD,TP_epi,31,0.1337655332782623,0.2996282221164058,0.0625,-0.04074074074074073,0.1466666666666665,Stable
