parameter,non_na_n,tau,p.value,slope,trend,mean_value,percent_change
CHL_comp,43,-0.07206211984157562,0.5029468536376953,-0.025000000000000022,Stable,7.528523255813954,-0.3320704360007602
SPCD_epi,42,0.22830615937709808,0.03452277183532715,1.0629629629629636,Worsening,218.7547619047619,0.4859153481768502
PH_epi,42,0.22131891548633575,0.04141545295715332,0.006571428571428558,Improving,7.081666666666667,0.09279494334801447
TP_epi,43,0.2258346676826477,0.03520667552947998,0.10400000000000005,Worsening,19.580232558139535,0.5311479303996677
TP_hypo,43,0.1674058586359024,0.11641860008239746,0.2562500000000001,Stable,42.60697674418605,0.6014273238360353
SECCHI,44,0.13576483726501465,0.2018061876296997,0.008978174603174606,Stable,2.438298863636364,0.3682146900476745
