STATIONID,parameter,n,tau,mk_p,sen_slope,sen_ci_lower,sen_ci_upper,trend
GARMOUD,SPCD_epi,13,0.4102564102564102,0.05858757531048893,2.6413068181818184,-0.005714285714286608,4.800000000000001,Stable
GARMOUD,CHL_comp,13,0,1,-0.002500000000000036,-0.24112500000000003,0.39937500000000004,Stable
GARMOUD,PH_epi,13,-0.16774542658006544,0.46327002139963513,-0.018749999999999965,-0.0783333333333333,0.04800000000000004,Stable
GARMOUD,SECCHI_NVS,13,-0.23076923076923073,0.29966544843430204,-0.04482142857142858,-0.11374999999999999,0.04375000000000001,Stable
GARMOUD,TP_hypo,13,0.3846153846153845,0.07685087226788877,0.693888888888889,-0.14999999999999947,1.3399999999999999,Stable
GARMOUD,TP_epi,13,0.27097338139856725,0.2215356440220416,0.24861111111111128,-0.09999999999999964,0.8142857142857142,Stable
