STATIONID,parameter,n,tau,mk_p,sen_slope,sen_ci_lower,sen_ci_upper,trend
OTTSUND,SPCD_epi,40,0.5717948717948718,2.1635080411872433e-7,1.5049754901960792,1.0692307692307697,1.867142857142857,Worsening
OTTSUND,CHL_comp,40,0.17854882211787867,0.10779789509238084,0.013288288288288272,-0.003870967741935473,0.03804347826086955,Stable
OTTSUND,PH_epi,40,0.05304227838726404,0.6407927878868754,0.001183473389355717,-0.00374999999999992,0.0060344827586206835,Stable
OTTSUND,SECCHI_NVS,40,-0.538425454999276,1.2249876610990748e-6,-0.03623737373737375,-0.049999999999999996,-0.024999999999999984,Worsening
OTTSUND,TP_hypo,40,0.14327930144045897,0.21286073233411193,0.026042510121457488,0,0.06904761904761901,Stable
OTTSUND,TP_epi,40,-0.14637809832636028,0.20039237923802697,-0.025,-0.06818181818181818,0.006153846153846159,Stable
