STATIONID,parameter,n,tau,mk_p,sen_slope,sen_ci_lower,sen_ci_upper,trend
WICMERD,SPCD_epi,30,0.4666666666666667,3.134918703512135e-4,0.9181249999999999,0.5368421052631577,1.4333333333333333,Worsening
WICMERD,CHL_comp,30,-0.24597701149425288,0.05860441886618494,-0.065,-0.13555555555555554,6.250000000000422e-4,Stable
WICMERD,PH_epi,27,0.2525172578242318,0.06938286364864335,0.01200000000000001,-2.2727272727268206e-4,0.025555555555555505,Stable
WICMERD,SECCHI_NVS,30,-0.07674937479510932,0.5673588636476499,-0.0090909090909091,-0.042307692307692296,0.029411764705882353,Stable
WICMERD,TP_hypo,30,0.2979246561264412,0.02229231674745083,0.6230769230769232,0.07142857142857142,1,Worsening
WICMERD,TP_epi,30,-0.19004101416873131,0.14792772711629187,-0.07125000000000004,-0.1861538461538461,0.02347826086956522,Stable
