parameter,non_na_n,tau,p.value,slope,trend,mean_value,percent_change
CHL_comp,134,0.18528103828430176,0.0015245676040649414,0.014112903225806451,Worsening,3.838245895522388,0.3676914822541789
SPCD_epi,136,0.4587538540363312,0,0.1538675213675214,Worsening,42.00033088235294,0.36634835520348513
PH_epi,135,0.19873589277267456,6.694793701171875e-4,0.0021794871794871785,Improving,6.487037037037037,0.03359757570434132
TP_epi,137,0.10120901465415955,0.09456062316894531,0,Stable,8.314014598540146,0
TP_hypo,107,0.06540517508983612,0.3447457551956177,0,Stable,8.218878504672897,0
SECCHI,135,-0.42730987071990967,1.09044761067989e-12,-0.006249999999999978,Worsening,-0.8762222222222221,0.7132893735734188
