parameter,non_na_n,tau,p.value,slope,significant,slope_dir,trend,mean_value,percent_change
CHL_comp,85,0.06811494380235672,0.3583327531814575,0.011880471380471377,FALSE,increasing,Worsening (weak),5.9916776470588236,0.19828288636828162
PH_epi,87,0.060989510267972946,0.4072263240814209,0.0010000000000000083,FALSE,increasing,Improving (weak),6.472183908045977,0.015450735241884051
SECCHI,86,0.008834034204483032,0.9078881740570068,0,FALSE,NA,Stable,3.500843023255814,0
SPCD_epi,87,0.01740763708949089,0.8144791126251221,0.00476190476190466,FALSE,increasing,Worsening (weak),41.182988505747126,0.011562795549041157
TP_epi,86,0.08041764050722122,0.28019654750823975,0.012068965517241398,FALSE,increasing,Worsening (weak),11.441046511627906,0.10548830043628715
TP_hypo,86,0.01799180544912815,0.811145544052124,0,FALSE,NA,Stable,13.828720930232558,0
