parameter,non_na_n,tau,p.value,slope,trend,mean_value,percent_change
CHL_comp,18,0.28104575163398693,0.10923899595240671,0.34516672100313,Stable,6.608811111111111,5.222826242118132
PH_epi,19,0.1695906432748538,0.32313962555545084,0.01250003859400723,Stable,6.455526315789474,0.19363314441819524
SECCHI,19,-0.2982456140350877,0.0734935179978844,-0.0416666604578495,Stable,1.9092105263157895,-2.1824026152974243
SPCD_epi,19,0.7309941520467836,1.2400452402250295e-5,2.8779999780561747,Worsening,69.36394736842105,4.14912946457604
TP_epi,19,0.10526315789473684,0.5467460021019368,0.09999997168779373,Stable,20.88421052631579,0.4788305095937704
TP_hypo,0,NA,NA,NA,insufficient data,NA,NA
