STATIONID,PARAMETER,n,tau,mk_p,sen_slope,sen_ci_lower,sen_ci_upper,TREND
SUNSUN090,SPCD_epi,40,0.6392816563827426,6.982274071623858e-9,0.9012820512820514,0.7071428571428575,1.0907407407407408,Worsening
SUNSUN090,CHL_comp,39,-0.27469654049942593,0.014514007413195711,-0.015384615384615385,-0.026428571428571426,-0.0029629629629629654,Improving
SUNSUN090,PH_epi,40,0.3251680576782808,0.0034232908964889077,0.0067543859649122915,0.0024999999999999467,0.010937500000000044,Improving
SUNSUN090,SECCHI,36,0.20324633122637148,0.10215275381195661,0.0038461538461538325,0,0.01470588235294115,Stable
SUNSUN090,TP_epi,40,0.568888762574789,1.3284606991612826e-6,0.14644607843137256,0.09090909090909091,0.1875,Worsening
