stationid,parameter,n,tau,mk_p,sen_slope,sen_ci_lower,sen_ci_upper,trend
PEAMMADD,SECCHI,90,0.15104620027705556,0.036433372336935214,0.007500000000000007,0,0.013235294117647038,Improving
PEAMMADD,TP_epi,88,0.043064673301827894,0.5644763060132671,0,-0.009024390243902442,0.01341463414634146,Stable
PEAMMADD,SPCD_epi,89,0.41461236918040817,9.018771507532462e-9,0.21957070707070706,0.15795918367346942,0.28342105263157896,Worsening
PEAMMADD,PH_epi,88,0.1574897928929007,0.031073508988040618,0.002247448979591838,1.7857142857142478e-4,0.0040000000000000036,Improving
PEAMMADD,TP_hypo,89,0.28211709990685024,1.0714687318634031e-4,0.06542528735632186,0.03166666666666664,0.1,Worsening
PEAMMADD,CHL_comp,89,-0.08546589043597413,0.2379115502908881,-0.005915178571428571,-0.015652173913043476,0.003653846153846153,Stable
PEAMMADD,Year,92,0.988829149286538,2.2001789099808067e-43,0.3333333333333333,0.3275862068965517,0.3333333333333333,Stable
