STATIONID,parameter,n,tau,mk_p,sen_slope,sen_ci_lower,sen_ci_upper,trend
FORDALD,SPCD_epi,34,0.29794837903125804,0.013850092799229283,0.16500000000000004,0.028823529411764824,0.30666666666666664,Worsening
FORDALD,CHL_comp,34,0.08035727097789387,0.5141309749776227,0.018076923076923067,-0.051111111111111156,0.09437499999999999,Stable
FORDALD,PH_epi,33,-0.01520923541825377,0.9135818700649694,-6.066176470588367e-4,-0.013333333333333345,0.009999999999999964,Stable
FORDALD,SECCHI_NVS,34,-0.4054290980829668,8.816659553956331e-4,-0.03928571428571427,-0.06071428571428571,-0.01749999999999998,Worsening
FORDALD,TP_hypo,29,-0.058633418322048325,0.6777116593282837,0,-0.16666666666666666,0.14285714285714285,Stable
FORDALD,TP_epi,33,-0.061306731982893714,0.6304198142013564,-0.01867521367521368,-0.12791666666666668,0.07499999999999996,Stable
