parameter,non_na_n,tau,p.value,slope,trend,mean_value,percent_change
CHL_comp,107,0.05776373669505119,0.38013577461242676,0.00253731343283582,Stable,2.476456074766355,0.10245743741185502
PH_epi,110,-0.005548256449401379,0.9340922236442566,0,Stable,6.889272727272727,0
SECCHI,108,-0.00765494117513299,0.9090813994407654,0,Stable,6.963125,0
SPCD_epi,110,-0.020031722262501717,0.7585434913635254,-0.02,Stable,104.31263636363636,-0.019173132515105377
TP_epi,111,0.05945945945945946,0.3483432049170134,0.010887554436922072,Stable,6.502072072072072,0.16744745853689746
TP_hypo,110,0.02535446205170976,0.6960024601233448,0.00207160949706904,Stable,11.26990909090909,0.01838177646650327
