parameter,non_na_n,tau,p.value,slope,trend,mean_value,percent_change
CHL_comp,114,0.10086420178413391,0.11305046081542969,0.004782608695652175,Worsening,3.070097368421053,0.15578035878750857
PH_epi,116,0.015560539439320564,0.8076251745223999,9.689196779629484e-5,Improving,6.75451724137931,0.001434476578173764
SECCHI,109,-0.10078437626361847,0.1268320381641388,-0.003846153846153838,Worsening,5.899862385321101,-0.06519056877874128
SPCD_epi,116,-0.06572631746530533,0.2970629334449768,-0.024868421052631283,Improving,70.31431034482759,-0.03536751044086808
TP_epi,116,0.09295352323838081,NA,NA,Worsening,7.435431034482758,NA
TP_hypo,113,-0.14807206068268014,NA,NA,Improving,14.58424778761062,NA
