parameter,non_na_n,tau,p.value,slope,trend,mean_value,percent_change
CHL_comp,32,0,1,-6.590909090909577e-4,Stable,6.93151875,-0.00950860746197877
SPCD_epi,33,0.4545454680919647,2.129077911376953e-4,1.185625,Worsening,75.16818181818182,1.577296365725343
PH_epi,33,-0.034220777451992035,0.7921409010887146,-0.0018198529411764855,Stable,6.701818181818182,-0.02715461523730513
TP_epi,32,0.034518640488386154,0.7950757741928101,0.013574660633484184,Stable,18.621875,0.07289631486348279
TP_hypo,32,0.20871596038341522,0.09786117076873779,0.13956521739130426,Stable,20.771875,0.671895134123926
SECCHI,33,-0.12595786154270172,0.31332629919052124,-0.006249999999999978,Stable,2.0984090909090907,-0.29784468753384497
