STATIONID,PARAMETER,n,tau,mk_p,sen_slope,sen_ci_lower,sen_ci_upper,TREND
WINWEBD,SPCD_epi,31,-0.31612903225806455,0.013083919895177765,-0.37083333333333357,-0.6499999999999986,-0.07611111111111137,Improving
WINWEBD,CHL_comp,31,0.05376344086021506,0.6833368087995224,0.0050000000000000044,-0.027647058823529396,0.035038461538461525,Stable
WINWEBD,PH_epi,30,0.337577894027764,0.00962521493103404,0.009318181818181781,0.0031250000000000444,0.015500000000000024,Improving
WINWEBD,SECCHI_NVS,31,-0.2222815478303602,0.08761156147892599,-0.017692307692307726,-0.04499999999999993,0,Stable
WINWEBD,TP_epi,31,0.12201478234825032,0.3488201979071092,0.029411764705882405,-0.03611111111111113,0.09285714285714286,Stable
WINWEBD,TP_hypo,31,0.13261653003587806,0.30689703002862834,0.028999999999999915,-0.023214285714285663,0.10468750000000004,Stable
