stationid,parameter,n,tau,mk_p,sen_slope,sen_ci_lower,sen_ci_upper,trend
HARHARD,SECCHI,68,0.008011443370714934,0.9281837460667702,0,-0.006435185185185179,0.00843750000000001,Stable
HARHARD,TP_epi,67,0.007898825807242382,0.9307186580303665,0,-0.033555555555555554,0.027894736842105278,Stable
HARHARD,SPCD_epi,70,-0.041891389050589714,0.6121422209654661,-0.014999999999999942,-0.061851851851851915,0.03333333333333341,Stable
HARHARD,PH_epi,70,0.18443234312911588,0.0249862727425146,0.0039583333333333415,6.249999999999867e-4,0.006896551724137937,Improving
HARHARD,TP_hypo,65,0.10409269531842935,0.22737839075384825,0.03773470839260313,-0.02500000000000004,0.11428571428571428,Stable
HARHARD,CHL_comp,67,-0.15708471807265692,0.06113541582039857,-0.02689655172413791,-0.0602,0.0012820512820512775,Stable
HARHARD,Year,74,0.987706740739169,8.555345502266573e-35,0.5,0.47058823529411764,0.5285714285714286,Stable
