STATIONID,parameter,n,tau,mk_p,sen_slope,sen_ci_lower,sen_ci_upper,trend
LOOGLMD,SPCD_epi,32,0.3991935483870968,0.0014000474750610194,0.9869642857142862,0.4903571428571425,1.5489999999999995,Worsening
LOOGLMD,CHL_comp,32,0.0465118418925368,0.7211645880646689,0.006522727272727259,-0.02499999999999991,0.039999999999999994,Stable
LOOGLMD,PH_epi,32,0.19230926838709397,0.12722194975515613,0.007290209790209818,-0.002857142857142923,0.016470588235294133,Stable
LOOGLMD,SECCHI,17,-0.04411764705882353,0.8368197050512747,-0.015833333333333442,-0.11538461538461539,0.07300000000000004,Stable
LOOGLMD,TP_hypo,32,0.4679748536708767,2.003112088879713e-4,0.2522233201581028,0.1416666666666666,0.36999999999999955,Worsening
LOOGLMD,TP_epi,32,0.29285883829881104,0.021560035247383976,0.05508823529411765,0,0.11407407407407408,Worsening
