parameter,non_na_n,tau,p.value,slope,trend,mean_value,percent_change
CHL_comp,49,0.066382996737957,0.5068333148956299,0.0067465156794425125,Worsening,3.500477551020408,0.19273129397661376
PH_epi,49,0.006849475204944611,0.9518499374389648,0,Improving,6.821632653061225,0
SECCHI,48,-0.019840601831674576,0.8515840172767639,0,Worsening,2.6078645833333334,0
SPCD_epi,49,0.04508719593286514,0.653974175453186,0.08176885130373521,Worsening,70.32510204081633,0.11627263797822429
TP_epi,49,0.05697278911564626,NA,NA,Worsening,11.60204081632653,NA
TP_hypo,9,NA,NA,NA,insufficient data,11.666666666666666,NA
