parameter,non_na_n,tau,p.value,slope,significant,slope_dir,trend,mean_value,percent_change
CHL_comp,68,0.03521139174699783,0.6757593154907227,0.0017083333333333347,FALSE,NA,Stable,2.1243970588235292,0.0804149735680482
PH_epi,70,-0.1718706339597702,0.03667035326361656,-0.0028571428571428597,TRUE,decreasing,Worsening,6.936571428571429,-0.041189554329022195
SECCHI,70,0.09609746187925339,0.24523448944091797,0.008333333333333378,FALSE,NA,Stable,7.3878571428571425,0.11279770537239418
SPCD_epi,70,0.011601409874856472,0.89112091064453125,0.017647058823529523,FALSE,NA,Stable,93.42628571428571,0.01888875137078379
TP_epi,69,0.02769951894879341,0.746586799621582,0,FALSE,NA,Stable,6.3307246376811595,0
TP_hypo,69,0.009454548358917236,0.9133201837539673,0,FALSE,NA,Stable,9.60449275362319,0
