parameter,non_na_n,tau,p.value,slope,trend,mean_value,percent_change
CHL_comp,29,0.14056731760501862,0.29342567920684814,0.030000000000000006,Stable,2.978913793103448,1.0070784884562183
SPCD_epi,29,0.3477191627025604,0.008624553680419922,1.0060353535353534,Worsening,68.40517241379311,1.4707007058613861
PH_epi,29,-0.35440582036972046,0.007669022772461176,-0.01800395256916997,Worsening,6.4703448275862065,-0.27825337055314925
TP_epi,29,-0.28665605187416077,0.03577696532011032,-0.10217391304347836,Improving,8.593103448275862,-1.1890222625444913
TP_hypo,29,-0.012953108176589012,0.93937087059021,0,Stable,8.789655172413793,0
SECCHI,29,-0.05243940278887749,0.7069332599639893,-0.0068223443223443085,Stable,5.171120689655172,-0.13193163980860878
