STATIONID,parameter,n,tau,mk_p,sen_slope,sen_ci_lower,sen_ci_upper,trend
ISLSTDVLAPD,SPCD_epi,38,-0.15110512092447323,0.18671382772825162,-0.0887500000000001,-0.20333333333333314,0.03888888888888905,Stable
ISLSTDVLAPD,CHL_comp,38,-0.27065554526310925,0.017479389309105232,-0.05785714285714289,-0.10812500000000003,-0.011888888888888912,Improving
ISLSTDVLAPD,PH_epi,38,0.08857224199371262,0.4429328452185466,0.0021428571428571477,-0.004117647058823494,0.00833333333333334,Stable
ISLSTDVLAPD,SECCHI,20,-0.048004267235639844,0.7946786363525022,-0.005694444444444427,-0.04749999999999999,0.03125,Stable
ISLSTDVLAPD,TP_hypo,38,0.04917527510208332,0.6775527560569974,0.01250000000000003,-0.07142857142857142,0.12666666666666668,Stable
ISLSTDVLAPD,TP_epi,38,-0.27684618109537207,0.017045503281395574,-0.07692307692307693,-0.13652173913043472,-0.001428571428571449,Improving
