parameter,non_na_n,tau,p.value,slope,trend,mean_value,percent_change
CHL_comp,52,0.008311310783028603,0.9370925426483154,0.001010101010101017,Worsening,3.2816403846153848,0.0307803687093948
PH_epi,54,0.08368662744760513,0.37841641902923584,0.0015624999999999944,Improving,6.7212962962962965,0.02324700371952051
SECCHI,53,-0.1535184532403946,0.11014796048402786,-0.010410216718266254,Worsening,3.7335849056603774,-0.2788263018334907
SPCD_epi,53,0.05016365647315979,0.601882815361023,0.023904761904761953,Worsening,45.43150943396226,0.05261714216101299
TP_epi,54,-0.15443745632424877,NA,NA,Improving,11.233703703703704,NA
TP_hypo,53,-0.1262699564586357,NA,NA,Improving,19.60188679245283,NA
