parameter,non_na_n,tau,p.value,slope,trend,mean_value,percent_change
CHL_comp,83,0.08947767317295074,0.23337125778198242,0.007058823529411771,Stable,3.1246385542168675,0.22590848211501163
SPCD_epi,83,-0.12584787607192993,0.09381420165300369,-0.016923076923076905,Stable,24.906746987951806,-0.06794575353924438
PH_epi,83,0.04232127591967583,0.5763359069824219,6.521739130434836e-4,Stable,6.488253012048193,0.01005161037697584
TP_epi,83,0.24241511523723602,0.002191305160522461,0.010588235294117631,Worsening,6.663253012048193,0.15890489637677668
TP_hypo,82,0.22781164944171906,0.002904057502746582,0.06451612903225806,Worsening,12.538048780487804,0.514562753437844
SECCHI,86,-0.1551528424024582,0.03653382882475853,-0.0078125,Worsening,5.325668604651163,-0.14669519603936615
