stationid,parameter,n,tau,mk_p,sen_slope,sen_ci_lower,sen_ci_upper,trend
GREANTD,SECCHI,54,-0.1762661746402796,0.06201701989272543,-0.012499999999999956,-0.025000000000000022,0,Stable
GREANTD,TP_epi,55,0.2749582078312292,0.003330263672052931,0.05935483870967744,0.021666666666666685,0.0975609756097561,Worsening
GREANTD,SPCD_epi,54,-0.47635869977158507,4.049843067827199e-7,-0.13027777777777771,-0.17499999999999982,-0.08764705882352931,Improving
GREANTD,PH_epi,53,0.154974900850133,0.10527065170261943,0.004309523809523815,-7.40740740740725e-4,0.010000000000000009,Stable
GREANTD,TP_hypo,54,0.3176737620381211,7.427544046330831e-4,0.2064516129032258,0.10277777777777776,0.32,Worsening
GREANTD,CHL_comp,55,0.08763064809841378,0.3489876578877618,0.012777777777777777,-0.014999999999999977,0.04193548387096774,Stable
GREANTD,Year,57,0.9768626575056869,7.83370447029826e-26,0.375,0.3333333333333333,0.4482758620689655,Stable
