STATIONID,parameter,n,tau,mk_p,sen_slope,sen_ci_lower,sen_ci_upper,trend
GRTKINSD,SPCD_epi,35,0.6470588235294118,4.9429668968398687e-8,3.2321428571428563,2.5142857142857133,3.9679999999999995,Worsening
GRTKINSD,CHL_comp,35,-0.1345669105031807,0.2618512648906668,-0.018181818181818157,-0.04444444444444448,0.015250000000000008,Stable
GRTKINSD,PH_epi,35,0.06419001340198936,0.5990225966054373,0.001428571428571525,-0.006363636363636308,0.007727272727272724,Stable
GRTKINSD,SECCHI_NVS,35,0.1513712710200263,0.2105696360149651,0.011249999999999982,-0.00714285714285715,0.03333333333333333,Stable
GRTKINSD,TP_hypo,35,0.11196416075435459,0.35535966762451127,0.04583333333333339,-0.08571428571428574,0.1888888888888888,Stable
GRTKINSD,TP_epi,35,0.30496869843645075,0.011288053216818366,0.10869565217391304,0.025,0.1883333333333334,Worsening
