STATIONID,parameter,n,tau,mk_p,sen_slope,sen_ci_lower,sen_ci_upper,trend
TODNBYD,SPCD_epi,38,0.18091186446534147,0.11312309438722026,0.22631578947368405,-0.04219999999999999,0.4782608695652174,Stable
TODNBYD,CHL_comp,38,0.014234879050387117,0.9099068105727127,0.0027272727272727097,-0.034615384615384596,0.03181818181818183,Stable
TODNBYD,PH_epi,38,-0.031451430162186676,0.7916488486936513,-7.142857142857308e-4,-0.007500000000000062,0.005500000000000016,Stable
TODNBYD,SECCHI,19,0.3224584637550084,0.0623547448426115,0.030357142857142843,0,0.05555555555555555,Stable
TODNBYD,TP_hypo,37,0.14059793917088562,0.23677565613689275,0.047619047619047616,-0.034482758620689655,0.16666666666666666,Stable
TODNBYD,TP_epi,37,0.04072494648694341,0.741503947518731,0,-0.05,0.09999999999999964,Stable
