STATIONID,parameter,n,tau,mk_p,sen_slope,sen_ci_lower,sen_ci_upper,trend
CLOLOUD,SPCD_epi,31,0.6860215053763442,6.485881680238426e-8,1.344166666666667,1.075833333333333,1.859375,Worsening
CLOLOUD,CHL_comp,31,-0.06666666666666668,0.6101267703127584,-0.03166666666666673,-0.12466666666666665,0.08444444444444443,Stable
CLOLOUD,PH_epi,30,0.09733808042788678,0.46393883922712004,0.0024999999999999467,-0.007500000000000062,0.01441176470588236,Stable
CLOLOUD,SECCHI_NVS,31,-0.17609735955583805,0.1731322881210529,-0.017391304347826063,-0.0375,0.006000000000000005,Stable
CLOLOUD,TP_hypo,31,0.049784599394028045,0.7081947061122402,0.040000000000000216,-0.311111111111111,0.5,Stable
CLOLOUD,TP_epi,31,0.030270712504508742,0.8249877152846877,0.009545454545454584,-0.08818181818181815,0.09523809523809523,Stable
