parameter,non_na_n,MK,SEN,tau,p.value,slope,significant,slope_dir,trend,mean_value,percent_change
CHL_comp,34,,,0.017841219902038574,0.8938496112823486,1,FALSE,NA,Stable,2.4785372549019606,40.34637760728577
PH_epi,34,,,0.0017889202572405338,1,1,FALSE,NA,Stable,6.88639705882353,14.521381666755644
SECCHI,34,,,0.3753364682197571,0.001939535140991211,1,TRUE,increasing,Improving,6.923031862745098,14.444538459822764
SPCD_epi,34,,,0.6969696879386902,0,1,TRUE,increasing,Worsening,101.38401960784314,0.9863487400361853
TP_epi,34,,,-0.03600537031888962,0.7777803540229797,1,FALSE,NA,Stable,5.690980392156862,17.571664829106947
TP_hypo,34,,,0.023255962878465652,0.8587453365325928,1,FALSE,NA,Stable,11.043700980392156,9.054935494681336
