stationid,parameter,n,tau,mk_p,sen_slope,sen_ci_lower,sen_ci_upper,trend
PEMMERVLAPD,SECCHI,25,0.05676134788000511,0.7085669234311798,0.007738095238095226,-0.04204545454545454,0.041999999999999996,Stable
PEMMERVLAPD,TP_epi,24,0.06193170790662968,0.6911925357288287,0.012019230769230798,-0.11333333333333329,0.1400000000000001,Stable
PEMMERVLAPD,SPCD_epi,25,0.537563353451813,1.8562683693390864e-4,0.7801041666666667,0.40000000000000013,1.1833333333333331,Worsening
PEMMERVLAPD,PH_epi,25,0.14715801365994324,0.3149874486903018,0.00732142857142851,-0.006249999999999978,0.02124999999999999,Stable
PEMMERVLAPD,TP_hypo,24,0.5018214996572469,6.731296299349348e-4,0.7633333333333333,0.4,1.1437499999999998,Worsening
PEMMERVLAPD,CHL_comp,25,0.05333333333333332,0.7260951618325295,0.019878787878787857,-0.09374999999999994,0.12873333333333334,Stable
PEMMERVLAPD,Year,25,0.9814954576223637,1.4513931284094851e-11,1.080128205128205,1,1.375,Stable
