parameter,non_na_n,MK,SEN,tau,p.value,slope,significant,slope_dir,trend,mean_value,percent_change
CHL_comp,13,,,0.07692308723926544,0.7603323459625244,1,FALSE,NA,Stable,3.8178846153846155,26.192514985140786
PH_epi,13,,,0.012903494760394096,1,1,FALSE,NA,Stable,6.394935897435897,15.637373322240153
SECCHI,13,,,-0.46153849363327026,0.03273560851812363,1,TRUE,increasing,Improving,3.8150320512820515,26.212099572373116
SPCD_epi,13,,,0.15384617447853088,0.5021581649780273,1,FALSE,NA,Stable,32.70974358974359,3.0571930264643172
TP_epi,13,,,0.5128205418586731,0.01734340190887451,1,TRUE,increasing,Worsening,8.024294871794872,12.462154195192483
TP_hypo,13,,,0.05128205567598343,0.8547770977020264,1,FALSE,NA,Stable,12.960384615384616,7.715820399442087
