stationid,parameter,n,tau,mk_p,sen_slope,sen_ci_lower,sen_ci_upper,trend
FORWCHD,SECCHI,65,0.21445601547211143,0.012638542983718462,0.013343495934959357,0.0032499999999999972,0.02473684210526316,Improving
FORWCHD,TP_epi,66,0.15251742060761886,0.07516794668515182,0.03333333333333341,0,0.07368421052631581,Stable
FORWCHD,SPCD_epi,66,-0.5738279921480671,1.0337278868266185e-11,-0.6125000000000002,-0.7699999999999996,-0.4846153846153844,Improving
FORWCHD,PH_epi,65,-0.18498142069694595,0.030513948169353565,-0.004285714285714279,-0.008000000000000007,-4.651162790697782e-4,Worsening
FORWCHD,TP_hypo,66,0.12268910912760475,0.14849556325984145,0.11794871794871799,-0.047619047619047616,0.2749999999999999,Stable
FORWCHD,CHL_comp,66,-0.07509329175020013,0.37589576785079,-0.018918918918918923,-0.07833333333333337,0.028684210526315784,Stable
FORWCHD,Year,68,0.9905169321120674,2.610290238753649e-32,0.5,0.4888888888888889,0.5172413793103449,Stable
