parameter,non_na_n,tau,p.value,slope,significant,slope_dir,trend,mean_value,percent_change
CHL_comp,99,-0.002481144154444337,0.9734677076339722,0,FALSE,NA,Stable,2.960138383838384,0
PH_epi,98,0.04635002464056015,0.503280758857727,5.263157894736885e-4,FALSE,NA,Stable,6.915204081632653,0.007610994314276658
SECCHI,99,0.007936354726552963,0.9108250141143799,0,FALSE,NA,Stable,3.778939393939394,0
SPCD_epi,98,-0.06467247754335403,0.34759628772735596,-0.03076923076923066,FALSE,NA,Stable,70.46285714285715,-0.043667305041078304
TP_epi,96,0.027371730655431747,0.7068495750427246,0,FALSE,NA,Stable,8.457291666666666,0
TP_hypo,97,0.007767273113131523,0.9152700901031494,0,FALSE,NA,Stable,11.295773195876288,0
