parameter,non_na_n,MK,SEN,tau,p.value,slope,significant,slope_dir,trend,mean_value,percent_change
CHL_comp,39,,,-0.15665093064308167,0.16415199637413025,1,FALSE,NA,Stable,3.6771643162393164,27.194868491020085
PH_epi,39,,,-0.19176235795021057,0.0880483090877533,1,FALSE,NA,Stable,6.95574358974359,14.376608152642714
SECCHI,39,,,0.35859403014183044,0.0013998746871948242,1,TRUE,increasing,Improving,5.696030982905983,17.556084280458446
SPCD_epi,38,,,0.3684210479259491,0.0011805295944213867,1,TRUE,increasing,Worsening,64.51001754385965,1.550146842418871
TP_epi,39,,,-0.1727948635816574,0.12706723809242249,1,FALSE,NA,Stable,6.654145299145299,15.02822609131253
TP_hypo,39,,,0.03520670160651207,0.7622461318969727,1,FALSE,NA,Stable,13.125641025641025,7.6186755225630005
