STATIONID,PARAMETER,n,tau,mk_p,sen_slope,sen_ci_lower,sen_ci_upper,TREND
SUNSUN220D,SPCD_epi,33,0.5113636363636364,3.0728795999869264e-5,0.8112500000000011,0.4892857142857139,1,Worsening
SUNSUN220D,CHL_comp,33,-0.2302595038933374,0.0628013118373772,-0.01557407407407407,-0.03,5.434782608695729e-4,Stable
SUNSUN220D,PH_epi,33,0.27160604056213716,0.027723591944064825,0.007034482758620683,0.0011538461538461975,0.013333333333333345,Improving
SUNSUN220D,SECCHI,33,0.08214248088816353,0.5146085209432981,0.010697940503432521,-0.017857142857142856,0.034375000000000044,Stable
SUNSUN220D,TP_epi,33,0.0789374298085098,0.5776287796656577,0,0,0,Stable
SUNSUN220D,TP_hypo,33,0.030738737545480645,0.8245318407955989,0,-0.045454545454545456,0.058823529411764705,Stable
