stationid,parameter,n,tau,mk_p,sen_slope,sen_ci_lower,sen_ci_upper,trend
KOLSPRD,SECCHI,103,0.3120909055356555,3.7570738677449563e-6,0.013888888888888888,0.008819444444444442,0.018467741935483863,Improving
KOLSPRD,TP_epi,102,-0.05779090573084392,0.4183763487549424,0,-0.014705882352941176,0,Stable
KOLSPRD,SPCD_epi,101,0.1686986828847143,0.012624168446312322,0.15269010043041611,0.036428571428571796,0.24799999999999991,Worsening
KOLSPRD,PH_epi,102,0.2520320415821139,1.9270443155461887e-4,0.0033333333333333296,0.0016304347826086995,0.005000000000000008,Improving
KOLSPRD,TP_hypo,101,-0.027500186206801513,0.7043804930206632,0,-0.0017857142857142952,0,Stable
KOLSPRD,CHL_comp,101,-0.08875731736673104,0.19147274971669984,-0.0035034453057708856,-0.00942857142857143,0.002068965517241381,Stable
KOLSPRD,Year,105,0.9902454648146995,9.418458439168387e-50,0.3333333333333333,0.32432432432432434,0.35,Stable
