parameter,non_na_n,tau,p.value,slope,trend,mean_value,percent_change
CHL_comp,38,0.12678076326847076,0.26850903034210205,0.05444444444444444,Stable,6.416718421052631,0.8484780049848767
SPCD_epi,37,0.2255641520023346,0.0512850284576416,0.531904761904762,Stable,93.10891891891892,0.5712715474314068
PH_epi,36,-0.25698724389076233,0.0292012020945549,-0.012500000000000011,Worsening,6.998888888888889,-0.17859977774249897
TP_epi,37,0.2538653612136841,0.030373334884643555,0.08198924731182795,Worsening,11.672162162162163,0.702434100664004
TP_hypo,36,0.17949548363685608,0.13007843494415283,0.11240601503759404,Stable,14.723055555555556,0.763469339726692
SECCHI,38,-0.2616974711418152,0.022642042487859726,-0.020258620689655168,Worsening,2.483092105263158,-0.8158626354099
