parameter,non_na_n,tau,p.value,slope,significant,slope_dir,trend,mean_value,percent_change
CHL_comp,136,-0.06119904667139053,0.29450738430023193,-0.0015608198924731132,FALSE,decreasing,Improving (weak),1.8509191176470587,-0.08432674759215152
PH_epi,140,-0.04673367738723755,0.4163849353790283,-0.00036700336700336723,FALSE,decreasing,Worsening (weak),6.765535714285714,-0.005424601724123991
SECCHI,138,0.04980134963989258,0.3898359537124634,0.00211864406779661,FALSE,increasing,Improving (weak),8.285833333333333,0.02556947482003351
SPCD_epi,140,0.012041385285556316,0.8344576358795166,0.003390804597701075,FALSE,increasing,Worsening (weak),88.43464285714286,0.0038342492129227836
TP_epi,138,-0.05628665164113045,0.38348740339279175,0,FALSE,NA,Stable,5.1231884057971016,0
TP_hypo,137,0.13670478761196136,0.02792060375213623,0,TRUE,NA,Stable,6.478102189781022,0
