stationid,parameter,n,tau,mk_p,sen_slope,sen_ci_lower,sen_ci_upper,trend
MARLAND,SECCHI,26,0.018490006540840973,0.9122233744854279,0.001875000000000071,-0.03593750000000001,0.04477272727272725,Stable
MARLAND,TP_epi,25,0.06102571532587292,0.6902718682457796,0.006904761904761881,-0.08999999999999986,0.2,Stable
MARLAND,SPCD_epi,25,0.4908187140212206,6.478310626988867e-4,1.285833333333334,0.5562499999999995,1.9349999999999994,Worsening
MARLAND,PH_epi,25,-0.053512004967252086,0.7259516590776145,-0.0033157894736842077,-0.02454545454545459,0.013809523809523811,Stable
MARLAND,TP_hypo,26,0.31889156216620157,0.024398769695376916,0.44799999999999995,0.045454545454545456,0.82,Worsening
MARLAND,CHL_comp,23,-0.11462450592885376,0.45960782304895875,-0.07399999999999998,-0.31000000000000016,0.17333333333333337,Stable
MARLAND,Year,27,0.9885383033590439,9.124382567252028e-13,0.75,0.6666666666666666,0.8125,Stable
