parameter,non_na_n,tau,p.value,slope,trend,mean_value,percent_change
CHL_comp,70,-0.12710340321063995,0.12196365743875504,-0.0031818181818181845,Stable,1.2725157142857142,-0.25004156303124286
SPCD_epi,71,-0.640209972858429,3.20056608372663e-15,-0.08562499999999984,Improving,16.95894366197183,-0.5048958337658878
PH_epi,83,0.36436742544174194,1.3113021850585938e-06,0.007499999999999951,Improving,6.188734939759036,0.12118793377006336
TP_epi,70,-0.3677848279476166,1.1004675616277382e-4,0,Improving,5.650428571428572,0
TP_hypo,70,-0.1466762125492096,0.08804233372211456,-7.843137254901968e-4,Stable,6.597285714285714,-0.011888430476670877
SECCHI,69,-0.13064466416835785,0.11630130559206009,-0.015384615384615353,Stable,10.808985507246376,-0.14233172367842903
