STATIONID,PARAMETER,n,tau,mk_p,sen_slope,sen_ci_lower,sen_ci_upper,TREND
PRANWID,SPCD_epi,24,0.10181885500291965,0.5027740858334138,0.0432499999999998,-0.0674999999999999,0.2150000000000001,Stable
PRANWID,CHL_comp,23,0.5889328063241107,9.277585144281311e-5,0.1763636363636364,0.1076923076923077,0.26285714285714284,Worsening
PRANWID,PH_epi,22,0.7489177489177489,1.2343413819168838e-6,0.041666666666666664,0.028181818181818145,0.05999999999999994,Improving
PRANWID,SECCHI_NVS,23,-0.45555279756831396,0.004107191146150509,-0.019444444444444448,-0.03333333333333336,0,Worsening
PRANWID,TP_epi,24,0.450912072155787,0.0022670155890562953,0.22687254901960785,0.13333333333333344,0.34736842105263155,Worsening
PRANWID,TP_hypo,7,0.047619047619047616,1,0.09999999999999994,-1.5,1.7,Stable
