parameter,non_na_n,tau,p.value,slope,trend,mean_value,percent_change
CHL_comp,15,-0.14285714285714285,0.48735410390126477,-0.050000068917870434,Stable,2.7931266666666668,-1.7901110434615841
PH_epi,15,-0.3333333333333333,0.09087765020941685,-0.024999947547912803,Stable,6.559666666666667,-0.38111612705797254
SECCHI,15,0.2571428571428571,0.18679220317502465,0.02222217321395887,Stable,3.0016666666666665,0.7403278139020167
SPCD_epi,15,-0.2,0.3211116191778596,-0.19166663773357895,Stable,29.717333333333332,-0.6449658035722551
TP_epi,14,-0.08791208791208792,0.6971304096672779,-0.09999997913837433,Stable,11.1,-0.9009007129583272
TP_hypo,6,NA,NA,NA,insufficient data,12.15,NA
