parameter,non_na_n,tau,p.value,slope,trend,mean_value,percent_change
CHL_comp,178,0.1559702913730718,0.0019936085861618213,0.04729756355285713,Worsening,5.5444876404494385,0.8530556224492398
PH_epi,178,0.10772551260077445,0.03274954209997505,0.0034782743453978353,Improving,6.602483146067415,0.05268130593365577
SECCHI,180,0.04761018001241465,0.34233577024874107,0.004000074416398995,Stable,3.452872222222222,0.11584773947483644
SPCD_epi,179,0.13571025045508756,0.006991969309817714,0.10936279296874998,Worsening,45.28256983240223,0.24151189601985604
TP_epi,179,0.2288619672336953,5.2490480653144544e-6,0.12499996535479956,Worsening,14.395810055865923,0.8683079650933938
TP_hypo,176,0.1535064935064935,0.0024861413111920694,0.4970839053392524,Worsening,53.106818181818184,0.9360076961067789
