STATIONID,parameter,n,tau,mk_p,sen_slope,sen_ci_lower,sen_ci_upper,trend
SUNSUN030,CHL_comp,40,0.00643505439999192,0.9628119149632932,2.220446049250313e-16,-0.014583333333333337,0.014999999999999994,Stable
