parameter,non_na_n,tau,p.value,slope,significant,slope_dir,trend,mean_value,percent_change
CHL_comp,199,-0.021861141547560692,0.6492882370948792,-1.9230769230769247e-4,FALSE,decreasing,Improving (weak),1.8432663316582913,-0.010432984588541971
PH_epi,164,0.016503196209669113,0.7564764022827148,8.849557522123706e-5,FALSE,increasing,Improving (weak),6.74,0.0013129907302854163
SECCHI,207,-0.06306836009025574,0.18192538619041443,-0.0018556701030927897,FALSE,decreasing,Worsening (weak),7.993212560386473,-0.02321557307620339
SPCD_epi,165,-0.07515908032655716,0.15263086557388306,-0.029261849261849222,FALSE,decreasing,Improving (weak),85.19190909090909,-0.03434815532848739
TP_epi,154,-0.07280648499727249,0.23374581336975098,0,FALSE,NA,Stable,5.02435064935065,0
TP_hypo,156,-0.08741769939661026,0.13090139627456665,0,FALSE,NA,Stable,6.4423076923076925,0
