parameter,non_na_n,tau,p.value,slope,trend,mean_value,percent_change
CHL_comp,98,-0.1048305481672287,0.12786425650119781,-0.0037209302325581428,Stable,1.7560102040816326,-0.21189684569652795
PH_epi,100,0.06500199437141418,0.34194397926330566,9.175084175084345e-4,Stable,6.4028,0.014329799736184708
SECCHI,100,-0.021601852029561996,0.7563682794570923,0,Stable,8.5917,0
SPCD_epi,100,0.015431671403348446,0.823206901550293,0.0012579113924050748,Stable,24.238,0.005189831637944858
TP_epi,100,-0.21212121212121213,2.774078799603341e-4,-0.05631573190446817,Improving,5.8385,-0.9645582239353973
TP_hypo,100,-0.14404040404040405,0.03369225627033123,-0.05094408988952637,Improving,8.5113,-0.5985465192100662
