STATIONID,PARAMETER,n,tau,mk_p,sen_slope,sen_ci_lower,sen_ci_upper,TREND
DEEDRGD,SPCD_epi,39,0.267386961696454,0.01716015028214584,0.3181249999999993,0.06473684210526337,0.5799999999999995,Worsening
DEEDRGD,CHL_comp,39,-0.03112325335707782,0.7900681544166644,-0.0023076923076923096,-0.02708333333333333,0.02031250000000001,Stable
DEEDRGD,PH_epi,37,0.07105228654207159,0.5470898931822588,0.0016369047619047563,-0.0033333333333332624,0.005999999999999991,Stable
DEEDRGD,SECCHI_NVS,39,-0.3015171656646462,0.008612659918444412,-0.018518518518518517,-0.034482758620689655,-0.0033333333333333214,Worsening
DEEDRGD,TP_epi,39,0.05798605425585571,0.6185673078988434,5.26315789473673e-4,-0.03749999999999998,0.07142857142857142,Stable
DEEDRGD,TP_hypo,39,-0.21417017089077214,0.06005512982203425,-0.0884615384615385,-0.1866666666666667,0,Stable
