STATIONID,parameter,n,tau,mk_p,sen_slope,sen_ci_lower,sen_ci_upper,trend
COBWINSD,SPCD_epi,37,0.5954893950926924,2.37827830556667e-7,5.173809523809524,4.242307692307691,6.359375,Worsening
COBWINSD,CHL_comp,38,0.17211948790896162,0.1313937281121655,0.034583333333333334,-0.013703703703703708,0.08074074074074075,Stable
COBWINSD,PH_epi,37,0.01665462738263681,0.8958389784380939,8.620689655173762e-5,-0.00874999999999998,0.00714285714285715,Stable
COBWINSD,SECCHI,20,-0.4509426596549174,0.006340482316155325,-0.09128787878787878,-0.14499999999999996,-0.03722222222222222,Worsening
COBWINSD,TP_hypo,37,0.3915434513701392,7.308854889404106e-4,0.4494949494949495,0.22800000000000004,0.8285714285714285,Worsening
COBWINSD,TP_epi,37,0.6290963533904631,7.062452459139268e-8,0.28,0.2,0.3625,Worsening
