parameter,non_na_n,MK,SEN,tau,p.value,slope,significant,slope_dir,trend,mean_value,percent_change
CHL_comp,23,,,-0.4071146547794342,0.007062839809805155,1,TRUE,increasing,Worsening,5.010173913043478,19.959386986479686
PH_epi,23,,,0.3147510290145874,0.039122581481933594,1,TRUE,increasing,Improving,6.505434782608695,15.371762740183796
SECCHI,23,,,0.0988142341375351,0.5261781215667725,1,FALSE,NA,Stable,3.1256521739130436,31.99332313256364
SPCD_epi,23,,,0.24110673367977142,0.11305093765258789,1,FALSE,NA,Stable,22.809565217391306,4.384125652853493
TP_epi,23,,,0.05158770829439163,0.7511322498321533,1,FALSE,NA,Stable,8.56478260869565,11.675719579674098
TP_hypo,22,,,0.5466390252113342,4.216432571411133e-4,1,TRUE,increasing,Worsening,21.256818181818183,4.704372928472147
