parameter,non_na_n,MK,SEN,tau,p.value,slope,significant,slope_dir,trend,mean_value,percent_change
CHL_comp,36,,,0.0952381044626236,0.42160916328430176,1,FALSE,NA,Stable,1.97275,50.690660245849706
PH_epi,36,,,0.2539682686328888,0.030332446098327637,1,TRUE,increasing,Improving,6.495333333333334,15.395668685209893
SECCHI,36,,,-0.25159361958503723,0.03240274265408516,1,TRUE,increasing,Improving,8.038391203703704,12.440300237431194
SPCD_epi,36,,,0.16190478205680847,0.16891133785247803,1,FALSE,NA,Stable,134.6248611111111,0.74280485175369
TP_epi,36,,,0.16052378714084625,0.17664897441864014,1,FALSE,NA,Stable,6.547106481481482,15.273922958615445
TP_hypo,36,,,-0.036653678864240646,0.7643164992332458,1,FALSE,NA,Stable,11.716018518518519,8.535322801166494
