parameter,non_na_n,MK,SEN,tau,p.value,slope,significant,slope_dir,trend,mean_value,percent_change
CHL_comp,36,,,-0.3891979157924652,8.879770175553858e-4,1,TRUE,increasing,Worsening,2.447676388888889,40.85507400158994
PH_epi,36,,,-0.18008111417293549,0.1269245445728302,1,FALSE,NA,Stable,6.643208333333334,15.052967629847524
SECCHI,36,,,-0.4622718095779419,7.80122572905384e-5,1,TRUE,increasing,Improving,4.5462847222222225,21.99598267816364
SPCD_epi,36,,,0.5194600820541382,8.940696716308594e-6,1,TRUE,increasing,Worsening,42.5318287037037,2.3511803524049255
TP_epi,36,,,-0.04666567221283913,0.7021181583404541,1,FALSE,NA,Stable,7.143740740740741,13.998268362358138
TP_hypo,36,,,0.08306879550218582,0.48683345317840576,1,FALSE,NA,Stable,7.378199074074074,13.553442919612396
