parameter,non_na_n,MK,SEN,tau,p.value,slope,significant,slope_dir,trend,mean_value,percent_change
CHL_comp,32,,,-0.20967741310596466,0.09486108273267746,1.2222222222222223,FALSE,NA,Stable,2.6244114583333333,46.57128813933812
PH_epi,32,,,-0.004065175075083971,0.9870469570159912,1.2222222222222223,FALSE,NA,Stable,6.934015625,17.626470552151694
SECCHI,32,,,-0.11336125433444977,0.37219226360321045,1.2222222222222223,FALSE,NA,Stable,6.2636523437500005,19.51293199472957
SPCD_epi,32,,,0.7285573482513428,0,1.2222222222222223,TRUE,increasing,Worsening,88.025,1.3884944302439333
TP_epi,31,,,-0.10747707635164261,0.4128382205963135,1.2222222222222223,FALSE,NA,Stable,6.831849462365591,17.89006372220351
TP_hypo,32,,,0.04858339577913284,0.709018349647522,1.2222222222222223,FALSE,NA,Stable,31.894895833333333,3.832030769465247
