parameter,non_na_n,tau,p.value,slope,trend,mean_value,percent_change
CHL_comp,165,-0.03466371027346637,0.5091424845811949,-0.002142819911241243,Stable,1.6335757575757575,-0.13117358661230433
PH_epi,173,0.2236187659631671,1.2283742171881329e-5,0.007618986964225558,Improving,6.771907514450867,0.11250872738540907
SECCHI,169,-0.06177796562411947,0.23322719463816166,-0.011111189424991934,Stable,8.475147928994083,-0.13110319156766298
SPCD_epi,173,0.6115069229735179,0,0.9272727445699331,Worsening,86.20375722543352,1.075675555701128
TP_epi,158,0.1998709989518665,8.173221968488242e-5,6.709247827529906e-8,Worsening,5.572784810126582,1.203930899204685e-6
TP_hypo,167,0.14154822884351778,0.005351887433842517,8.944422006607055e-8,Worsening,6.308383233532934,1.4178628145262252e-6
