parameter,non_na_n,tau,p.value,slope,trend,mean_value,percent_change
CHL_comp,135,0.052692800760269165,0.36621999740600586,0.0025974025974025996,Worsening,4.086293703703704,0.06356377651093424
PH_epi,135,-0.020817596465349197,0.7234001159667969,-1.4705882352940863e-4,Worsening,6.825259259259259,-0.0021546261899122177
SECCHI,133,0.07888954132795334,0.1841573715209961,0.0018656716417910447,Improving,3.175545112781955,0.058751224609642286
SPCD_epi,135,-0.008186295628547668,0.8895593881607056,-0.016666666666666736,Improving,170.58,-0.009770586626021066
TP_epi,129,0.2472141472868217,NA,NA,Worsening,11.641937984496124,NA
TP_hypo,133,0.12223741171109592,NA,NA,Worsening,21.186466165413535,NA
