stationid,parameter,n,tau,mk_p,sen_slope,sen_ci_lower,sen_ci_upper,trend
WINMBELD,SECCHI,64,-0.10758481025890201,0.21464867008747496,-0.008333333333333342,-0.020652173913043463,0.00387931034482758,Stable
WINMBELD,TP_epi,64,0.03811666305667041,0.6635526051629357,0.004946808510638279,-0.01571428571428576,0.028076923076923076,Stable
WINMBELD,SPCD_epi,65,0.7160375297145701,3.629872847462652e-17,0.8594444444444445,0.7222222222222222,0.9693478260869566,Worsening
WINMBELD,PH_epi,64,-0.04990109424638579,0.5660728654100768,-9.999999999999788e-4,-0.0047619047619047875,0.0021052631578947385,Stable
WINMBELD,TP_hypo,65,-0.07521728679039359,0.3801053151562032,-0.07537878787878788,-0.2900000000000001,0.08043478260869563,Stable
WINMBELD,CHL_comp,64,-0.24863328963721007,0.003833252145244665,-0.017270979020979023,-0.029444444444444447,-0.0050000000000000044,Improving
WINMBELD,Year,66,0.9861511914986325,7.1038908966179654e-31,0.6410256410256411,0.6,0.6976744186046512,Stable
