parameter,non_na_n,MK,SEN,tau,p.value,slope,significant,slope_dir,trend,mean_value,percent_change
CHL_comp,22,,,-0.012987013906240463,0.9550264477729797,1,FALSE,NA,Stable,6.663517424242425,15.007089144269628
PH_epi,22,,,0.29870131611824036,0.055179595947265625,1,FALSE,NA,Stable,6.627651515151515,15.088300851574555
SECCHI,22,,,-0.16485939919948578,0.2966064214706421,1,FALSE,NA,Stable,2.2923295454545456,43.6237451976701
SPCD_epi,22,,,-0.004329004790633917,1,1,FALSE,NA,Stable,61.6725,1.621468239490859
TP_epi,22,,,0.03056885302066803,0.8654370307922363,1,FALSE,NA,Stable,16.458333333333332,6.075949367088608
TP_hypo,22,,,0.4618835151195526,0.0030335187911987305,1,TRUE,increasing,Worsening,22.27348484848485,4.489643209414646
