parameter,non_na_n,tau,p.value,slope,trend,mean_value,percent_change
CHL_comp,44,-0.2274208515882492,0.03110436350107193,-0.030294117647058846,Improving,3.699772727272727,-0.8188102318757842
SPCD_epi,45,0.2147645205259323,0.03977370262145996,0.04999999999999967,Worsening,32.49166666666667,0.15388561169530549
PH_epi,45,-0.22854597866535187,0.028351085260510445,-0.005208695652173913,Worsening,6.670888888888888,-0.0780809834930631
TP_epi,45,-0.06930723786354065,0.5221804976463318,0,Stable,9.766666666666667,0
TP_hypo,45,-0.1535281389951706,0.15537966787815094,-0.041666666666666664,Stable,10.688888888888888,-0.38981288981288986
SECCHI,44,-0.07794944196939468,0.4757311940193176,-0.002705627705627696,Stable,5.096590909090909,-0.053087009608748556
