STATIONID,PARAMETER,n,tau,mk_p,sen_slope,sen_ci_lower,sen_ci_upper,TREND
WINTLACD,SPCD_epi,34,0.7040998217468807,5.194117824315383e-9,1.44,1.1340909090909093,1.7125000000000004,Worsening
WINTLACD,CHL_comp,34,-0.15892882482294565,0.19194808457005877,-0.014000000000000004,-0.036458333333333336,0.004999999999999993,Stable
WINTLACD,PH_epi,34,-0.008976892161016523,0.9526698930326782,0,-0.006956521739130402,0.0059374999999999845,Stable
WINTLACD,SECCHI_NVS,34,-0.32675887466100145,0.007236003199869862,-0.06666666666666667,-0.10624999999999996,-0.013888888888888888,Worsening
WINTLACD,TP_epi,34,-0.1827039517240354,0.13996692798556062,-0.03774999999999999,-0.11600000000000002,0.003913043478260864,Stable
WINTLACD,TP_hypo,34,-0.21763469957801,0.07490887061536891,-0.07142857142857142,-0.16666666666666666,0.004285714285714258,Stable
