STATIONID,parameter,n,tau,mk_p,sen_slope,sen_ci_lower,sen_ci_upper,trend
FORDALD,SPCD_epi,34,0.29055258467023176,0.016325339682913394,0.15526315789473663,0.028571428571427963,0.30666666666666664,Worsening
FORDALD,CHL_comp,33,0.09487683114999976,0.4476081944782618,0.026991935483870945,-0.04083333333333335,0.10045454545454541,Stable
FORDALD,PH_epi,30,0.163594904317148,0.21156638087054702,0.006999999999999984,-0.003333333333333336,0.016799999999999985,Stable
FORDALD,SECCHI_NVS,34,-0.4054290980829668,8.816659553956331e-4,-0.03928571428571427,-0.06071428571428571,-0.01749999999999998,Worsening
FORDALD,TP_hypo,29,-0.058633418322048325,0.6777116593282837,0,-0.16666666666666666,0.14285714285714285,Stable
FORDALD,TP_epi,33,-0.061306731982893714,0.6304198142013564,-0.01867521367521368,-0.12791666666666668,0.07499999999999996,Stable
