parameter,non_na_n,tau,p.value,slope,trend,mean_value,percent_change
CHL_comp,34,-0.19107173383235931,0.11601167917251587,-0.04461538461538462,Stable,3.6332764705882354,-1.2279655835869074
SPCD_epi,33,0.1818181872367859,0.1410292387008667,0.13194805194805187,Stable,42.28666666666667,0.3120322842851613
PH_epi,33,0.13688310980796814,0.2710568904876709,0.0043303571428571375,Stable,6.841212121212121,0.06329809785359919
TP_epi,33,0.03884732723236084,0.7674057483673096,0,Stable,8.346969696969698,0
TP_hypo,31,0.07746567577123642,0.5612270832061768,0.019999999999999987,Stable,8.55258064516129,0.23384754648662903
SECCHI,34,0.19152617454528809,0.11869239807128906,0.01931818181818185,Stable,4.279411764705882,0.45142143080287483
