parameter,non_na_n,tau,p.value,slope,trend,mean_value,percent_change
CHL_comp,83,-0.07617650181055069,0.3102550506591797,-0.00777777777777781,Stable,4.772915662650602,-0.1629565307143617
SPCD_epi,83,0.2811352014541626,1.7273426055908203e-4,0.13380281690140844,Worsening,48.32355421686747,0.2768894363624938
PH_epi,83,0.1272149384021759,0.09073424339294434,0.002083333333333338,Stable,6.801048192771084,0.030632533019656266
TP_epi,84,0.05227513983845711,0.4928915500640869,0.0017543859649123037,Stable,9.867619047619048,0.017779222692384123
TP_hypo,84,-0.07315467298030853,0.33169877529144287,-0.018754578754578755,Stable,19.354761904761904,-0.09689904141866253
SECCHI,84,0.07191501557826996,0.3377981185913086,0.0021428571428571477,Stable,3.6393154761904762,0.05888077460930166
