parameter,non_na_n,tau,p.value,slope,trend,mean_value,percent_change
CHL_comp,85,0.028579434379935265,0.7014600038528442,0.012294776119403019,Stable,10.642184705882354,0.11552868568995248
PH_epi,86,-0.047782838344573975,0.5186721086502075,-0.0011111111111111861,Stable,6.94639534883721,-0.015995506378674234
SECCHI,87,-0.10560988634824753,0.15515999495983124,-0.001960784313725492,Stable,1.9874137931034483,-0.09866009386317214
SPCD_epi,86,-0.028504909947514534,0.7008236050605774,-0.2857142857142857,Stable,369.5104651162791,-0.07732237992890835
TP_epi,86,0.10560875512995896,0.15038863854099405,0.15252506732940674,Stable,26.36279069767442,0.5785619173574885
TP_hypo,82,0.18127070159590486,0.015968862449446286,0.6051425933837891,Worsening,46.90609756097561,1.2901149847248188
