STATIONID,parameter,n,tau,mk_p,sen_slope,sen_ci_lower,sen_ci_upper,trend
WAUMERMD,SPCD_epi,34,0.7029440798701537,5.655222265163353e-9,2.0042857142857144,1.570588235294117,2.3346153846153843,Worsening
WAUMERMD,CHL_comp,34,-0.06238859180035652,0.6142395415985421,-0.005000000000000015,-0.03249999999999999,0.017893333333333317,Stable
WAUMERMD,PH_epi,34,-0.005386135296609914,0.9763227886432947,0,-0.00714285714285716,0.0071428571428571175,Stable
WAUMERMD,SECCHI_NVS,34,0.23299006427490712,0.05881568673734995,0.024999999999999984,0,0.05555555555555555,Stable
WAUMERMD,TP_hypo,34,0.03967810943939618,0.7551714728250347,0.008333333333333378,-0.07999999999999995,0.10350000000000001,Stable
WAUMERMD,TP_epi,33,0.33086205126864726,0.008396485447087189,0.06000000000000001,0.009411764705882413,0.09125000000000005,Worsening
