stationid,parameter,n,tau,mk_p,sen_slope,sen_ci_lower,sen_ci_upper,trend
TOMWRND,SECCHI,116,-0.023788895251942697,0.7140114202186293,0,-0.0029999999999999983,0.002272727272727275,Stable
TOMWRND,TP_epi,120,0.03742514985699205,0.5530786140725811,0,-0.009375000000000022,0.02250000000000001,Stable
TOMWRND,SPCD_epi,119,0.41245193297113797,2.992495129401685e-11,0.5333333333333335,0.4073170731707318,0.6462068965517239,Worsening
TOMWRND,PH_epi,119,-0.12836433916914153,0.039557315187519974,-0.0016000000000000014,-0.0030769230769230795,0,Worsening
TOMWRND,TP_hypo,119,-0.015877867432674556,0.802108282860963,0,-0.02843137254901961,0.01999999999999999,Stable
TOMWRND,CHL_comp,119,-0.15403250196165955,0.013117558089424683,-0.029166666666666674,-0.05127118644067797,-0.005999999999999991,Improving
TOMWRND,Year,123,0.9903573480967505,2.862276618759787e-58,0.3225806451612903,0.3191489361702128,0.32558139534883723,Stable
