parameter,non_na_n,tau,p.value,slope,trend,mean_value,percent_change
CHL_comp,100,-0.02181818181818182,0.7497370199678195,-0.0026061153411865057,Stable,2.246986,-0.11598271378577818
PH_epi,102,-0.016307513104251603,0.8100858577922954,-4.3480142950990124e-4,Stable,6.58993137254902,-0.006597965971559394
SECCHI,101,-0.19465346534653466,0.003919197855057233,-0.035714313145727095,Worsening,4.157871287128713,-0.8589566794981334
SPCD_epi,102,0.48456610366919045,5.155875726359227e-13,0.4928572030738001,Worsening,45.012843137254904,1.0949257339087888
TP_epi,103,-0.03578907291071769,0.5929168384196677,-0.009580200910569051,Stable,7.2635922330097085,-0.13189342963157286
TP_hypo,101,0.17306930693069306,0.010304964236988567,0.062812488898636,Worsening,8.840594059405941,0.710500770384392
