parameter,non_na_n,tau,p.value,slope,trend,mean_value,percent_change
CHL_comp,119,0.05027773821392964,0.41836465823661806,0.00844010353088425,Stable,2.6060810924369746,0.32386189191802234
PH_epi,117,0.3267020335985853,1.7408113617278786e-7,0.01361989974975582,Improving,6.377888888888889,0.213548714739817
SECCHI,116,0.027886056971514243,0.6584516590722012,0.0027777832001447678,Stable,6.617823275862069,0.041974272874231756
SPCD_epi,117,0.4034777483053345,1.1025758084315385e-10,0.6707756042480499,Worsening,71.46153846153847,0.9386526216603497
TP_epi,118,-0.047660437490945964,0.4366129688573095,-3.845393657684326e-4,Stable,6.184406779661017,-0.006217886039338283
TP_hypo,116,-0.06446776611694154,0.30514314047318347,-0.029999989084899426,Stable,11.327241379310346,-0.2648481486383401
