STATIONID,PARAMETER,n,tau,mk_p,sen_slope,sen_ci_lower,sen_ci_upper,TREND
PERSUND,SPCD_epi,39,0.6554060038406713,4.748813383751357e-9,1.0199999999999998,0.7363636363636363,1.2939999999999998,Worsening
PERSUND,CHL_comp,39,0.16745446086040555,0.13674451158348058,0.05961538461538464,-0.019428571428571434,0.14392857142857143,Stable
PERSUND,PH_epi,39,0.14247156921869136,0.20809832116071866,0.0030769230769230795,-0.0023214285714285537,0.008142857142857122,Stable
PERSUND,SECCHI_NVS,39,-0.24212207445139894,0.03454624043485262,-0.011904761904761904,-0.021875000000000006,0,Worsening
PERSUND,TP_epi,39,0.18946618668626838,0.10630881217728687,0.041666666666666664,0,0.1,Stable
PERSUND,TP_hypo,26,-0.10781433867501866,0.4642729106216151,-0.04117647058823525,-0.16666666666666666,0.08333333333333333,Stable
