stationid,parameter,n,tau,mk_p,sen_slope,sen_ci_lower,sen_ci_upper,trend
MLNWASD,SECCHI,77,-0.2515430975090027,0.0012618385332972793,-0.01968101822752987,-0.03031914893617023,-0.00872093023255814,Worsening
MLNWASD,TP_epi,76,0.002255033638305795,0.9817820647657409,0,-0.012500000000000067,0.00457142857142855,Stable
MLNWASD,SPCD_epi,76,-0.0480954955222267,0.5418886264114116,-0.028174603174603123,-0.10519999999999996,0.054193548387096765,Stable
MLNWASD,PH_epi,76,0.35485505525515537,6.518690665963055e-6,0.006866071428571428,0.0040000000000000036,0.009545454545454544,Improving
MLNWASD,TP_hypo,76,0.07423750399818235,0.35031960596557116,0.012456281947807367,-0.014999999999999987,0.04210526315789474,Stable
MLNWASD,CHL_comp,74,0.26871773469052107,7.276648452546089e-4,0.02254901960784313,0.011800000000000001,0.03272727272727274,Worsening
MLNWASD,Year,77,0.9891758688532243,2.1928792006025613e-36,0.38235294117647056,0.3770491803278688,0.3877551020408163,Stable
