parameter,non_na_n,tau,p.value,slope,trend,mean_value,percent_change
CHL_comp,35,0.13949580490589142,0.24421441555023193,0.09166666666666663,Stable,9.502828571428571,0.9646250690270662
SPCD_epi,35,0.5394958257675171,5.4836273193359375e-6,0.7407407407407407,Worsening,47.191428571428574,1.5696510217306971
PH_epi,35,-0.17003391683101654,0.15548262000083923,-0.006590909090909112,Stable,6.295285714285714,-0.10469594852466423
TP_epi,35,0.35328397154808044,0.003365635871887207,0.25,Worsening,20.70285714285714,1.20756279326525
TP_hypo,17,0.32215386629104614,0.08212828636169434,0.5,Stable,20.294117647058822,2.4637681159420293
SECCHI,35,-0.16413867473602295,0.1794809103012085,-0.00470588235294118,Stable,1.6419428571428571,-0.2866045144305376
