stationid,parameter,n,tau,mk_p,sen_slope,sen_ci_lower,sen_ci_upper,trend
MOUSHAVD,SECCHI,38,-0.26169745933735455,0.022642049757082398,-0.020192307692307707,-0.03676470588235294,-0.0017241379310344918,Worsening
MOUSHAVD,TP_epi,37,0.25080674935265984,0.03244027871431725,0.08032258064516132,0,0.2,Worsening
MOUSHAVD,SPCD_epi,37,0.22857168700527586,0.048239901314816716,0.5440000000000003,0,1.0466666666666669,Worsening
MOUSHAVD,PH_epi,36,-0.2569872505423632,0.029201202262198623,-0.012500000000000011,-0.022000000000000065,-0.0012499999999999734,Worsening
MOUSHAVD,TP_hypo,36,0.17629020098045753,0.1371423681102409,0.1104355716878403,-0.041379310344827565,0.29411764705882354,Stable
MOUSHAVD,CHL_comp,38,0.1267807554127196,0.2685090740245476,0.05449999999999999,-0.04192307692307692,0.13628571428571426,Stable
MOUSHAVD,Year,38,0.9964374664104978,1.849911919891883e-18,0.9333333333333333,0.9090909090909091,0.9565217391304348,Stable
