STATIONID,PARAMETER,n,tau,mk_p,sen_slope,sen_ci_lower,sen_ci_upper,TREND
DANLFRED,SPCD_epi,23,0.4150197628458498,0.00602004710232309,0.6485714285714285,0.16499999999999915,1.1729411764705882,Worsening
DANLFRED,CHL_comp,23,0.05928853754940711,0.7115714636761059,0.017142857142857095,-0.07910000000000003,0.09571428571428571,Stable
DANLFRED,PH_epi,23,0.07142913382948343,0.6532215660854851,0.0029999999999999953,-0.005416666666666625,0.013157894736842105,Stable
DANLFRED,SECCHI_NVS,22,-0.1615782148050596,0.309146731681422,-0.019999999999999973,-0.06874999999999998,0.02250000000000001,Stable
DANLFRED,TP_epi,23,-0.16700098222238427,0.2783810171333458,-0.0944444444444444,-0.24049999999999994,0.0619230769230769,Stable
DANLFRED,TP_hypo,23,0.4514860336956696,0.002831864813918125,0.9166666666666669,0.3277777777777779,1.4499999999999997,Worsening
