parameter,non_na_n,MK,SEN,tau,p.value,slope,significant,slope_dir,trend,mean_value,percent_change
CHL_comp,31,,,-0.04305707663297653,0.7467114925384521,1,FALSE,NA,Stable,2.333115053763441,42.861152448823546
PH_epi,31,,,0.1526881754398346,0.234144926071167,1,FALSE,NA,Stable,6.576666666666667,15.205271160669032
SECCHI,31,,,0.07974156737327576,0.54050612449646,1,FALSE,NA,Stable,4.743682795698925,21.08066755447256
SPCD_epi,31,,,0.6043010950088501,1.9073486328125e-6,1,TRUE,increasing,Worsening,50.638440860215056,1.9747843397478433
TP_epi,31,,,0.10991405695676804,0.39528822898864746,1,FALSE,NA,Stable,6.5831182795698915,15.190369632327721
TP_hypo,31,,,0.21382489800453186,0.09555959701538086,1,FALSE,NA,Stable,9.921612903225807,10.079006405046005
