parameter,non_na_n,tau,p.value,slope,trend,mean_value,percent_change
CHL_comp,87,0.2006152719259262,0.006033062934875488,0.04333333333333333,Worsening,7.213218390804598,0.6007489443072265
SPCD_epi,79,0.3071175813674927,6.42538070678711e-5,0.3709677419354839,Worsening,147.5906329113924,0.251349109775956
PH_epi,80,-0.3262469470500946,1.9763112504733726e-5,-0.00724568965517241,Worsening,7.3169625,-0.09902592305444248
TP_epi,81,0.42562928795814514,0,0.16666666666666607,Worsening,18.220123456790123,0.9147395025172244
TP_hypo,35,0.2125519961118698,0.07985091209411621,0.20689655172413793,Stable,19.057142857142857,1.0856640645194644
SECCHI,84,-0.23909892141819,0.001531581743620336,-0.005384615384615388,Worsening,1.949602976190476,-0.27619035518385004
