stationid,parameter,n,tau,mk_p,sen_slope,sen_ci_lower,sen_ci_upper,trend
NUTMAND,SECCHI,95,-0.05918157886051263,0.3994681324871519,-0.0028846153846153848,-0.010416666666666666,0.004651162790697679,Stable
NUTMAND,TP_epi,93,-0.1303832316365624,0.06674289309500417,-0.04067613636363637,-0.09361702127659575,0,Stable
NUTMAND,SPCD_epi,93,0.349777891253347,6.988028380635705e-7,5.065503432494279,3.1785714285714284,7,Worsening
NUTMAND,PH_epi,93,0.12910913375724747,0.06838281005489981,0.0023082552693208464,-1.5384615384616423e-4,0.004444444444444449,Stable
NUTMAND,TP_hypo,94,-0.15721347847425524,0.02524309627632657,-0.4,-0.6744186046511628,-0.04142857142857151,Improving
NUTMAND,CHL_comp,94,-0.15467337934419167,0.02747202194461913,-0.05484848484848486,-0.11299999999999999,-0.00546666666666669,Improving
NUTMAND,Year,95,0.9829452736415409,7.826009439009828e-44,0.29310344827586204,0.28,0.3076923076923077,Stable
