STATIONID,parameter,n,tau,mk_p,sen_slope,sen_ci_lower,sen_ci_upper,trend
SUNSUN060,CHL_comp,17,-0.5977900477395642,9.730345021454662e-4,-0.08675,-0.13499999999999995,-0.04500000000000004,Improving
