parameter,non_na_n,tau,p.value,slope,trend,mean_value,percent_change
CHL_comp,44,-0.23150105708245244,0.026646571657954254,-0.10738477706909139,Improving,3.699772727272727,-2.902469556508398
PH_epi,45,-0.2292929292929293,0.026223709374952886,-0.01909083306789395,Worsening,6.670888888888888,-0.2861812478947426
SECCHI,44,-0.06871035940803383,0.5123859276799685,-5.513429641723633e-8,Stable,5.096590909090909,-1.0817877557896985e-6
SPCD_epi,45,0.2,0.05258582070452511,0.1750000154226982,Stable,32.49166666666667,0.5385996884001997
TP_epi,45,-0.06868686868686869,0.5080607925430707,-0.08333338610827923,Stable,9.766666666666667,-0.8532428611769203
TP_hypo,45,-0.15353535353535352,0.1343118270583048,-0.19999997224658728,Stable,10.688888888888888,-1.8711016114545589
