STATIONID,parameter,n,tau,mk_p,sen_slope,sen_ci_lower,sen_ci_upper,trend
SUNSUN030,CHL_comp,20,-0.23873434922907394,0.1526276572742378,-0.03775000000000002,-0.08035714285714286,0.005454545454545439,Stable
