parameter,non_na_n,tau,p.value,slope,trend,mean_value,percent_change
CHL_comp,78,0.01666945591568947,0.8325561285018921,7.84313725490188e-4,Stable,4.690239743589744,0.01672225234460834
SPCD_epi,78,0.5510578751564026,0,0.3628,Worsening,50.82891025641025,0.7137670238646239
PH_epi,79,0.09463345259428024,0.22100830078125,0.0013888888888888757,Stable,6.414936708860759,0.02165085879912806
TP_epi,78,0.1131676584482193,0.1521739959716797,0.02250000000000001,Stable,12.893205128205128,0.17451052532142758
TP_hypo,65,0.2557447850704193,0.0035202503204345703,0.06774475524475523,Worsening,13.352769230769232,0.5073461098140507
SECCHI,82,0.03367381915450096,0.6642860174179077,0,Stable,2.7487560975609755,0
