parameter,non_na_n,tau,p.value,slope,significant,slope_dir,trend,mean_value,percent_change
CHL_comp,52,0.008311310783028603,0.9370925426483154,0.001010101010101017,FALSE,increasing,Worsening (weak),3.2816403846153848,0.0307803687093948
PH_epi,54,0.08368662744760513,0.37841641902923584,0.0015624999999999944,FALSE,increasing,Improving (weak),6.7212962962962965,0.02324700371952051
SECCHI,53,-0.1535184532403946,0.11014796048402786,-0.010410216718266254,FALSE,decreasing,Worsening (weak),3.7335849056603774,-0.2788263018334907
SPCD_epi,53,0.05016365647315979,0.601882815361023,0.023904761904761953,FALSE,increasing,Worsening (weak),45.43150943396226,0.05261714216101299
TP_epi,54,0.0463048592209816,0.6321126222610474,0.0073913043478260835,FALSE,increasing,Worsening (weak),11.187407407407408,0.06606807170472895
TP_hypo,53,0.10015814006328583,0.29956936836242676,0.06458333333333333,FALSE,increasing,Worsening (weak),19.60188679245283,0.32947508582795904
