parameter,non_na_n,tau,p.value,slope,trend,mean_value,percent_change
CHL_comp,25,0.006666665896773338,0.9813671112060547,0.002777777777777786,Stable,4.29038,0.06474432982108314
PH_epi,25,0,1,0,Stable,6.6156,0
SECCHI,25,-0.03005012311041355,0.8517463207244873,-0.005625000000000007,Stable,4.2658000000000005,-0.13186272211542985
SPCD_epi,25,-0.07011695206165314,0.6403375864028931,-0.12051470588235269,Stable,51.2636,-0.2350882612269772
TP_epi,24,0.07246376811594203,0.6357468938433435,0.017833251953124844,Stable,8.6970833333333335,0.20504864987064447
TP_hypo,24,0.4927536231884058,7.670288507544143e-4,0.5023143005371111,Worsening,16.962083333333332,2.961395075509265
