parameter,non_na_n,tau,p.value,slope,trend,mean_value,percent_change
CHL_comp,165,-0.28167036215816704,7.781207345125551e-8,-0.09421047750860444,Improving,5.526773313131313,-1.7046198961112708
PH_epi,170,-0.08687782805429864,0.09262842187314968,-0.003157835602760531,Stable,6.909323529411765,-0.04570397650823825
SECCHI,176,0.16064935064935065,0.0015230754242647748,0.01826920099556429,Improving,3.525333806818182,0.5182261311036898
SPCD_epi,169,0.6050295857988166,0,2.9000000395812116,Worsening,162.51082840236685,1.7844964966894323
TP_epi,168,-0.11441402908468777,0.026486203698503852,-0.03333335928618908,Improving,8.601071428571428,-0.3875489183296492
TP_hypo,160,0.035455974842767295,0.5058396711791371,4.7497451305389404e-8,Stable,15.3366875,3.0969824028421655e-7
