STATIONID,parameter,n,tau,mk_p,sen_slope,sen_ci_lower,sen_ci_upper,trend
HIGANDD,SPCD_epi,39,0.2511816912906083,0.02521550093814657,0.14318181818181844,0.015625,0.28478260869565236,Worsening
HIGANDD,CHL_comp,39,-0.00946587478084224,0.9421266770790028,-7.692307692307699e-4,-0.029999999999999992,0.020555555555555563,Stable
HIGANDD,PH_epi,36,0.18620758106127638,0.11666481921609768,0.0031534090909091012,-5.26315789473673e-4,0.00866666666666666,Stable
HIGANDD,SECCHI_NVS,39,0.18840858994644374,0.09691721154863157,0.016666666666666607,-0.0018518518518518452,0.034999999999999996,Stable
HIGANDD,TP_hypo,39,0.35033058600792066,0.0020628363212616446,0.12777777777777782,0.054166666666666696,0.20500000000000007,Worsening
HIGANDD,TP_epi,39,0.03290333472831099,0.7803407849154733,8.695652173912858e-4,-0.041666666666666664,0.061578947368421046,Stable
