STATIONID,parameter,n,tau,mk_p,sen_slope,sen_ci_lower,sen_ci_upper,trend
BERFRED,SPCD_epi,23,0.2885375494071146,0.057229635732857526,0.40500000000000047,-0.01382352941176509,0.8343749999999996,Stable
BERFRED,CHL_comp,23,-0.21739130434782608,0.15382082239203035,-0.03011333333333332,-0.057499999999999996,0.013846153846153859,Stable
BERFRED,PH_epi,23,0.027833497037064045,0.8739613420876371,5.26315789473673e-4,-0.012777777777777801,0.009999999999999964,Stable
BERFRED,SECCHI_NVS,23,-0.16996047430830039,0.2673270197885057,-0.028409090909090908,-0.09196428571428572,0.021428571428571415,Stable
BERFRED,TP_hypo,23,0.32806324110671936,0.030337374811837445,0.13545454545454547,0.017142857142857116,0.2688888888888889,Worsening
BERFRED,TP_epi,23,-0.250001968403192,0.10129833616344891,-0.06111111111111109,-0.16944444444444443,0.009999999999999787,Stable
