parameter,non_na_n,tau,p.value,slope,trend,mean_value,percent_change
CHL_comp,35,-0.17340092360973358,0.1473827213048935,-0.05458333333333335,Improving,4.654401428571428,-1.1727250898100248
PH_epi,34,0.05371584743261337,0.6670670509338379,0.0025000000000000356,Improving,6.877617647058823,0.03634979622731931
SECCHI,35,0.11515998840332031,0.3408815860748291,0.010714285714285718,Improving,3.692642857142857,0.2901522332050217
SPCD_epi,35,0.010092518292367458,0.9433863162994385,0.01111111111111127,Worsening,43.705714285714286,0.025422559252722392
TP_epi,34,-0.07308377896613191,NA,NA,Improving,8.185882352941176,NA
TP_hypo,29,-0.05665024630541872,NA,NA,Improving,9.552413793103447,NA
