parameter,non_na_n,tau,p.value,slope,trend,mean_value,percent_change
CHL_comp,141,0.00741231394931674,0.8978725671768188,2.3863636363636638e-4,Worsening,3.7856255319148935,0.006303749845950989
PH_epi,141,-0.0241905078291893,0.6738868355751038,-1.7316341829085475e-4,Worsening,6.77758865248227,-0.0025549413983310156
SECCHI,143,0.11187846958637238,0.050214409828186035,0.003398058252427181,Improving,4.471237762237762,0.07599815606152249
SPCD_epi,140,-0.06651576608419418,0.2452096939086914,-0.009090909090909094,Improving,40.90635714285714,-0.02222370733028351
TP_epi,141,0.003951367781155016,NA,NA,Worsening,8.498581560283688,NA
TP_hypo,141,0.20243161094224923,NA,NA,Worsening,12.792198581560283,NA
