parameter,non_na_n,tau,p.value,slope,trend,mean_value,percent_change
CHL_comp,58,0.047201208770275116,0.6054866313934326,0.03555555555555552,Stable,15.037856896551725,0.23644031061173773
PH_epi,58,-0.11411292850971222,0.2095794677734375,-0.0035000000000000144,Stable,7.376379310344827,-0.04744875300937308
SECCHI,57,-0.04985930770635605,0.5910479426383972,-0.004431818181818188,Stable,2.492236842105263,-0.1778249204467464
SPCD_epi,58,0.08835098147392273,0.3307124376296997,0.1121212121212122,Stable,86.15706896551724,0.13013582456720602
TP_epi,58,-0.019963702359346643,0.8294250116001831,-1.862645149230957e-9,Stable,16.944827586206898,-1.0992411340597833e-8
TP_hypo,58,0.24742891712038717,0.006132645145771942,2.363636425230652,Worsening,123.36206896551724,1.9160155508508432
