parameter,non_na_n,MK,SEN,tau,p.value,slope,significant,slope_dir,trend,mean_value,percent_change
CHL_comp,37,,,0.004507889971137047,0.9791297912597656,1,FALSE,NA,Stable,4.48803963963964,22.281443130932182
PH_epi,37,,,-0.14898456633090973,0.1998218446969986,1,FALSE,NA,Stable,6.728815315315315,14.86145707884003
SECCHI,37,,,0.11463163793087006,0.3263305425643921,1,FALSE,NA,Stable,2.954635885885886,33.84511793067087
SPCD_epi,37,,,0.17717717587947845,0.12595999240875244,1,FALSE,NA,Stable,49.24286486486486,2.030751059558087
TP_epi,36,,,0.06245238333940506,0.6043276786804199,1,FALSE,NA,Stable,12.226666666666667,8.178844056706652
TP_hypo,36,,,0.1168980523943901,0.3261244297027588,1,FALSE,NA,Stable,14.8375,6.739679865206402
