parameter,non_na_n,tau,p.value,slope,trend,mean_value,percent_change
CHL_comp,35,-0.0033641725312918425,0.9886681437492371,-0.002000000000000046,Stable,6.459142857142857,-0.030963860751095505
SPCD_epi,33,0.5857822895050049,1.7881393432617188e-06,0.8489130434782608,Worsening,88.11181818181818,0.9634496949393714
PH_epi,33,-0.11630382388830185,0.3521397113800049,-0.0032666666666666326,Stable,6.9806060606060605,-0.04679631880534767
TP_epi,32,-0.21964599192142487,0.09196320176124573,-0.1,Stable,10.3125,-0.9696969696969697
TP_hypo,31,-0.2539522647857666,0.05164964497089386,-0.18518518518518517,Stable,12.35483870967742,-1.4988879218644229
SECCHI,35,-0.038457661867141724,0.7637243866920471,0,Stable,3.1514285714285712,0
