parameter,non_na_n,tau,p.value,slope,trend,mean_value,percent_change
CHL_comp,94,-0.156503826379776,0.02568941004574299,-0.05487179487179489,Improving,12.01661170212766,-0.4566328365430939
SPCD_epi,93,0.37222352623939514,1.1920928955078125e-7,5.255656108597285,Worsening,797.0806451612904,0.6593631573545229
PH_epi,93,0.14084631204605103,0.046761155128479004,0.002499999999999969,Improving,7.073118279569893,0.03534508969291534
TP_epi,93,-0.1313263177871704,0.06479250639677048,-0.040802900107411375,Stable,20.461935483870967,-0.19940880049970877
TP_hypo,94,-0.18471437692642212,0.008546996861696243,-0.46461538461538465,Improving,94.32659574468084,-0.49256032293690055
SECCHI,95,-0.06368207931518555,0.3644649386405945,-0.003205128205128205,Stable,2.6629736842105265,-0.12035898905544037
