stationid,parameter,n,tau,mk_p,sen_slope,sen_ci_lower,sen_ci_upper,trend
HAUFRSD,SECCHI,39,-0.19022178085069047,0.09240193769478197,-0.012037037037037035,-0.02722222222222221,0.0019230769230769162,Stable
HAUFRSD,TP_epi,38,0.0617847341216378,0.596982517678363,0.03181818181818195,-0.09259259259259259,0.13999999999999999,Stable
HAUFRSD,SPCD_epi,40,-0.11538461538461539,0.29976285312958134,-0.12404466501240699,-0.3777777777777768,0.12739130434782608,Stable
HAUFRSD,PH_epi,40,0.30491872253180413,0.0061327387678158825,0.008000000000000007,0.0025714285714285674,0.014545454545454558,Improving
HAUFRSD,TP_hypo,36,0.4187235257489905,4.050204641833242e-4,0.3442307692307692,0.14999999999999994,0.5111111111111111,Worsening
HAUFRSD,CHL_comp,40,0.05391532041782166,0.6328229735208248,0.016431818181818172,-0.06934782608695651,0.10172413793103446,Stable
HAUFRSD,Year,40,0.9857965671450027,1.0042419271632064e-18,0.65625,0.6111111111111112,0.6818181818181818,Stable
