parameter,non_na_n,MK,SEN,tau,p.value,slope,significant,slope_dir,trend,mean_value,percent_change
CHL_comp,19,,,-0.15789474546909332,0.3630203604698181,1,FALSE,NA,Stable,6.663184210526316,15.007839621486488
PH_epi,20,,,-0.11140935868024826,0.5157486200332642,1,FALSE,NA,Stable,7.115591666666667,14.05364510564242
SECCHI,20,,,0.10526315122842789,0.5376031398773193,1,FALSE,NA,Stable,3.1335,31.913196106590075
SPCD_epi,20,,,0.5329833626747131,0.0011698007583618164,1,TRUE,increasing,Worsening,100.70108333333333,0.9930379762548069
TP_epi,20,,,0.08465726673603058,0.626132607460022,1,FALSE,NA,Stable,10.791166666666667,9.266838618005467
TP_hypo,20,,,0.33245497941970825,0.04415619373321533,1,TRUE,increasing,Worsening,18.6705,5.356042955464503
