stationid,parameter,n,tau,mk_p,sen_slope,sen_ci_lower,sen_ci_upper,trend
NEWCNTD,SECCHI,50,-0.09300726545210221,0.3484121712596565,-0.004166666666666664,-0.01441176470588236,0.004347826086956525,Stable
NEWCNTD,TP_epi,53,0.16411000690203742,0.08684501927455134,0.038461538461538464,-0.0037037037037036904,0.09375,Stable
NEWCNTD,SPCD_epi,53,0.6245462794320328,4.4124650230972383e-11,1.0150000000000001,0.809090909090909,1.1999999999999988,Worsening
NEWCNTD,PH_epi,53,0.2719680562194371,0.004307675561570817,0.0063157894736842165,0.0022222222222222244,0.010000000000000009,Improving
NEWCNTD,TP_hypo,29,-0.13747981679478222,0.31699445039457874,-0.06811594202898547,-0.23076923076923078,0.09090909090909091,Stable
NEWCNTD,CHL_comp,53,-0.10526316482904657,0.26932701149692995,-0.023355855855855853,-0.08678571428571431,0.025161290322580653,Stable
NEWCNTD,Year,53,0.9857474895770961,8.926789959055844e-25,0.4,0.3870967741935484,0.40625,Stable
