STATIONID,parameter,n,tau,mk_p,sen_slope,sen_ci_lower,sen_ci_upper,trend
LEAOSSD,SPCD_epi,36,0.5305799926250067,5.728268640671765e-6,0.39683947772657446,0.28866666666666657,0.541304347826087,Worsening
LEAOSSD,CHL_comp,36,-0.11278796250411818,0.3403109441922679,-0.012886904761904744,-0.034062499999999996,0.011550000000000013,Stable
LEAOSSD,PH_epi,35,-0.0406447026654444,0.7437043399154537,-0.0010000000000000675,-0.006666666666666672,0.003846153846153901,Stable
LEAOSSD,SECCHI_NVS,36,-0.44303140452661527,1.6017535001958797e-4,-0.0658125,-0.09,-0.03333333333333329,Worsening
LEAOSSD,TP_hypo,36,0.21179830764053023,0.07727236053472811,0.0411538461538462,0,0.125,Stable
LEAOSSD,TP_epi,36,-0.06780635036208103,0.5752893475952212,-0.011296296296296318,-0.08470588235294114,0.04999999999999982,Stable
