stationid,parameter,n,tau,mk_p,sen_slope,sen_ci_lower,sen_ci_upper,trend
CHEEPSD,SECCHI,66,-0.04213520548476012,0.6222343454597888,-0.002941176470588225,-0.01428571428571429,0.008250000000000002,Stable
CHEEPSD,TP_epi,64,0.07200230411059791,0.4070370555895405,0.012500000000000015,-0.022777777777777786,0.048148148148148176,Stable
CHEEPSD,SPCD_epi,65,0.29932641390324194,4.3819079228665184e-4,0.18916666666666662,0.09113636363636358,0.28049999999999997,Worsening
CHEEPSD,PH_epi,65,0.36675997554975853,1.763444556821872e-5,0.007136645962732913,0.00411764705882352,0.009999999999999995,Improving
CHEEPSD,TP_hypo,66,-0.031201332041663348,0.7186253820946347,-0.0020000000000000018,-0.03826086956521739,0.031034482758620703,Stable
CHEEPSD,CHL_comp,66,-0.2701821055311292,0.0013794913179577273,-0.03216216216216216,-0.04923076923076923,-0.012043478260869562,Improving
CHEEPSD,Year,66,0.9849686137959778,9.9044970364574e-31,0.34782608695652173,0.3333333333333333,0.35714285714285715,Stable
