parameter,non_na_n,tau,p.value,slope,trend,mean_value,percent_change
CHL_comp,37,-0.045045044273138046,0.7044743299484253,-0.008000000000000007,Improving,4.813062162162162,-0.16621435025069742
PH_epi,37,-0.05275093764066696,0.6564120650291443,-0.0018742017879948831,Worsening,6.819054054054054,-0.02748477682004347
SECCHI,38,0.23903879523277283,0.03773653507232666,0.011999999999999993,Improving,2.7732894736842106,0.43269915073302623
SPCD_epi,37,-0.05860257148742676,0.6191608309745789,-0.11894607843137178,Improving,65.2777027027027,-0.1822154786498745
TP_epi,37,0.042042042042042045,NA,NA,Worsening,10.84918918918919,NA
TP_hypo,23,-0.10276679841897234,NA,NA,Improving,12.233478260869566,NA
