stationid,parameter,n,tau,mk_p,sen_slope,sen_ci_lower,sen_ci_upper,trend
SPEGROVLAPD,SECCHI,29,0.1818296027663905,0.17604205943222734,0.027041666666666672,-0.006249999999999978,0.06083333333333337,Stable
SPEGROVLAPD,TP_epi,30,-0.08304547985373996,0.5321453666880495,-0.028571428571428553,-0.2124999999999999,0.07888888888888898,Stable
SPEGROVLAPD,SPCD_epi,30,-0.296551724137931,0.02239199298031523,-0.1,-0.1527272727272727,-0.01571428571428576,Improving
SPEGROVLAPD,PH_epi,30,-0.20650541329386365,0.11586985546614888,-0.009259259259259259,-0.021111111111111153,0.0018181818181818197,Stable
SPEGROVLAPD,TP_hypo,30,0.12456821978060995,0.34413510337692654,0.0999999999999999,-0.07500000000000018,0.34,Stable
SPEGROVLAPD,CHL_comp,30,-0.08505747126436781,0.5206932698330875,-0.0285714285714286,-0.1688235294117647,0.08999999999999996,Stable
SPEGROVLAPD,Year,30,0.9684683962230047,2.9000832459284335e-13,0.35714285714285715,0.3333333333333333,0.375,Stable
