parameter,non_na_n,MK,SEN,tau,p.value,slope,significant,slope_dir,trend,mean_value,percent_change
CHL_comp,38,,,-0.5675675868988037,5.626412757919752e-7,1,TRUE,increasing,Worsening,5.397071681388787,18.52856621208851
PH_epi,38,,,-0.058321479707956314,0.6150513291358948,1,FALSE,NA,Stable,6.808670450163872,14.687155257689582
SECCHI,38,,,0.3900356888771057,5.983114242553711e-4,1,TRUE,increasing,Improving,3.0484490728569678,32.803565882201625
SPCD_epi,38,,,0.43669986724853516,1.195669174194336e-4,1,TRUE,increasing,Worsening,146.48317510121458,0.6826722586461115
TP_epi,38,,,-0.04985760152339935,0.6690062284469604,1,FALSE,NA,Stable,13.539022556390977,7.3860575668216075
TP_hypo,38,,,0.03706352040171623,0.7532384395599365,1,FALSE,NA,Stable,22.88639868903027,4.36940740912336
