STATIONID,parameter,n,tau,mk_p,sen_slope,sen_ci_lower,sen_ci_upper,trend
BEADERD,SPCD_epi,33,0.25,0.04238012079505137,1.0872549019607844,0.11624999999999967,2.4,Worsening
BEADERD,CHL_comp,35,-0.23025210084033612,0.05343425282590421,-0.059857142857142866,-0.12555000000000005,0.0010869565217391072,Stable
BEADERD,PH_epi,33,0.08604599731488766,0.4948068342995246,0.0023494983277591664,-0.006470588235294137,0.011000000000000032,Stable
BEADERD,SECCHI_NVS,35,-0.3409817622973526,0.004460227350702753,-0.033333333333333326,-0.05249999999999999,-0.013636363636363629,Worsening
BEADERD,TP_hypo,34,0.1581363471533087,0.19663659353120214,0.2,-0.09130434782608686,0.48484848484848486,Stable
BEADERD,TP_epi,33,0.33784239489337214,0.006579702699205283,0.125,0.05555555555555555,0.2425,Worsening
