STATIONID,parameter,n,tau,mk_p,sen_slope,sen_ci_lower,sen_ci_upper,trend
MASENF1D,SPCD_epi,35,0.4225595213637791,3.8366213821585825e-4,0.5749999999999993,0.26666666666666666,0.8099999999999999,Worsening
MASENF1D,CHL_comp,35,-0.19578233352209343,0.10226121211300412,-0.024999999999999956,-0.05,0.003285714285714273,Stable
MASENF1D,PH_epi,35,0.09661363887437507,0.4259212327145646,0.002999999999999936,-0.0054545454545455,0.014375000000000027,Stable
MASENF1D,SECCHI_NVS,35,0.01533362170909529,0.9093636112021884,0,-0.023333333333333338,0.024999999999999994,Stable
MASENF1D,TP_hypo,35,0.045204062770661926,0.7209848619016708,0,-0.1,0.11764705882352941,Stable
MASENF1D,TP_epi,35,0.1012168385616075,0.4208363430928995,0,-0.041666666666666664,0.1,Stable
