stationid,parameter,n,tau,mk_p,sen_slope,sen_ci_lower,sen_ci_upper,trend
MLLEWASD,SECCHI,45,0.16523383210778048,0.11678749800750661,0.011111111111111113,-0.0020370370370370347,0.022499999999999985,Stable
MLLEWASD,TP_epi,42,0.06184431425083103,0.5728539230442538,0.07187500000000002,-0.2037037037037037,0.35217391304347817,Stable
MLLEWASD,SPCD_epi,44,0.21775898520084563,0.038132858564131004,0.44571428571428584,0.022222222222221748,0.865925925925926,Worsening
MLLEWASD,PH_epi,44,0.16021330628922645,0.1290943721768569,0.004423913043478283,-0.001499999999999968,0.01068965517241381,Stable
MLLEWASD,CHL_comp,44,0.06553911205073995,0.5372545134763996,0.022301136363636356,-0.058750000000000004,0.12399999999999997,Stable
MLLEWASD,Year,45,0.9785579990862869,1.5871012563946213e-20,0.375,0.35294117647058826,0.4,Stable
