parameter,non_na_n,tau,p.value,slope,trend,mean_value,percent_change
CHL_comp,89,-0.08248212461695607,0.2534651935680352,-0.016470600925385846,Stable,2.657023595505618,-0.6198891478888645
PH_epi,88,0.1538662486938349,0.0338844818072781,0.006428608298301787,Improving,6.5875,0.09758798175790188
SECCHI,90,0.14307116104868914,0.04592670767244078,0.021153840459883003,Improving,4.80075,0.4406361601808677
SPCD_epi,89,0.41419816138917265,9.009549106764325e-9,0.6493333494290717,Worsening,59.519438202247194,1.0909601451926267
TP_epi,88,0.046760710553814006,0.5182377965492235,0.006853111088276384,Stable,6.609659090909091,0.1036832761571945
TP_hypo,89,0.274514811031665,1.376327850965975e-4,0.1899999782443053,Worsening,13.693258426966292,1.3875439454946397
