stationid,parameter,n,tau,mk_p,sen_slope,sen_ci_lower,sen_ci_upper,trend
HALALTD,SECCHI,96,0.11246094965904041,0.11121700522021445,0.0037037037037037043,0,0.009080459770114943,Stable
HALALTD,TP_epi,87,-0.04761605698582294,0.5206815390750921,-0.005555555555555585,-0.028245614035087727,0.009393939393939382,Stable
HALALTD,SPCD_epi,89,0.6596832746778422,5.859812864057149e-20,0.4431813186813186,0.3888888888888889,0.49753086419753084,Worsening
HALALTD,PH_epi,89,0.07249519258059091,0.3191411948870999,8.392018779342854e-4,-9.090909090909098e-4,0.0025757575757575746,Stable
HALALTD,TP_hypo,87,0.18365927056844197,0.012492407061380386,0.07045454545454545,0.016000000000000014,0.14117647058823532,Worsening
HALALTD,CHL_comp,100,-0.046765972651189106,0.49331818370724306,-0.002869249394673124,-0.013497674418604652,0.006585365853658537,Stable
HALALTD,Year,101,0.9902494935146096,7.261673957180171e-48,0.38461538461538464,0.3764705882352941,0.3918918918918919,Stable
