stationid,parameter,n,tau,mk_p,sen_slope,sen_ci_lower,sen_ci_upper,trend
GILJAFD,SECCHI,107,-0.23962808490810805,2.77256832460378e-4,-0.014945652173913044,-0.022767857142857117,-0.007000000000000029,Worsening
GILJAFD,TP_epi,105,0.16279156744058096,0.015743808237664428,0.011516544117647083,0,0.024444444444444467,Worsening
GILJAFD,SPCD_epi,105,0.07788877255223683,0.24037865743497294,0.15124401913875613,-0.05565217391304353,0.34444444444444444,Stable
GILJAFD,PH_epi,106,0.2326832789258777,4.4055998780470694e-4,0.0034999999999999697,0.0017647058823529558,0.00510204081632653,Improving
GILJAFD,TP_hypo,105,0.0027923666462338504,0.969022941474996,0,-0.019047619047619063,0.019047619047619063,Stable
GILJAFD,CHL_comp,106,0.12959685930295317,0.049943334946029795,0.004358974358974363,0,0.009222222222222218,Worsening
GILJAFD,Year,107,0.9903430738815654,1.0314931554668389e-50,0.3333333333333333,0.3333333333333333,0.3333333333333333,Stable
