stationid,parameter,n,tau,mk_p,sen_slope,sen_ci_lower,sen_ci_upper,trend
ROCFITD,SECCHI,44,-0.09018629824227979,0.39534710304824267,-0.007781250000000006,-0.026428571428571423,0.011428571428571439,Stable
ROCFITD,TP_epi,45,-0.12099908390172508,0.24803183937667733,-0.031071428571428583,-0.09625,0.024062499999999987,Stable
ROCFITD,SPCD_epi,45,-0.0839657011233312,0.42239946033138503,-0.03495535714285719,-0.14058823529411768,0.055769230769230745,Stable
ROCFITD,PH_epi,45,0.3537782022825714,6.60438041590561e-4,0.014309523809523779,0.006818181818181834,0.02200000000000002,Improving
ROCFITD,TP_hypo,43,0.21165940806521774,0.04877847562491515,0.16086956521739126,0,0.2857142857142857,Worsening
ROCFITD,CHL_comp,44,0.06349209904096571,0.5506392281852084,0.018423076923076934,-0.040000000000000036,0.07399999999999998,Stable
ROCFITD,Year,45,0.9842189129898229,5.9544522850788114e-21,0.8285714285714286,0.7777777777777778,0.875,Stable
