stationid,parameter,n,tau,mk_p,sen_slope,sen_ci_lower,sen_ci_upper,trend
DORMAND,SECCHI,84,-0.13293907713846587,0.07765936993956613,-0.003075346784363179,-0.007037037037037035,0,Stable
DORMAND,TP_epi,83,0.1226159488018024,0.10411919903766464,0.05254237288135596,-0.0062499999999999405,0.11538461538461539,Stable
DORMAND,SPCD_epi,83,0.004117042724155488,0.9592241279919597,0.05357142857142857,-1.7884615384615385,2.018867924528302,Stable
DORMAND,PH_epi,83,-0.08833212036809011,0.2410333498513379,-0.0014545454545454397,-0.004390243902439018,0.0010714285714285485,Stable
DORMAND,TP_hypo,15,0.09569487529386911,0.6556471855286776,0.8000000000000002,-1.5,2.1666666666666665,Stable
DORMAND,CHL_comp,84,-0.0901004341253635,0.22659971489016761,-0.03166666666666668,-0.09368571428571429,0.018999999999999993,Stable
DORMAND,Year,85,0.9860369706877249,1.0984766851828215e-39,0.3181818181818182,0.3103448275862069,0.3275862068965517,Stable
