stationid,parameter,n,tau,mk_p,sen_slope,sen_ci_lower,sen_ci_upper,trend
ASHWASD,SECCHI,136,-0.047360060844344014,0.42197708635304904,-5.395962732919252e-4,-0.003389830508474579,0.0011363636363636374,Stable
ASHWASD,TP_epi,134,-0.06817043815273932,0.2522806308068123,-0.005479452054794526,-0.019200000000000002,0.0019607843137255006,Stable
ASHWASD,SPCD_epi,135,-0.2266891278186097,9.938209739975683e-5,-0.036986301369863,-0.05357142857142857,-0.01931818181818185,Improving
ASHWASD,PH_epi,133,0.3838447176417736,6.882005930946718e-11,0.005144957983193289,0.0036448598130841173,0.006500000000000006,Improving
ASHWASD,TP_hypo,133,0.05129298559564136,0.3883547765742474,0.0063397129186602945,-0.0090909090909091,0.027500000000000007,Stable
ASHWASD,CHL_comp,134,-0.11276468312563036,0.053698590507727365,-0.008875,-0.018648648648648646,1.0638297872340199e-4,Stable
ASHWASD,Year,138,0.9895251664353928,3.8797333023429205e-65,0.25806451612903225,0.2558139534883721,0.2608695652173913,Stable
