STATIONID,parameter,n,tau,mk_p,sen_slope,sen_ci_lower,sen_ci_upper,trend
TOMWRND,SPCD_epi,39,0.45374757136367955,5.061933719451365e-5,1.5523809523809522,0.9249999999999972,2.1036486486486483,Worsening
TOMWRND,CHL_comp,39,-0.2145748987854251,0.05596528635128482,-0.09714285714285714,-0.20785714285714282,0.0033333333333333214,Stable
TOMWRND,PH_epi,39,-0.16689526679903846,0.13974127492066776,-0.00470588235294118,-0.01095238095238093,0.002419354838709683,Stable
TOMWRND,SECCHI,12,0.35115526951766407,0.13049431559629937,0.07916666666666664,-0.03500000000000001,0.17500000000000004,Stable
TOMWRND,TP_hypo,39,0.05766119985520788,0.6189978429980575,0.01538461538461533,-0.07692307692307693,0.12666666666666668,Stable
TOMWRND,TP_epi,39,-0.01796075304218695,0.8841610169983134,0,-0.05999999999999996,0.05263157894736842,Stable
