stationid,parameter,n,tau,mk_p,sen_slope,sen_ci_lower,sen_ci_upper,trend
CAPSALD,SECCHI,44,0.13148877425245864,0.21649527946827873,0.008928571428571428,-0.0032258064516129063,0.02437499999999999,Stable
CAPSALD,TP_epi,43,0.23254264014205522,0.03009501001302836,0.10689655172413798,0.002941176470588277,0.2190476190476191,Worsening
CAPSALD,SPCD_epi,42,0.2352951153086548,0.029335000904138056,1.105263157894737,0.07407407407407407,2.146666666666667,Worsening
CAPSALD,PH_epi,42,0.22131891032746065,0.04141548286030373,0.006388888888888876,0,0.012857142857142836,Improving
CAPSALD,TP_hypo,43,0.18514423794886384,0.08230775294620188,0.29374999999999996,-0.024999999999999974,0.6571428571428571,Stable
CAPSALD,CHL_comp,43,-0.08314860985727418,0.43861982704763236,-0.02999999999999999,-0.12444444444444441,0.051379310344827595,Stable
CAPSALD,Year,44,0.9861621855642135,1.2828887466708899e-20,0.4583333333333333,0.42857142857142855,0.5,Stable
