parameter,non_na_n,tau,p.value,slope,significant,slope_dir,trend,mean_value,percent_change
CHL_comp,90,-0.06845599412918091,0.34298479557037354,-0.0022413793103448296,FALSE,NA,Stable,1.3371622222222221,-0.16762209349736895
PH_epi,90,-0.14907965064048767,0.03869462385773659,-0.0026229508196721333,TRUE,decreasing,Worsening,6.328666666666667,-0.04144555176981144
SECCHI,90,0.010039033368229866,0.8918470144271851,5.921189464667501e-16,FALSE,NA,Stable,8.562972222222223,6.914876413240147e-15
SPCD_epi,89,-0.1337083876132965,0.0643138438463211,-0.08412558685446,FALSE,NA,Stable,64.09966292134831,-0.13124185529288032
TP_epi,89,0.05040615424513817,0.5266257524490356,0,FALSE,NA,Stable,4.744831460674157,0
TP_hypo,90,0.10471852123737335,0.16616535186767578,0,FALSE,NA,Stable,5.2843333333333335,0
