parameter,non_na_n,tau,p.value,slope,trend,mean_value,percent_change
CHL_comp,80,-0.004752101842314005,0.9536139369010925,-3.722222222222265e-4,Improving,3.8077325,-0.009775429923772913
PH_epi,80,-0.06330610066652298,0.4105728268623352,-7.767722473604748e-4,Worsening,6.725125,-0.011550301999746842
SECCHI,81,-0.04071847349405289,0.5983092188835144,-0.0010600839077015275,Worsening,2.5681481481481483,-0.04127814466100554
SPCD_epi,80,0.07285401225090027,0.34136462211608887,0.018013739545997522,Worsening,44.066250000000004,0.040878766734173025
TP_epi,79,-0.03635183382018825,NA,NA,Improving,15.356329113924051,NA
TP_hypo,41,-0.09634146341463415,NA,NA,Improving,15.220975609756097,NA
