parameter,non_na_n,tau,p.value,slope,trend,mean_value,percent_change
CHL_comp,53,-0.21592183411121368,0.02315532974898815,-0.023333333333333355,Improving,3.4211037735849055,-0.6820410860814908
SPCD_epi,54,0.5055945515632629,1.1920928955078125e-7,0.22887500000000002,Worsening,44.557314814814816,0.5136642568144649
PH_epi,54,-0.18763473629951477,0.04708493500947952,-0.0035849056603773828,Worsening,6.696111111111112,-0.05353712925146677
TP_epi,54,-0.22748330235481262,0.017905473709106445,-0.04964285714285716,Improving,10.962592592592593,-0.45283865767665915
TP_hypo,40,-0.2538638710975647,0.02470986917614937,-0.11302521008403364,Improving,12.178749999999999,-0.9280526333493475
SECCHI,54,0.02780311368405819,0.7761616706848145,0,Stable,3.3628240740740742,0
