parameter,non_na_n,tau,p.value,slope,trend,mean_value,percent_change
CHL_comp,92,0.08342298865318298,0.24048614501953125,0.013040575243965066,Worsening,6.512905434782609,0.2002266941313319
PH_epi,91,0.1042175218462944,0.1468343734741211,0.0014545454545454558,Improving,6.730582417582418,0.02161098942560634
SECCHI,92,-0.07332760840654373,0.30499857664108276,-0.0020871212121212155,Worsening,2.0028985507246375,-0.10420503881068298
SPCD_epi,91,-0.025431005284190178,0.72398841381073,-0.056250000000000355,Improving,211.8876923076923,-0.026547082271450213
TP_epi,91,0.11282051282051282,NA,NA,Worsening,17.869230769230768,NA
TP_hypo,91,0.22661782661782662,NA,NA,Worsening,27.55824175824176,NA
