parameter,non_na_n,MK,SEN,tau,p.value,slope,significant,slope_dir,trend,mean_value,percent_change
CHL_comp,35,,,-0.10924369841814041,0.36340731382369995,1,FALSE,NA,Stable,4.020342571428571,24.873502250945354
PH_epi,35,,,0.07226891070604324,0.5508679151535034,1,FALSE,NA,Stable,6.829319047619048,14.642748318350082
SECCHI,35,,,0.26431015133857727,0.026700377464294434,1,TRUE,increasing,Improving,3.191729761904762,31.33097331533543
SPCD_epi,35,,,0.6773109436035156,0,1,TRUE,increasing,Worsening,172.84014285714287,0.5785692973110579
TP_epi,35,,,0.2021910399198532,0.09093582630157471,1,FALSE,NA,Stable,11.498000000000001,8.697164724299878
TP_hypo,35,,,0.08922571688890457,0.46013569831848145,1,FALSE,NA,Stable,21.003714285714285,4.761062669187763
