STATIONID,parameter,n,tau,mk_p,sen_slope,sen_ci_lower,sen_ci_upper,trend
SUNSUN030,CHL_comp,40,-0.0038585408471315465,0.981402168149558,0,-0.015624999999999986,0.015416666666666667,Stable
