parameter,non_na_n,tau,p.value,slope,trend,mean_value,percent_change
CHL_comp,25,0.12666665017604828,0.3875143527984619,0.0789732142857143,Stable,8.127308,0.9717019988133131
SPCD_epi,25,0.47999995946884155,8.385181427001953e-4,1.0997242647058822,Worsening,93.0576,1.1817672760804947
PH_epi,25,0.309780091047287,0.03327178955078125,0.013749999999999995,Improving,6.5472,0.21001344086021495
TP_epi,25,0.27509042620658875,0.060454368591308594,0.15,Stable,11.3172,1.3254161806807336
TP_hypo,24,0.23121173679828644,0.1231147050857544,0.19999999999999998,Stable,16.23375,1.232001232001232
SECCHI,25,-0.10702399909496307,0.4688206911087036,-0.01306818181818186,Stable,2.6692,-0.4895917060610618
