STATIONID,parameter,n,tau,mk_p,sen_slope,sen_ci_lower,sen_ci_upper,trend
MLNWASD,SPCD_epi,31,0.03225806451612904,0.8119200006410022,0.0259090909090906,-0.3060869565217391,0.29250000000000115,Stable
MLNWASD,CHL_comp,31,0.37459655717206125,0.003273606145447549,0.054722222222222214,0.030555555555555544,0.08355416666666667,Worsening
MLNWASD,PH_epi,31,0.42425136874910857,9.093188025959473e-4,0.017857142857142856,0.00866666666666666,0.027500000000000035,Improving
MLNWASD,SECCHI_NVS,31,-0.3512939192886241,0.005883305211181268,-0.060526315789473706,-0.09999999999999998,-0.022777777777777786,Worsening
MLNWASD,TP_hypo,31,0.14301603061186366,0.2685911248705607,0.04999999999999997,-0.036428571428571414,0.17600000000000007,Stable
MLNWASD,TP_epi,31,0.04504230332770205,0.7432245522759678,0,-0.0625,0.13181818181818175,Stable
