parameter,non_na_n,MK,SEN,tau,p.value,slope,significant,slope_dir,trend,mean_value,percent_change
CHL_comp,35,,,-0.008403361774981022,0.9546999335289001,1,FALSE,NA,Stable,2.8786,34.739109289237824
PH_epi,35,,,-0.0016892109997570515,1,1,FALSE,NA,Stable,6.985504761904762,14.315357788508996
SECCHI,35,,,-0.30756303668022156,0.009747492149472237,1,TRUE,increasing,Improving,5.154238095238095,19.401509622224893
SPCD_epi,35,,,0.13949580490589142,0.24421441555023193,1,FALSE,NA,Stable,56.90747619047619,1.7572383576682955
TP_epi,35,,,-0.11496397852897644,0.34097903966903687,1,FALSE,NA,Stable,7.721809523809524,12.950332391864725
TP_hypo,35,,,-0.09483764320611954,0.4342149496078491,1,FALSE,NA,Stable,15.854761904761904,6.307253341342545
