parameter,non_na_n,tau,p.value,slope,significant,slope_dir,trend,mean_value,percent_change
CHL_comp,49,0.066382996737957,0.5068333148956299,0.0067465156794425125,FALSE,increasing,Worsening (weak),3.500477551020408,0.19273129397661376
PH_epi,49,0.006849475204944611,0.9518499374389648,0,FALSE,NA,Stable,6.821632653061225,0
SECCHI,48,-0.019840601831674576,0.8515840172767639,0,FALSE,NA,Stable,2.6078645833333334,0
SPCD_epi,49,0.04508719593286514,0.653974175453186,0.08176885130373521,FALSE,increasing,Worsening (weak),70.32510204081633,0.11627263797822429
TP_epi,49,0.05804384499788284,0.5683668851852417,0.010818713450292455,FALSE,increasing,Worsening (weak),11.60204081632653,0.09324836571052424
TP_hypo,9,NA,NA,NA,FALSE,NA,Stable,11.666666666666666,NA
