STATIONID,parameter,n,tau,mk_p,sen_slope,sen_ci_lower,sen_ci_upper,trend
SKAHARD,SPCD_epi,37,0.025544710440316205,0.8342296644291487,0.03214285714285702,-0.14090909090909065,0.19259259259259243,Stable
SKAHARD,CHL_comp,37,0.010518410181306673,0.9374462390856259,0.0010714285714285697,-0.029230769230769223,0.028214285714285716,Stable
SKAHARD,PH_epi,37,0.13132258735540914,0.260395091926701,0.0032916666666666736,-0.0025000000000000946,0.008653846153846175,Stable
SKAHARD,SECCHI_NVS,37,-0.2313763525038362,0.04785681982495223,-0.013708333333333343,-0.024999999999999974,0,Worsening
SKAHARD,TP_hypo,37,-0.13841460871008746,0.2383108995461004,-0.054093567251461985,-0.14444444444444446,0.029166666666666636,Stable
SKAHARD,TP_epi,37,-0.2433498007432462,0.038113788416846456,-0.05881176470588233,-0.1111111111111111,0,Improving
