parameter,non_na_n,MK,SEN,tau,p.value,slope,significant,slope_dir,trend,mean_value,percent_change
CHL_comp,39,,,-0.2631579041481018,0.018935753032565117,1,TRUE,increasing,Worsening,3.327000854700855,30.057100784541706
PH_epi,39,,,0.033783815801143646,0.7715351581573486,1,FALSE,NA,Stable,6.540649572649572,15.289001327660287
SECCHI,39,,,0.11486496776342392,0.3094933032989502,1,FALSE,NA,Stable,4.941196581196581,20.23801286930049
SPCD_epi,39,,,0.7139001488685608,0,1,TRUE,increasing,Worsening,75.76867521367521,1.319806631407901
TP_epi,39,,,-0.0433313250541687,0.7075561285018921,1,FALSE,NA,Stable,8.155982905982906,12.260937909352894
TP_hypo,39,,,-0.060810867697000504,0.5944902896881104,1,FALSE,NA,Stable,14.667094017094017,6.817983158998864
