parameter,non_na_n,tau,p.value,slope,significant,slope_dir,trend,mean_value,percent_change
CHL_comp,100,0.04286293312907219,0.5297386646270752,0.0049127988748241865,FALSE,increasing,Worsening (weak),5.529281,0.08885059151134092
PH_epi,101,0.015745224431157112,0.8189069032669067,1.515151515151483e-4,FALSE,increasing,Improving (weak),6.168425742574257,0.0024563017832799064
SECCHI,101,-0.07060348987579346,0.30236220359802246,-0.001680790960451979,FALSE,decreasing,Worsening (weak),2.5073663366336634,-0.06703412006035676
SPCD_epi,100,0.069774530827999115,0.3055858612060547,0.013900966183574885,FALSE,increasing,Worsening (weak),28.8654,0.04815788516207946
TP_epi,98,0.03225534036755562,0.6465620994567871,0,FALSE,NA,Stable,11.663163265306123,0
TP_hypo,51,-0.1410665661096573,0.16106051206588745,-0.027777777777777776,FALSE,decreasing,Improving (weak),12.034313725490197,-0.23082145281737948
