parameter,non_na_n,tau,p.value,slope,trend,mean_value,percent_change
CHL_comp,30,-0.09885057806968689,0.45366233587265015,-0.03476190476190476,Stable,6.064333333333333,-0.5732188989485753
SPCD_epi,30,-0.3103448450565338,0.01681637018918991,-0.09285714285714265,Improving,14.995666666666667,-0.6192265067051103
PH_epi,30,-0.19258369505405426,0.1428820639848709,-0.007647058823529405,Stable,6.474,-0.11811953697141496
TP_epi,30,-0.07843184471130371,0.5558375120162964,-0.02999999999999936,Stable,10.050666666666666,-0.29848766250994324
TP_hypo,30,0.10150003433227539,0.4427659511566162,0.07222222222222226,Stable,18.25,0.39573820395738224
SECCHI,29,0.18182961642742157,0.1760420799255371,0.027041666666666672,Stable,4.6579310344827585,0.5805510314875137
