stationid,parameter,n,tau,mk_p,sen_slope,sen_ci_lower,sen_ci_upper,trend
ISLWASD,SECCHI,59,-0.176957790491527,0.04964364209769803,-0.017142857142857133,-0.03333333333333334,0,Worsening
ISLWASD,TP_epi,59,-0.12171707058204526,0.18911715993711287,-0.01571428571428571,-0.0625,0,Stable
ISLWASD,SPCD_epi,59,-0.022807021443696077,0.8037389507562959,-0.019024390243902466,-0.1388888888888889,0.11967741935483873,Stable
ISLWASD,PH_epi,59,0.1743795942111141,0.053546913520080085,0.004285714285714258,0,0.008095238095238091,Stable
ISLWASD,TP_hypo,59,0.30116754181888616,8.60336926542144e-4,0.05759999999999998,0.02627906976744186,0.09111111111111114,Worsening
ISLWASD,CHL_comp,59,0.1912281028740671,0.03300980589161185,0.0235,0.002499999999999991,0.04734693877551022,Worsening
ISLWASD,Year,59,0.9864659838770827,1.2250615341519133e-27,0.4,0.3783783783783784,0.42857142857142855,Stable
