parameter,non_na_n,tau,p.value,slope,significant,slope_dir,trend,mean_value,percent_change
CHL_comp,87,-0.0429360531270504,0.5598646998405457,-0.0031565217391304346,FALSE,decreasing,Improving (weak),3.5987919540229885,-0.08771059231700926
PH_epi,90,0.06389309465885162,0.3776787519454956,6.451612903225812e-4,FALSE,increasing,Improving (weak),6.781555555555555,0.009513470545766673
SECCHI,89,0.024516552686691284,0.7410799264907837,0,FALSE,NA,Stable,5.256308988764045,0
SPCD_epi,90,0.10503952205181122,0.14416706562042236,0.018918918918918996,FALSE,increasing,Worsening (weak),45.28777777777778,0.04177488904788414
TP_epi,89,0.16040559113025665,0.03275859355926514,0.015384615384615384,TRUE,increasing,Worsening (significant),6.830337078651685,0.22523947511609954
TP_hypo,88,0.0777747854590416,0.29759514331817627,0.014925373134328358,FALSE,increasing,Worsening (weak),11.769318181818182,0.1268159540234523
