parameter,non_na_n,tau,p.value,slope,trend,mean_value,percent_change
CHL_comp,75,-0.21713262796401978,0.005972391460090876,-0.04255813953488372,Improving,7.930172,-0.5366609896340675
SPCD_epi,74,0.3720844089984894,2.7418136596679688e-06,0.6406249999999982,Worsening,116.69824324324324,0.5489585637246429
PH_epi,74,0.08361261337995529,0.2957460880279541,0.001363636363636375,Stable,6.708581081081081,0.020326747894304744
TP_epi,74,-0.13947786390781403,0.08157901465892792,-0.06097560975609756,Stable,20.836486486486486,-0.2926386355763162
TP_hypo,32,-0.13307607173919678,0.298170804977417,-0.16666666666666666,Stable,25.625,-0.6504065040650406
SECCHI,71,-0.033105749636888504,0.6907219886779785,-2.0833333333334123e-4,Stable,1.8519295774647888,-0.011249527836719392
