parameter,non_na_n,tau,p.value,slope,significant,slope_dir,trend,mean_value,percent_change
CHL_comp,100,-0.04676596820354462,0.4933181405067444,-0.003173187571921752,FALSE,NA,Stable,4.008563,-0.07916022704200364
PH_epi,89,0.009768856689333916,0.8956365585327148,0,FALSE,NA,Stable,6.662022471910112,0
SECCHI,96,-0.009166798554360867,0.8990099430084229,0,FALSE,NA,Stable,4.0193359375,0
SPCD_epi,89,-0.13438940048217773,0.06280578672885895,-0.10722556894243643,FALSE,NA,Stable,57.7138202247191,-0.18578837534048942
TP_epi,87,-0.078999362885952,0.28550010919570923,-0.008000000000000007,FALSE,NA,Stable,9.536666666666667,-0.0838867528836072
TP_hypo,87,0.03931708633899689,0.5948209762573242,0.014285714285714285,FALSE,NA,Stable,18.23126436781609,0.07835832994080794
