stationid,parameter,n,tau,mk_p,sen_slope,sen_ci_lower,sen_ci_upper,trend
SUNLBRND,SECCHI,54,0.028516014400929535,0.7704342922575065,0,-0.006696428571428571,0.010833333333333339,Stable
SUNLBRND,TP_epi,54,-0.22891852679704414,0.01719311772170538,-0.04888888888888887,-0.10083333333333333,0,Improving
SUNLBRND,SPCD_epi,54,0.5083917326988593,6.075893123250665e-8,0.23333333333333428,0.16666666666666666,0.3055555555555556,Worsening
SUNLBRND,PH_epi,54,-0.18693197730416222,0.04792069730541015,-0.0035294117647059115,-0.007399999999999985,0,Worsening
SUNLBRND,TP_hypo,40,-0.2538638742979933,0.02470987057401221,-0.11357493857493858,-0.1903225806451613,0,Improving
SUNLBRND,CHL_comp,53,-0.21592183973353407,0.023155327451989782,-0.023846153846153843,-0.04,-0.003428571428571419,Improving
SUNLBRND,Year,54,0.9926353547950519,7.089234085782461e-26,0.6875,0.6190476190476191,0.75,Stable
