STATIONID,parameter,n,tau,mk_p,sen_slope,sen_ci_lower,sen_ci_upper,trend
MOUSUND,SPCD_epi,41,0.4200247331202095,1.1665989804800721e-4,1.247515527950311,0.7352941176470589,1.8888888888888888,Worsening
MOUSUND,CHL_comp,41,-0.15384626852658836,0.16026840520091654,-0.0201,-0.057499999999999996,0.010000000000000004,Stable
MOUSUND,PH_epi,41,-0.061237549758093715,0.5818864358447083,-0.0015384615384615228,-0.007499999999999999,0.003333333333333361,Stable
MOUSUND,SECCHI,20,0.02175069756285364,0.9216913528855852,0,-0.030000000000000013,0.03399999999999999,Stable
MOUSUND,TP_hypo,41,0.05407970829489868,0.6352922387916127,0,-0.06666666666666667,0.16666666666666666,Stable
MOUSUND,TP_epi,41,0.008968022866452268,0.9457236465430906,0,-0.05,0.05555555555555555,Stable
