parameter,non_na_n,tau,p.value,slope,significant,slope_dir,trend,mean_value,percent_change
CHL_comp,111,-0.0024610369000583887,0.9715374112129211,0,FALSE,NA,Stable,3.3394513513513515,0
PH_epi,110,0.060297027230262756,0.3549247980117798,5.479452054794526e-4,FALSE,increasing,Improving (weak),6.538463636363637,0.008380335747866789
SECCHI,110,0.027346014976501465,0.6772019863128662,4.0322580645161865e-4,FALSE,increasing,Improving (weak),4.933022727272728,0.008174010718060207
SPCD_epi,111,0.06735497713088989,0.29608798027038574,0.06390625000000005,FALSE,increasing,Worsening (weak),76.36828828828828,0.08368165822802737
TP_epi,111,0.07295544445514679,0.26373255252838135,0.006029411764705885,FALSE,increasing,Worsening (weak),8.12027027027027,0.0742513680459703
TP_hypo,111,0.07998491078615189,0.21892738342285156,0.014285714285714282,FALSE,increasing,Worsening (weak),14.494324324324324,0.09856074671752754
