parameter,non_na_n,tau,p.value,slope,trend,mean_value,percent_change
CHL_comp,106,0.11914259195327759,0.0715322494506836,0.004038461538461533,Stable,1.9948773584905661,0.20244159478140827
SPCD_epi,105,0.07532302290201187,0.2562599182128906,0.14312668463611883,Stable,134.5504761904762,0.10637397108390888
PH_epi,106,0.23954816162586212,2.9659271240234375e-4,0.0035897435897435928,Improving,6.50288679245283,0.05520230790285024
TP_epi,105,0.16518567502498627,0.014971733093261719,0.0073345439870863526,Worsening,6.815714285714286,0.10761225719891944
TP_hypo,105,3.723507688846439e-4,0.9977867603302002,0,Stable,11.626857142857142,0
SECCHI,107,-0.23679013550281525,3.274166665505618e-4,-0.014812500000000006,Worsening,8.016530373831776,-0.18477445115597887
