parameter,non_na_n,tau,p.value,slope,trend,mean_value,percent_change
CHL_comp,94,-0.15465568519789522,0.027273008604674187,-0.184583366736771,Improving,12.01661170212766,-1.536068330343808
PH_epi,93,0.13207106124357176,0.060849572169163535,0.008421038240194287,Stable,7.073118279569893,0.11905694076285629
SECCHI,95,-0.064501679731243,0.35539646824366855,-0.01091318130493161,Stable,2.6629736842105265,-0.40981183440297364
SPCD_epi,93,0.3655913978494624,2.0601542205511691e-7,18.4908447265625,Worsening,797.0806451612904,2.3198210668910235
TP_epi,93,-0.131369798971482,0.06209892752167967,-0.1428571343421936,Stable,20.461935483870967,-0.6981604181813599
TP_hypo,94,-0.17822008693662778,0.010937964955819446,-1.4768292903900146,Improving,94.32659574468084,-1.565655241483995
