parameter,non_na_n,MK,SEN,tau,p.value,slope,significant,slope_dir,trend,mean_value,percent_change
CHL_comp,31,,,-0.31182798743247986,0.014385749585926533,1.2307692307692308,TRUE,increasing,Worsening,8.311363978494624,14.808270146197483
PH_epi,31,,,0.14408603310585022,0.261962890625,1.2307692307692308,FALSE,NA,Stable,6.713521505376344,18.33269216138806
SECCHI,31,,,0,1,1.2307692307692308,FALSE,NA,Stable,1.8215268817204302,67.56799710838034
SPCD_epi,31,,,0.4236559271812439,8.643865585327148e-4,1.2307692307692308,TRUE,increasing,Worsening,116.06252688172043,1.0604363560199843
TP_epi,31,,,-0.20368951559066772,0.11344915628433228,1.2307692307692308,FALSE,NA,Stable,21.228494623655912,5.797722601572166
TP_hypo,14,,,-0.15469849109649658,0.4759989380836487,1.2307692307692308,FALSE,NA,Stable,26.297619047619047,4.6801546122505835
