STATIONID,parameter,n,tau,mk_p,sen_slope,sen_ci_lower,sen_ci_upper,trend
SUNUBRND,SPCD_epi,37,0.5304283991430365,4.141340267611497e-6,0.4161111111111102,0.28518518518518526,0.5792857142857137,Worsening
SUNUBRND,CHL_comp,36,-0.31111111111111117,0.007905618098276723,-0.0370486111111111,-0.0642090909090909,-0.010454545454545433,Improving
SUNUBRND,PH_epi,37,-0.08741584283177442,0.4557790334491561,-0.00269696969696971,-0.011000000000000032,0.003999999999999915,Stable
SUNUBRND,SECCHI,18,-0.13381594098395005,0.4686241800685289,-0.018750000000000006,-0.1,0.0285714285714286,Stable
SUNUBRND,TP_hypo,37,-0.1942446460427123,0.09621522075925656,-0.13333333333333325,-0.2739130434782609,0.00909090909090922,Stable
SUNUBRND,TP_epi,37,-0.12103220702193286,0.3009436385927478,-0.04999999999999999,-0.1535714285714286,0.04642857142857145,Stable
