STATIONID,parameter,n,tau,mk_p,sen_slope,sen_ci_lower,sen_ci_upper,trend
FORWCHD,SPCD_epi,35,-0.5870481470701259,7.708881104165956e-7,-0.9571428571428575,-1.3534375,-0.6466666666666671,Improving
FORWCHD,CHL_comp,35,-0.11596638655462185,0.3341956312100632,-0.05937500000000007,-0.20600000000000004,0.06193548387096774,Stable
FORWCHD,PH_epi,35,-0.15838298268064113,0.1864570509378998,-0.006666666666666672,-0.015833333333333366,0.0027777777777778173,Stable
FORWCHD,SECCHI_NVS,35,0.1646944537144693,0.17211153350442362,0.016666666666666607,-0.004838709677419352,0.039629629629629626,Stable
FORWCHD,TP_hypo,35,0.07413671529732138,0.5413012721536339,0.17941176470588238,-0.3172413793103449,0.6,Stable
FORWCHD,TP_epi,35,0.09160704061719921,0.45098964450534507,0.033333333333333215,-0.05333333333333338,0.12333333333333327,Stable
