parameter,non_na_n,MK,SEN,tau,p.value,slope,significant,slope_dir,trend,mean_value,percent_change
CHL_comp,18,,,0.12418300658464432,0.49536633491516113,1.0769230769230769,FALSE,NA,Stable,3.497933333333333,30.787410001803263
PH_epi,18,,,0.26229649782180786,0.13932979106903076,1.0769230769230769,FALSE,NA,Stable,6.829722222222222,15.7681826856594
SECCHI,18,,,-0.03934447467327118,0.8496817350387573,1.0769230769230769,FALSE,NA,Stable,2.5812962962962964,41.72024259548472
SPCD_epi,18,,,0.1764705926179886,0.32471227645874023,1.0769230769230769,FALSE,NA,Stable,72.05981481481481,1.4944849354534724
TP_epi,18,,,0.23763538897037506,0.18398594856262207,1.0769230769230769,FALSE,NA,Stable,11.416666666666666,9.432902863559796
TP_hypo,5,,,NA,NA,NA,FALSE,NA,Stable,11.266666666666666,NA
