parameter,non_na_n,tau,p.value,slope,trend,mean_value,percent_change
CHL_comp,127,-0.2129201889038086,4.2926621972583234e-4,-0.005529411764705884,Improving,1.7512992125984252,-0.3157319848560786
SPCD_epi,3,NA,NA,NA,insufficient data,104.23333333333333,NA
PH_epi,3,NA,NA,NA,insufficient data,6.69,NA
TP_epi,3,NA,NA,NA,insufficient data,13.666666666666666,NA
TP_hypo,1,NA,NA,NA,insufficient data,13,NA
SECCHI,132,0.13255226612091064,0.026549100875854492,0.005128205128205129,Improving,7.891060606060606,0.0649875268258172
