parameter,non_na_n,MK,SEN,tau,p.value,slope,significant,slope_dir,trend,mean_value,percent_change
CHL_comp,34,,,-0.06951871514320374,0.5732110142707825,1,FALSE,NA,Stable,2.173418137254902,46.01047460030092
PH_epi,34,,,0.02864845283329487,0.8239206075668335,1,FALSE,NA,Stable,6.9074341736694675,14.477155697146014
SECCHI,34,,,0.4353257417678833,3.148317337036133e-4,1,TRUE,increasing,Improving,6.983875,14.318698430312685
SPCD_epi,34,,,0.6851028203964233,0,1,TRUE,increasing,Worsening,101.81243697478992,0.9821982752928436
TP_epi,34,,,-0.03946265950798988,0.755362868309021,1,FALSE,NA,Stable,5.4482808123249296,18.35441370308651
TP_hypo,34,,,0.1803574413061142,0.13813543319702148,1,FALSE,NA,Stable,14.055644257703081,7.11457960706396
