parameter,non_na_n,tau,p.value,slope,trend,mean_value,percent_change
CHL_comp,44,0.03493916615843773,0.7461605072021484,0.004249249249249253,Worsening,2.8347272727272728,0.14989975544141423
PH_epi,43,0.015546977519989014,0.8917520046234131,8.695652173912858e-4,Improving,6.348488372093024,0.013697201072522406
SECCHI,43,-0.06862492859363556,0.529058575630188,-0.0032000000000000028,Worsening,4.184383720930232,-0.07647482194316083
SPCD_epi,43,0.08199446648359299,0.44485676288604736,0.01453124999999994,Worsening,16.57453488372093,0.08767214345346215
TP_epi,44,0.2864693446088795,NA,NA,Worsening,7.355,NA
TP_hypo,39,0.08097165991902834,NA,NA,Worsening,8.068717948717948,NA
