parameter,non_na_n,tau,p.value,slope,significant,slope_dir,trend,mean_value,percent_change
CHL_comp,44,0.0637628585100174,0.5504215955734253,0.007184750733137836,FALSE,increasing,Worsening (weak),3.699772727272727,0.1941943806487283
PH_epi,45,0.2244829386472702,0.031299471855163574,0.005255754475703324,TRUE,increasing,Improving (significant),6.670888888888888,0.07878641907013877
SECCHI,44,-0.12625613808631897,0.24544966220855713,-0.00895721925133688,FALSE,decreasing,Worsening (weak),5.096590909090909,-0.17574922945766902
SPCD_epi,45,0.15165835618972778,0.1473221778869629,0.028919860627177725,FALSE,increasing,Worsening (weak),32.49166666666667,0.08900700885512508
TP_epi,45,-0.056338097900152206,0.6023467779159546,0,FALSE,NA,Stable,9.6,0
TP_hypo,45,0.15873414278030396,0.14154958724975586,0.05,FALSE,increasing,Worsening (weak),10.633333333333333,0.4702194357366771
