parameter,non_na_n,tau,p.value,slope,trend,mean_value,percent_change
CHL_comp,85,0.013174494728446007,0.8613941669464111,0.0027735042735042782,Stable,5.9916776470588236,0.04628927717541226
SPCD_epi,87,0.24129661917686462,9.676218032836914e-4,0.08947368421052647,Worsening,41.182988505747126,0.21725884268462042
PH_epi,87,0.04164481908082962,0.5722458362579346,7.692307692307699e-4,Stable,6.472183908045977,0.011885180955295335
TP_epi,86,0.02717561647295952,0.7170155048370361,2.3255813953487877e-4,Stable,11.441046511627906,0.0020326649253503376
TP_hypo,86,0.07113683223724365,0.3391761779785156,0.016216216216216207,Stable,13.828720930232558,0.11726475859935874
SECCHI,86,-0.09993501752614975,0.1778586059808731,-0.0029850746268656678,Stable,3.500843023255814,-0.08526730867496947
