parameter,non_na_n,tau,p.value,slope,trend,mean_value,percent_change
CHL_comp,47,0.009263557381927967,0.9342137575149536,0.0023939393939393858,Worsening,6.619776595744681,0.03616344689756231
PH_epi,47,0.08085589855909348,0.4300915002822876,0.0021428571428571607,Improving,6.1668085106382975,0.03474823547967381
SECCHI,47,-0.0066050696186721325,0.9560006856918335,0,Worsening,3.1601063829787233,0
SPCD_epi,47,-0.07899714261293411,0.44089341163635254,-0.00952380952380949,Improving,18.939148936170213,-0.050286364798688525
TP_epi,47,-0.3515263644773358,NA,NA,Improving,9.761702127659575,NA
TP_hypo,46,-0.2531400966183575,NA,NA,Improving,20.32608695652174,NA
