STATIONID,parameter,n,tau,mk_p,sen_slope,sen_ci_lower,sen_ci_upper,trend
WAUMERWD,SPCD_epi,34,0.6815346155086262,1.6163407201691655e-8,2.011875,1.573333333333333,2.4299999999999997,Worsening
WAUMERWD,CHL_comp,34,-0.1304741060730468,0.28565046880971606,-0.010000000000000009,-0.03000000000000001,0.00909090909090906,Stable
WAUMERWD,PH_epi,34,-0.014350058581430989,0.9172815350518517,-3.8461538461537643e-4,-0.009047619047619066,0.004210526315789477,Stable
WAUMERWD,SECCHI_NVS,34,0.29982819817795187,0.01377013713599775,0.039999999999999994,0.011612903225806461,0.07200000000000001,Improving
WAUMERWD,TP_hypo,34,0.16291520864911688,0.1858628449968389,0.05823529411764707,-0.03888888888888885,0.16666666666666666,Stable
WAUMERWD,TP_epi,33,0.20080962350304335,0.10904992398035138,0.0238798701298701,-0.005882352941176502,0.08000000000000007,Stable
