parameter,non_na_n,MK,SEN,tau,p.value,slope,significant,slope_dir,trend,mean_value,percent_change
CHL_comp,23,,,-0.23320159316062927,0.1255701631307602,1,FALSE,NA,Stable,2.151954347826087,46.469387280924614
PH_epi,23,,,0.019841425120830536,0.9158079624176025,1,FALSE,NA,Stable,6.594876811594204,15.163285510381904
SECCHI,23,,,-0.07128727436065674,0.6533346772193909,1,FALSE,NA,Stable,4.048440217391304,24.700871108438164
SPCD_epi,23,,,0.35177868604660034,0.020119071006774902,1,TRUE,increasing,Worsening,46.97184782608696,2.1289347689758666
TP_epi,23,,,-0.035714566707611084,0.8325508236885071,1,FALSE,NA,Stable,6.828130434782607,14.645297267696936
TP_hypo,23,,,0.3960403800010681,0.008908390998840332,1,TRUE,increasing,Worsening,9.245398550724637,10.816191368209019
