stationid,parameter,n,tau,mk_p,sen_slope,sen_ci_lower,sen_ci_upper,trend
CLEHOPD,SECCHI,120,0.17102863149983344,0.006206853980979728,0.0049999999999999906,9.574468085106368e-4,0.00847826086956523,Improving
CLEHOPD,TP_epi,122,-0.05680638607966381,0.36026858889433466,-0.005308641975308639,-0.019066666666666662,0.005445544554455435,Stable
CLEHOPD,SPCD_epi,122,0.40730247979875284,3.153912956015573e-11,0.07926829268292683,0.05929203539823005,0.09999999999999998,Worsening
CLEHOPD,PH_epi,121,-0.1139351431789568,0.06548617916541122,-0.0014285714285714214,-0.0030645161290322642,0,Stable
CLEHOPD,TP_hypo,121,-0.09717520958894756,0.11765297438845439,-0.022222222222222213,-0.055781250000000004,0.0037974683544303436,Stable
CLEHOPD,CHL_comp,121,0.06594020559192602,0.2852108073918639,0.005823304904051173,-0.004347826086956521,0.017387387387387383,Stable
CLEHOPD,Year,124,0.988260491391846,2.813783402885542e-58,0.2978723404255319,0.2916666666666667,0.30357142857142855,Stable
