parameter,non_na_n,tau,p.value,slope,trend,mean_value,percent_change
CHL_comp,76,0.15660116076469421,0.045951008796691895,0.028762755102040814,Worsening,6.8976578947368425,0.4169930654865881
SPCD_epi,75,-0.12046893686056137,0.12767890095710754,-0.07209302325581399,Stable,58.64626666666667,-0.12292858071524981
PH_epi,75,0.2772971987724304,4.571676254272461e-4,0.005090909090909096,Improving,6.603253333333333,0.07709698286464495
TP_epi,74,0.4434245824813843,0,0.10500000000000001,Worsening,13.386756756756757,0.7843572712038926
TP_hypo,38,0.2014850527048111,0.08176684379577637,0.10434782608695654,Stable,14.705263157894736,0.7095950950795185
SECCHI,76,-0.27444297075271606,4.826716030947864e-4,-0.010849358974358975,Worsening,2.636586842105263,-0.41149257066366807
