parameter,non_na_n,tau,p.value,slope,trend,mean_value,percent_change
CHL_comp,115,-0.12388202548027039,0.0505022257566452,-0.0030882352941176464,Stable,1.9430947826086957,-0.15893384727077214
SPCD_epi,114,0.5908600687980652,0,0.3600000000000001,Worsening,123.87070175438596,0.29062562405904296
PH_epi,116,0.05097358673810959,0.4211965799331665,5.128205128205133e-4,Stable,6.9862068965517246,0.007340471308881975
TP_epi,116,0.05366777628660202,0.42174577713012695,0,Stable,6.747758620689655,0
TP_hypo,117,0.13375110924243927,0.033736586570739746,0.047619047619047616,Worsening,19.41119658119658,0.24531742502250314
SECCHI,115,-0.07161159068346024,0.2607678174972534,-0.0038461538461538464,Stable,8.62154347826087,-0.044610966190124564
