parameter,non_na_n,tau,p.value,slope,trend,mean_value,percent_change
CHL_comp,53,-0.042831216007471085,0.6563820242881775,-0.011483516483516486,Stable,6.983098113207547,-0.16444730257759133
PH_epi,53,-0.0036456843372434378,0.9755121469497681,0,Stable,6.699056603773585,0
SECCHI,50,-0.05185361206531525,0.6037124395370483,-0.0016666666666666707,Stable,2.15595,-0.0773054415300295
SPCD_epi,53,-0.017429199069738388,0.8599510192871094,-0.016500000000000743,Stable,80.13792452830188,-0.020589502532191894
TP_epi,53,0.15965166908563136,0.0922206565512429,0.10000005345791446,Stable,14.66132075471698,0.6820671556874676
TP_hypo,29,-0.1354679802955665,0.306424925358175,-0.1684570312499984,Stable,15.613793103448275,-1.0788988308855905
