parameter,non_na_n,MK,SEN,tau,p.value,slope,significant,slope_dir,trend,mean_value,percent_change
CHL_comp,37,,,-0.23157919943332672,0.04534810036420822,1.0526315789473684,TRUE,increasing,Worsening,3.288563063063063,32.00886097549599
PH_epi,37,,,-0.10082793980836868,0.38790231943130493,1.0526315789473684,FALSE,NA,Stable,6.672702702702703,15.7751907412421
SECCHI,37,,,-0.019652757793664932,0.8751775026321411,1.0526315789473684,FALSE,NA,Stable,3.3880855855855856,31.06862422324066
SPCD_epi,37,,,0.5255255103111267,5.0067901611328125e-6,1.0526315789473684,TRUE,increasing,Worsening,45.97752252252252,2.2894482373027536
TP_epi,37,,,-0.1986449658870697,0.08863642811775208,1.0526315789473684,FALSE,NA,Stable,10.643603603603603,9.889804413525688
TP_hypo,25,,,-0.24706757068634033,0.09161608666181564,1.0526315789473684,FALSE,NA,Stable,11.692666666666666,9.002493690752338
