stationid,parameter,n,tau,mk_p,sen_slope,sen_ci_lower,sen_ci_upper,trend
SUNMIDD,SECCHI,41,-0.25815206368769966,0.018778588366186563,-0.016666666666666656,-0.028977272727272727,-0.002403846153846154,Worsening
SUNMIDD,TP_epi,41,0.18298818198204933,0.09950525524226192,0.05130645161290325,0,0.1294117647058823,Stable
SUNMIDD,SPCD_epi,41,0.6284320876827725,7.76045532077734e-9,1.4633689839572193,1.1352941176470586,1.8470588235294116,Worsening
SUNMIDD,PH_epi,41,0.23147793808559422,0.034632767604761944,0.00782516891891892,8.333333333333402e-4,0.014444444444444466,Improving
SUNMIDD,TP_hypo,24,0.007409237074573118,0.9800963777652432,0,-0.16666666666666666,0.1642857142857142,Stable
SUNMIDD,CHL_comp,41,0.1902439024390244,0.0816922715583521,0.06251098901098895,-0.005944444444444456,0.13653846153846153,Stable
SUNMIDD,Year,41,0.9883467348520372,2.293740036131107e-19,0.7647058823529411,0.7272727272727273,0.8,Stable
