parameter,non_na_n,tau,p.value,slope,trend,mean_value,percent_change
CHL_comp,87,-0.0429360531270504,0.5598646998405457,-0.0031565217391304346,Stable,3.5987919540229885,-0.08771059231700926
PH_epi,90,0.06389309465885162,0.3776787519454956,6.451612903225812e-4,Stable,6.781555555555555,0.009513470545766673
SECCHI,89,0.024516552686691284,0.7410799264907837,0,Stable,5.256308988764045,0
SPCD_epi,90,0.10503952205181122,0.14416706562042236,0.018918918918918996,Stable,45.28777777777778,0.04177488904788414
TP_epi,89,0.015066394279877425,0.8357382472621522,8.944422006607055e-8,Stable,7.11123595505618,1.2577872627398134e-6
TP_hypo,88,0.008098223615464995,0.9135030602058374,5.587935447692871e-9,Stable,11.797727272727272,4.736450774388101e-8
