parameter,non_na_n,MK,SEN,tau,p.value,slope,significant,slope_dir,trend,mean_value,percent_change
CHL_comp,37,,,-0.3333333432674408,0.0038471175357699394,1,TRUE,increasing,Worsening,4.704279954954955,21.25723829311462
PH_epi,37,,,-0.1174704059958458,0.31373363733291626,1,FALSE,NA,Stable,6.928828828828829,14.432453517097906
SECCHI,37,,,0.1438354104757309,0.21835100650787354,1,FALSE,NA,Stable,2.7937612612612615,35.79403916383834
SPCD_epi,37,,,0.6366366147994995,0,1,TRUE,increasing,Worsening,168.2218018018018,0.5944532690109904
TP_epi,37,,,-0.0200535636395216,0.8746866583824158,1,FALSE,NA,Stable,9.207297297297298,10.860950479936594
TP_hypo,35,,,-0.06479793787002563,0.5983692407608032,1,FALSE,NA,Stable,14.148,7.068136839129206
