parameter,non_na_n,MK,SEN,tau,p.value,slope,significant,slope_dir,trend,mean_value,percent_change
CHL_comp,12,,,0.1818181574344635,0.4506702423095703,1,FALSE,NA,Stable,31.783247222222222,3.1463116182188577
PH_epi,10,,,-0.06666667014360428,0.8580276370048523,1,FALSE,NA,Stable,6.9908,14.304514504777707
SECCHI,12,,,0.1515151411294937,0.5371338129043579,1,FALSE,NA,Stable,1.32309375,75.58043411511845
SPCD_epi,10,,,0.5111111402511597,0.04909801483154297,1,TRUE,increasing,Worsening,103.80633333333333,0.9633323592972812
TP_epi,10,,,0.06666667014360428,0.8580276966094971,1,FALSE,NA,Stable,25.151666666666667,3.9758796633755216
TP_hypo,10,,,0.1111111119389534,0.7205147743225098,1,FALSE,NA,Stable,54.861666666666665,1.8227663517331472
