parameter,non_na_n,tau,p.value,slope,trend,mean_value,percent_change
CHL_comp,94,-0.06486373394727707,0.3569546937942505,-0.005757575757575756,Stable,3.434218085106383,-0.16765317795469595
SPCD_epi,92,-0.04167679324746132,0.5595037341117859,-0.005244791666666663,Stable,25.108152173913044,-0.020888799901873763
PH_epi,92,0.1047084853053093,0.14220762252807617,0.0011803405572755458,Stable,6.638152173913044,0.017781161479155445
TP_epi,94,-0.13242337107658386,0.06515678018331528,-0.018518518518518517,Stable,8.92691489361702,-0.2074458952415884
TP_hypo,94,-0.07851332426071167,0.27034980058670044,-0.022972972972973012,Stable,16.40776595744681,-0.14001280267254498
SECCHI,93,-0.06706821918487549,0.3457157015800476,-0.0029755881608904628,Stable,3.9172043010752686,-0.07596203649816444
