parameter,non_na_n,tau,p.value,slope,trend,mean_value,percent_change
CHL_comp,41,0.1756097376346588,0.10823714733123779,0.058321678321678325,Stable,6.40290243902439,0.9108631417873797
SPCD_epi,41,0.6137889623641968,0,1.4849239130434784,Worsening,71.45792682926829,2.078039454728865
PH_epi,41,0.2216799110174179,0.04310131072998047,0.007500000000000034,Improving,6.6623170731707315,0.1125734473101358
TP_epi,41,0.17302964627742767,0.11947131156921387,0.049242424242424226,Stable,9.90609756097561,0.4970920580916886
TP_hypo,24,0.014818474650382996,0.9403386116027832,0,Stable,10.385416666666666,0
SECCHI,41,-0.23971262574195862,0.029165348038077354,-0.014919354838709677,Worsening,2.5039634146341463,-0.5958295856686685
