parameter,non_na_n,tau,p.value,slope,trend,mean_value,percent_change
CHL_comp,43,-0.0354570671916008,0.7456005811691284,-0.004913043478260869,Improving,2.347620930232558,-0.2092775462593178
PH_epi,43,0.18353907763957977,0.08595287799835205,0.007000000000000029,Improving,7.30953488372093,0.09576532722471484
SECCHI,42,-0.004670233465731144,0.9740488529205322,0,Worsening,5.906642857142857,0
SPCD_epi,63,0.1523861587047577,0.07911062240600586,0.5999999999999943,Worsening,353.6190476190476,0.169674117963909
TP_epi,43,0.23809523809523808,NA,NA,Worsening,8.434651162790697,NA
TP_hypo,43,0.292358803986711,NA,NA,Worsening,17.152093023255816,NA
