parameter,non_na_n,tau,p.value,slope,significant,slope_dir,trend,mean_value,percent_change
CHL_comp,107,0.053152091801166534,0.4192976951599121,0.0028000000000000026,FALSE,increasing,Worsening (weak),2.9345102803738317,0.09541626140233887
PH_epi,109,-0.08315003663301468,0.20389670133590698,-8.842144452717794e-4,FALSE,decreasing,Worsening (weak),7.149669724770642,-0.012367206868428382
SECCHI,108,-0.05242248252034187,0.42697006464004517,-0.0020080645161290288,FALSE,decreasing,Worsening (weak),5.082858796296296,-0.03950659651596531
SPCD_epi,108,-0.006927608046680689,0.917533278465271,-0.0038198694410444575,FALSE,decreasing,Improving (weak),66.51611111111112,-0.0057427732578406426
TP_epi,107,-0.04074335843324661,0.5406760573387146,-0.002083333333333326,FALSE,decreasing,Improving (weak),7.542056074766355,-0.02762288310615438
TP_hypo,105,-0.13970181345939636,0.03711037337779999,-0.02594997594997594,TRUE,decreasing,Improving (significant),12.598952380952381,-0.20596931526789633
