stationid,parameter,n,tau,mk_p,sen_slope,sen_ci_lower,sen_ci_upper,trend
GRTKINND,SECCHI,115,0.17934663857959662,0.005040735919190378,0.0047169811320754715,0.0012037037037037027,0.008152173913043478,Improving
GRTKINND,TP_epi,115,0.22395119651912543,4.69614563717495e-4,0.034666666666666665,0.01521739130434783,0.05357142857142857,Worsening
GRTKINND,SPCD_epi,118,0.582560231266403,9.920018802212257e-21,0.7756097560975606,0.6750000000000002,0.8719999999999999,Worsening
GRTKINND,PH_epi,117,0.1378019356572822,0.028909141590147052,0.001313632441760129,0,0.0024324324324324284,Improving
GRTKINND,TP_hypo,116,-0.01643448809165346,0.7965800566307437,-0.004390048154093095,-0.06326530612244897,0.04578313253012049,Stable
GRTKINND,CHL_comp,114,-0.14746334341931627,0.020253432811555,-0.008518518518518517,-0.015925925925925916,-0.0014634146341463428,Improving
GRTKINND,Year,118,0.9870962335856491,3.1677451623752427e-55,0.2653061224489796,0.2608695652173913,0.2692307692307692,Stable
