parameter,non_na_n,tau,p.value,slope,significant,slope_dir,trend,mean_value,percent_change
CHL_comp,25,0.006666665896773338,0.9813671112060547,0.002777777777777786,FALSE,NA,Stable,4.29038,0.06474432982108314
PH_epi,25,0,1,0,FALSE,NA,Stable,6.6156,0
SECCHI,25,-0.03005012311041355,0.8517463207244873,-0.005625000000000007,FALSE,NA,Stable,4.2658000000000005,-0.13186272211542985
SPCD_epi,25,-0.07011695206165314,0.6403375864028931,-0.12051470588235269,FALSE,NA,Stable,51.2636,-0.2350882612269772
TP_epi,24,-0.05464562773704529,0.7281537055969238,-0.01837500000000003,FALSE,NA,Stable,8.6970833333333335,-0.21127772720739746
TP_hypo,24,0.05090942978858948,0.74695587158203125,0.10333333333333333,FALSE,NA,Stable,16.962083333333332,0.6092018963865484
