parameter,non_na_n,tau,p.value,slope,significant,slope_dir,trend,mean_value,percent_change
CHL_comp,74,0.06483884900808334,0.41676437854766846,0.007049180327868848,FALSE,increasing,Worsening (weak),4.954818918918919,0.14226918164361277
PH_epi,75,0.16205579042434692,0.040836453437805176,0.003488372093023264,TRUE,increasing,Improving (significant),6.329106666666667,0.05511634226984004
SECCHI,75,0.11548645794391632,0.15120255947113037,0.003225806451612892,FALSE,increasing,Improving (weak),2.915966666666667,0.11062562849185147
SPCD_epi,75,-0.027451762929558754,0.7315038442611694,-0.006896551724137907,FALSE,decreasing,Improving (weak),27.838266666666666,-0.024773639130326267
TP_epi,75,-0.041771698743104935,0.6045923829078674,-0.0034693877551020395,FALSE,decreasing,Improving (weak),11.192266666666667,-0.030998079820906455
TP_hypo,76,0.040415048599243164,0.6147563457489014,0.0026480836236934175,FALSE,increasing,Worsening (weak),15.085526315789474,0.017553803349385062
