parameter,non_na_n,tau,p.value,slope,significant,slope_dir,trend,mean_value,percent_change
CHL_comp,19,0.14159847795963287,0.4201565980911255,0.0050000000000000044,FALSE,NA,Stable,0.5270578947368421,0.9486623860356906
PH_epi,20,0.11081832647323608,0.5161912441253662,0.008819444444444467,FALSE,NA,Stable,6.55745,0.13449503152055245
SECCHI,20,-0.10526315122842789,0.5376031994819641,-0.020267857142857157,FALSE,NA,Stable,10.711875,-0.18920923874538453
SPCD_epi,20,-0.2796843349933624,0.09141284972429276,-0.16000000000000014,FALSE,NA,Stable,17.272,-0.9263547938860592
TP_epi,19,-0.14419683814048767,0.5228166580200195,0,FALSE,NA,Stable,2.647894736842105,0
TP_hypo,19,-0.12686921656131744,0.5151425004005432,0,FALSE,NA,Stable,3.7405263157894737,0
