STATIONID,PARAMETER,n,tau,mk_p,sen_slope,sen_ci_lower,sen_ci_upper,TREND
PAWNOTND,SPCD_epi,38,0.1254457607674872,0.27394834943319923,0.10000000000000142,-0.06461538461538432,0.2633333333333333,Stable
PAWNOTND,CHL_comp,38,0.29893246005812946,0.008595525426650834,0.05720588235294118,0.018461538461538442,0.10384615384615385,Worsening
PAWNOTND,PH_epi,38,0.1293168853708698,0.26252829248060444,0.0028124999999999956,-0.001999999999999977,0.00826086956521737,Stable
PAWNOTND,SECCHI_NVS,34,-0.3647255351524368,0.003063860960401138,-0.016666666666666656,-0.02631578947368421,-0.008043478260869567,Worsening
PAWNOTND,TP_epi,38,0.44787799390472444,1.1558464912414327e-4,0.15161290322580642,0.08076923076923076,0.20833333333333334,Worsening
PAWNOTND,TP_hypo,38,0.23252591071806492,0.04162072148093922,0.5238095238095238,0.04444444444444429,1.2,Worsening
