STATIONID,parameter,n,tau,mk_p,sen_slope,sen_ci_lower,sen_ci_upper,trend
ROCFITD,SPCD_epi,27,-0.10541310541310543,0.45296039168917024,-0.08181818181818169,-0.29499999999999993,0.12555555555555545,Stable
ROCFITD,CHL_comp,27,0.2085722798885941,0.133192624431238,0.08333333333333333,-0.01566666666666657,0.1424285714285714,Stable
ROCFITD,PH_epi,27,0.3462120584309843,0.012305455841214554,0.02333333333333331,0.00714285714285716,0.038999999999999965,Improving
ROCFITD,SECCHI,19,-0.417654284738715,0.014206740415506009,-0.07166666666666661,-0.12687499999999996,-0.012499999999999956,Worsening
ROCFITD,TP_hypo,26,0.38450767722654616,0.00663057232865066,0.29473684210526313,0.08999999999999998,0.4571428571428573,Worsening
ROCFITD,TP_epi,27,-0.0686701603499473,0.6313754421602836,-0.010454545454545473,-0.08888888888888896,0.05999999999999996,Stable
