STATIONID,parameter,n,tau,mk_p,sen_slope,sen_ci_lower,sen_ci_upper,trend
POORIND,SPCD_epi,32,0.4556451612903226,2.6356866715208634e-4,2.340282131661442,1.171875,3.654545454545456,Worsening
POORIND,CHL_comp,32,0.03225806451612904,0.8078142165841911,0.011716666666666653,-0.08249999999999999,0.08666666666666667,Stable
POORIND,PH_epi,32,0.15353566684179878,0.22377397341957042,0.004504830917874388,-0.002826086956521756,0.011249999999999982,Stable
POORIND,SECCHI_NVS,32,-0.2863279067632193,0.023893082954041543,-0.020833333333333332,-0.03928571428571427,-0.0017857142857142794,Worsening
POORIND,TP_hypo,17,0.23225046480348946,0.21458554208081415,0.2,-0.16666666666666666,0.5714285714285714,Stable
POORIND,TP_epi,32,0.307418360523728,0.015363336734456074,0.16049783549783547,0.03387096774193551,0.30833333333333335,Worsening
