parameter,non_na_n,tau,p.value,slope,trend,mean_value,percent_change
CHL_comp,67,-0.09551837295293808,0.255748450756073,-0.01825000000000001,Improving,5.968564179104478,-0.30576868158496096
PH_epi,70,-0.10199982672929764,0.2159191370010376,-0.0021999999999999884,Worsening,6.252142857142857,-0.03518793556494898
SECCHI,68,-0.024034330621361732,0.7787148952484131,0,Worsening,4.04764705882353,0
SPCD_epi,70,-0.05350483953952789,0.5163493156433105,-0.013333333333333365,Improving,25.55742857142857,-0.05217008939717475
TP_epi,67,0.013568521031207599,NA,NA,Worsening,8.065820895522387,NA
TP_hypo,65,0.09759615384615385,NA,NA,Worsening,13.451538461538462,NA
