parameter,non_na_n,tau,p.value,slope,trend,mean_value,percent_change
CHL_comp,41,-0.07931666821241379,0.472209095954895,-0.011221568627450981,Improving,3.240941463414634,-0.3462441007998957
PH_epi,42,-0.08720935881137848,0.42251765727996826,-0.0037499999999999756,Worsening,5.771571428571429,-0.06497363926635437
SECCHI,44,-0.10436925292015076,0.32615530490875244,-0.009600614439324117,Worsening,4.157727272727273,-0.23091015378280375
SPCD_epi,43,-0.1240997314453125,0.2453470230102539,-0.03399999999999999,Improving,13.412558139534884,-0.25349377535804685
TP_epi,43,0.19047619047619047,NA,NA,Worsening,7.971627906976744,NA
TP_hypo,40,0.1,NA,NA,Worsening,12.877,NA
