parameter,non_na_n,tau,p.value,slope,trend,mean_value,percent_change
CHL_comp,35,0.14285714285714285,0.23201977749569647,0.12041661466099393,Stable,9.502828571428571,1.2671660206840032
PH_epi,35,-0.16302521008403362,0.17188241356332368,-0.00916664540767661,Stable,6.295285714285714,-0.1456112688718004
SECCHI,35,-0.1546218487394958,0.19146314277624232,-0.0059523906558751685,Stable,1.6419428571428571,-0.36252118214594364
SPCD_epi,35,0.5361344537815126,6.051547962515613e-6,1.0372727179341048,Worsening,47.191428571428574,2.1980108450501703
TP_epi,35,0.3411764705882353,0.003969456779595593,0.3076923070475459,Worsening,20.70285714285714,1.4862311270582538
TP_hypo,17,0.33088235294117646,0.06719952456428069,0.76953125,Stable,20.294117647058822,3.7918931159420293
