stationid,parameter,n,tau,mk_p,sen_slope,sen_ci_lower,sen_ci_upper,trend
BEASWHD,SECCHI,92,-0.06919287462627281,0.3344430198969584,-0.0027951388888888887,-0.008441558441558434,0.002739726027397257,Stable
BEASWHD,TP_epi,91,0.15515890683221617,0.030946741582900915,0.024545454545454534,0,0.04615384615384613,Worsening
BEASWHD,SPCD_epi,91,-0.05047191641719557,0.48209814442907367,-0.006956521739130441,-0.02458333333333333,0.011764705882352951,Stable
BEASWHD,PH_epi,91,0.04786514252733583,0.5058629769832672,7.500000000000062e-4,-0.001363636363636375,0.0030645161290322642,Stable
BEASWHD,TP_hypo,91,-0.07890893341337535,0.27377335013020254,-0.019444444444444473,-0.06000000000000001,0.016216216216216207,Stable
BEASWHD,CHL_comp,93,-0.01754591768436839,0.8059893166201363,-0.0024264705882352904,-0.021518518518518517,0.017457627118644056,Stable
BEASWHD,Year,93,0.9896613764408007,5.444481815913547e-44,0.34146341463414637,0.3382352941176471,0.3448275862068966,Stable
