parameter,non_na_n,tau,p.value,slope,trend,mean_value,percent_change
CHL_comp,63,0.00666325306519866,0.9432554244995117,0.0017647058823529558,Worsening,7.0740936507936505,0.024946035060688963
PH_epi,63,0.03910517320036888,0.6563149690628052,0.0010344827586206981,Improving,6.627936507936508,0.015607915938572657
SECCHI,63,-0.0056672897189855576,0.9526789784431458,0,Worsening,2.623452380952381,0
SPCD_epi,63,-0.11321722716093063,0.19193178415298462,-0.17586206896551704,Improving,126.0147619047619,-0.13955672042488815
TP_epi,63,0.1336405529953917,NA,NA,Worsening,11.087619047619048,NA
TP_hypo,63,0.41781874039938555,NA,NA,Worsening,14.604761904761904,NA
