parameter,non_na_n,tau,p.value,slope,trend,mean_value,percent_change
CHL_comp,37,0.12171303480863571,0.2953763008117676,0.008333333333333325,Worsening,1.1977243243243243,0.695763888575481
PH_epi,36,0.1931394785642624,0.10190844535827637,0.008284313725490187,Improving,6.791666666666667,0.12197762540599047
SECCHI,35,-0.08249170333147049,0.49536144733428955,-0.013541666666666638,Worsening,7.404428571428571,-0.18288604631719718
SPCD_epi,36,0.0031796542461961508,0.9891304969787598,0.006666666666666762,Worsening,75.57916666666667,0.008820772920227262
TP_epi,36,0.05396825396825397,NA,NA,Worsening,5.4030555555555555,NA
TP_hypo,36,0.01746031746031746,NA,NA,Worsening,6.3758333333333335,NA
