parameter,non_na_n,tau,p.value,slope,significant,slope_dir,trend,mean_value,percent_change
CHL_comp,218,-0.03844228759407997,0.40247172117233276,-9.803921568627438e-4,FALSE,decreasing,Improving (weak),3.0324091743119266,-0.03233047060956743
PH_epi,72,0.1218567043542862,0.13294243812561035,0.0025000000000000022,FALSE,increasing,Improving (weak),6.859861111111111,0.03644388653803328
SECCHI,226,0.0635518729686737,0.15915536880493164,0.0012048192771084295,FALSE,increasing,Improving (weak),5.028637168141593,0.023959161037535908
SPCD_epi,72,0.035792045295238495,0.66162109375,0.006821705426356604,FALSE,increasing,Worsening (weak),37.31166666666667,0.018283035939670175
TP_epi,71,-0.09329814463853836,0.2801644802093506,0,FALSE,NA,Stable,7.326478873239437,0
TP_hypo,72,0.06467698514461517,0.4480537176132202,0,FALSE,NA,Stable,8.624305555555555,0
