STATIONID,parameter,n,tau,mk_p,sen_slope,sen_ci_lower,sen_ci_upper,trend
NUBNELD,SPCD_epi,37,-0.6186186186186187,7.640429943255867e-8,-0.155078125,-0.20636363636363633,-0.11666666666666596,Improving
NUBNELD,CHL_comp,36,-0.20492460793001754,0.0812225461621371,-0.012189705882352943,-0.02615833333333332,0.0015000000000000057,Stable
NUBNELD,PH_epi,40,0.22336347030240403,0.04381015651711707,0.008897569444444465,2.0000000000003126e-4,0.015921052631578957,Improving
NUBNELD,SECCHI,29,-0.5166908208438246,9.47183989464746e-5,-0.10788461538461538,-0.175,-0.058333333333333376,Worsening
NUBNELD,TP_hypo,33,-0.04393667582390143,0.7328359975285967,-0.005921945701357469,-0.06875000000000003,0.05555555555555555,Stable
NUBNELD,TP_epi,20,-0.1233461194003465,0.47342001147463647,-0.0625,-0.2857142857142857,0.125,Stable
