STATIONID,parameter,n,tau,mk_p,sen_slope,sen_ci_lower,sen_ci_upper,trend
PERSUND,SPCD_epi,39,0.6581087090111483,4.104138534575989e-9,1.0269230769230764,0.7430769230769229,1.2815789473684207,Worsening
PERSUND,CHL_comp,39,0.16745446086040555,0.13674451158348058,0.05999999999999996,-0.019428571428571434,0.14666666666666664,Stable
PERSUND,PH_epi,39,0.08949253321662022,0.43145765503990374,0.002272727272727265,-0.0037931034482758426,0.0077272727272726435,Stable
PERSUND,SECCHI_NVS,39,-0.24212207445139894,0.03454624043485262,-0.011904761904761904,-0.021875000000000006,0,Worsening
PERSUND,TP_hypo,26,-0.10781433867501866,0.4642729106216151,-0.04117647058823525,-0.16666666666666666,0.08333333333333333,Stable
PERSUND,TP_epi,39,0.18946618668626838,0.10630881217728687,0.041666666666666664,0,0.1,Stable
