parameter,non_na_n,MK,SEN,tau,p.value,slope,significant,slope_dir,trend,mean_value,percent_change
CHL_comp,38,,,-0.16927453875541687,0.13794566690921783,1,FALSE,NA,Stable,2.93824649122807,34.03390433666577
PH_epi,38,,,-0.09544169157743454,0.40660834312438965,1,FALSE,NA,Stable,7.153982456140351,13.978228296348249
SECCHI,38,,,-0.03136143833398819,0.7917239665985107,1,FALSE,NA,Stable,5.086304824561403,19.660638410247678
SPCD_epi,38,,,0.7524893283843994,0,1,TRUE,increasing,Worsening,66.32355263157895,1.5077600042852126
TP_epi,38,,,-0.16104459762573242,0.16212782263755798,1,FALSE,NA,Stable,7.633421052631578,13.100286137828801
TP_hypo,37,,,0.1826440542936325,0.11629986763000488,1,FALSE,NA,Stable,12.627837837837838,7.9190120497399565
