parameter,non_na_n,tau,p.value,slope,trend,mean_value,percent_change
CHL_comp,110,-0.05634525045752525,0.38538336753845215,-0.001910112359550561,Stable,2.005311818181818,-0.09525263563660774
PH_epi,111,0.07846527546644211,0.22594380378723145,8.108108108108175e-4,Stable,6.94036036036036,0.011682546275863957
SECCHI,106,0.051527827978134155,0.44484877586364746,6.250000000000089e-4,Stable,7.76502358490566,0.008048913092999991
SPCD_epi,111,-0.13330060243606567,0.03851081430912018,-0.0926666666666667,Improving,87.8463063063063,-0.105487265843088
TP_epi,111,-0.20671580671580672,0.001107420134112136,-0.06499994719400953,Improving,6.799774774774775,-0.9559132375257604
TP_hypo,111,-0.23734643734643734,2.1907633491391465e-4,-0.08799997614696663,Improving,8.150585585585585,-1.0796767327073493
