STATIONID,parameter,n,tau,mk_p,sen_slope,sen_ci_lower,sen_ci_upper,trend
PEAMMADD,SPCD_epi,31,0.4408602150537635,5.25775316030165e-4,0.6288888888888889,0.34099999999999964,0.9647058823529411,Worsening
PEAMMADD,CHL_comp,31,-0.06681049998740703,0.6100235300324679,-0.012666666666666678,-0.0456,0.023499999999999993,Stable
PEAMMADD,PH_epi,31,0.15732795158324883,0.22091613280262887,0.005555555555555536,-0.002857142857142923,0.012857142857142836,Stable
PEAMMADD,SECCHI,20,0.01591562328193826,0.9481809531732491,0.0019230769230769162,-0.0375,0.06000000000000005,Stable
PEAMMADD,TP_hypo,31,0.3510393478654835,0.006154050282473268,0.2166666666666662,0.06666666666666667,0.375,Worsening
PEAMMADD,TP_epi,30,0.14153741810028858,0.2836951101381028,0.02400000000000002,-0.03249999999999997,0.08833333333333337,Stable
