parameter,non_na_n,tau,p.value,slope,trend,mean_value,percent_change
CHL_comp,43,-0.0853658989071846,0.42634648084640503,-0.031999999999999966,Stable,7.528523255813954,-0.4250501580809722
PH_epi,42,0.16745293140411377,0.12347328662872314,0.005624999999999991,Stable,7.081666666666667,0.07943045422452329
SECCHI,44,0.04382959380745888,0.6853204965591431,0.001614583333333313,Stable,2.438298863636364,0.06621761414945662
SPCD_epi,42,0.04659309238195419,0.6724541187286377,0.15172413793103467,Stable,218.7547619047619,0.0693580960752251
TP_epi,43,0.22369878183831673,0.034930407641946104,0.23529416136443687,Worsening,19.580232558139535,1.2016923734985194
TP_hypo,43,0.17386489479512734,0.10198834868505013,0.5874999604769906,Stable,42.60697674418605,1.3788820643256696
