parameter,non_na_n,tau,p.value,slope,significant,slope_dir,trend,mean_value,percent_change
CHL_comp,81,-0.09182266891002655,0.2272990345954895,-0.00957456140350877,FALSE,decreasing,Improving (weak),4.820295061728395,-0.1986301933989007
PH_epi,82,0.02240079827606678,0.7699549198150635,3.333333333333262e-4,FALSE,increasing,Improving (weak),6.624817073170732,0.005031585470990041
SECCHI,81,0.07142994552850723,0.35010790824890137,0.0024357284113381695,FALSE,increasing,Improving (weak),1.954320987654321,0.12463297619607816
SPCD_epi,81,-0.048177897930145264,0.5272731184959412,-0.09311565696302147,FALSE,decreasing,Improving (weak),178.35246913580247,-0.05220878489331182
TP_epi,82,-0.15322180092334747,0.04383006691932678,-0.0352941176470588,TRUE,decreasing,Improving (significant),15.804878048780488,-0.2233115468409585
TP_hypo,25,-0.26037171483039856,0.07792126387357712,-0.25,FALSE,decreasing,Improving (weak),17.54,-1.4253135689851768
