parameter,non_na_n,tau,p.value,slope,trend,mean_value,percent_change
CHL_comp,70,-0.11762269586324692,0.1513635516166687,-0.03837499999999997,Stable,10.465434285714286,-0.3666833019283614
SPCD_epi,70,0.4801160395145416,0,0.9158333333333335,Worsening,108.57042857142856,0.8435384711876733
PH_epi,70,0.12325824052095413,0.13461244106292725,0.0026666666666666098,Stable,6.643285714285715,0.040140779447920064
TP_epi,70,0.1005302295088768,0.22513985633850098,0.02745098039215687,Stable,19.044285714285714,0.1441428720614343
TP_hypo,69,-0.13836106657981873,0.09524349123239517,-0.09007654455986877,Stable,26.340579710144926,-0.34196872487653074
SECCHI,71,0.016231033951044083,0.8463932275772095,2.6122894697062506e-17,Stable,2.0408098591549297,1.2800258965761575e-15
