parameter,non_na_n,MK,SEN,tau,p.value,slope,significant,slope_dir,trend,mean_value,percent_change
CHL_comp,36,,,-0.14920637011528015,0.20524710416793823,1.0416666666666667,FALSE,NA,Stable,4.802175,21.691559900808834
PH_epi,36,,,0.014342743903398514,0.9131884574890137,1.0416666666666667,FALSE,NA,Stable,6.812430555555555,15.290675745930132
SECCHI,36,,,0.06908131390810013,0.566632866859436,1.0416666666666667,FALSE,NA,Stable,2.783611111111111,37.42141502844028
SPCD_epi,36,,,0.24940438568592072,0.03358185291290283,1.0416666666666667,TRUE,increasing,Worsening,65.12569444444445,1.5994711082202153
TP_epi,36,,,0.024059046059846878,0.8485581874847412,1.0416666666666667,FALSE,NA,Stable,10.767222222222221,9.6744234043651
TP_hypo,23,,,-0.10640379041433334,0.5053505897521973,1.0416666666666667,FALSE,NA,Stable,12.233478260869564,8.514885500704885
