parameter,non_na_n,tau,p.value,slope,significant,slope_dir,trend,mean_value,percent_change
CHL_comp,83,-0.08379889279603958,0.26402395963668823,-0.014444444444444433,FALSE,decreasing,Improving (weak),5.959699397590361,-0.2423686746731663
PH_epi,82,0.0881030336022377,0.2453463077545166,0.0015789473684210658,FALSE,increasing,Improving (weak),6.886109756097561,0.022929453992843032
SECCHI,83,0,1,0,FALSE,NA,Stable,4.53921686746988,0
SPCD_epi,82,-0.007532390765845776,0.9234331846237183,-0.006976744186046446,FALSE,decreasing,Improving (weak),75.14865853658537,-0.009283923787741184
TP_epi,63,0.16568243503570557,0.056813836097717285,0.025714285714285738,FALSE,increasing,Worsening (weak),8.642063492063492,0.29754798420424305
TP_hypo,62,-0.12161554396152496,0.1659400463104248,-0.11250000000000004,FALSE,decreasing,Improving (weak),28.7091935483871,-0.39186053697534245
