STATIONID,parameter,n,tau,mk_p,sen_slope,sen_ci_lower,sen_ci_upper,trend
SUNSUN010,CHL_comp,40,0.09009076159988687,0.42125320031295377,0.006339189189189189,-0.008793103448275866,0.020833333333333346,Stable
