parameter,non_na_n,tau,p.value,slope,trend,mean_value,percent_change
CHL_comp,97,-0.19909793814432988,0.0038633849082352345,-0.02789476771652695,Improving,2.2665845360824743,-1.2306961100484601
PH_epi,100,-0.07494949494949495,0.2698832801194073,-0.003333308100700128,Stable,6.59078,-0.050575320382414954
SECCHI,97,-0.251073883161512,2.677328272233659e-4,-0.04791662888601425,Worsening,4.203505154639175,-1.1399207833284404
SPCD_epi,100,0.47414141414141414,2.6758595339515523e-12,0.47454290390014575,Worsening,44.4643,1.067244742186756
TP_epi,101,-0.0702970297029703,0.29806362908896045,-0.0187013736367216,Stable,7.267524752475247,-0.25732796617379383
TP_hypo,99,0.0867862296433725,0.20321468810946564,0.02538629293441726,Stable,7.541717171717171,0.3366115747434886
