parameter,non_na_n,tau,p.value,slope,trend,mean_value,percent_change
CHL_comp,13,-0.12820513546466827,0.5829505324363708,-0.17958333333333332,Stable,7.422307692307692,-2.4195080664663005
PH_epi,13,0.25641027092933655,0.24638724327087402,0.027840909090909055,Stable,7.124615384615384,0.390770695510492
SECCHI,13,0.1935524195432663,0.3921535015106201,0.02578124999999995,Stable,3.2551923076923077,0.7920038990961171
SPCD_epi,13,0.07692308723926544,0.7603323459625244,1.4666666666666655,Stable,152.58461538461538,0.9612152987833562
TP_epi,13,0.38461538461538464,0.0757526876163821,0.3999999236315488,Stable,12.348461538461539,3.239269299950249
TP_hypo,12,-0.015151515151515152,1,-0.24285710118711726,Stable,55.458333333333336,-0.43790912310224
