parameter,non_na_n,tau,p.value,slope,trend,mean_value,percent_change
CHL_comp,100,-0.06921686977148056,0.30980658531188965,-0.003128289473684217,Improving,2.246986,-0.1392215827639432
PH_epi,102,0.12260781973600388,0.0701742172241211,0.001466666666666671,Improving,6.58993137254902,0.022256175121583347
SECCHI,101,-0.05936683714389801,0.381839394569397,-0.0033333333333333296,Worsening,4.157871287128713,-0.08016922851008258
SPCD_epi,102,0.11464106291532516,0.08855295181274414,0.040192307692307624,Worsening,45.012843137254904,0.0892907554622837
TP_epi,103,-0.03578907291071769,NA,NA,Improving,7.2635922330097085,NA
TP_hypo,101,0.17306930693069306,NA,NA,Worsening,8.840594059405941,NA
