STATIONID,parameter,n,tau,mk_p,sen_slope,sen_ci_lower,sen_ci_upper,trend
GRTKINND,SPCD_epi,31,0.5683533970886446,7.796273791126987e-6,2.919642857142857,1.9954545454545445,3.6439999999999997,Worsening
GRTKINND,CHL_comp,31,-0.353068019403552,0.005591597856976042,-0.03599999999999997,-0.05547619047619048,-0.012142857142857138,Improving
GRTKINND,PH_epi,30,0.22145461294330657,0.08994123812557335,0.00631578947368417,-0.0012499999999997513,0.012727272727272698,Stable
GRTKINND,SECCHI_NVS,31,0.15067262111144417,0.2465944630061633,0.012499999999999956,-0.008333333333333333,0.033928571428571405,Stable
GRTKINND,TP_hypo,31,-0.09903127373514262,0.4443017593425061,-0.15,-0.3999999999999996,0.17777777777777773,Stable
GRTKINND,TP_epi,31,0.2470276892386736,0.054514537770633385,0.09333333333333335,0,0.19333333333333325,Stable
