parameter,non_na_n,MK,SEN,tau,p.value,slope,significant,slope_dir,trend,mean_value,percent_change
CHL_comp,38,,,-0.08404567092657089,0.4658268690109253,1,FALSE,NA,Stable,1.66853007518797,59.93299221096413
PH_epi,39,,,0.14749716222286224,0.19124376773834229,1,FALSE,NA,Stable,6.786683760683761,14.734736953460898
SECCHI,38,,,0.07971532642841339,0.4892454147338867,1,FALSE,NA,Stable,8.609625313283209,11.614907311438602
SPCD_epi,39,,,0.6734142899513245,0,1,TRUE,increasing,Worsening,87.65441086691087,1.1408439006205167
TP_epi,36,,,0.11131934076547623,0.36246180534362793,1,FALSE,NA,Stable,5.067901234567901,19.732034104750305
TP_hypo,39,,,0.08071891218423843,0.48210394382476807,1,FALSE,NA,Stable,5.407621082621082,18.492419951793266
