parameter,non_na_n,tau,p.value,slope,trend,mean_value,percent_change
CHL_comp,37,-0.009009009227156639,0.9478600025177002,-0.002433380084151471,Improving,4.697632432432433,-0.05180013803020063
PH_epi,36,-0.08779067546129227,0.4617267847061157,-0.0021130952380952433,Worsening,7.039722222222222,-0.03001674173200835
SECCHI,37,0.07530154287815094,0.5214676856994629,0.01071428571428574,Improving,3.605472972972973,0.29716727304853535
SPCD_epi,36,0.06195395439863205,0.6047080755233765,0.15473684210526323,Worsening,85.81305555555555,0.18031853207357973
TP_epi,36,0.14444444444444443,NA,NA,Worsening,8.20138888888889,NA
TP_hypo,36,0.09047619047619047,NA,NA,Worsening,13.233333333333334,NA
