STATIONID,PARAMETER,n,tau,mk_p,sen_slope,sen_ci_lower,sen_ci_upper,TREND
LEDSUND,SPCD_epi,25,-0.43333333333333324,0.0025885719761729194,-0.13852870813397128,-0.20499999999999977,-0.05062499999999992,Improving
LEDSUND,CHL_comp,25,0.31772752949305927,0.028051494146992484,0.05458333333333334,0.0036388888888888703,0.11714285714285712,Worsening
LEDSUND,PH_epi,25,0.5083640471888948,4.178818535958093e-4,0.024791666666666712,0.013846153846153893,0.03794117647058821,Improving
LEDSUND,SECCHI_NVS,24,-0.3643041641566451,0.013975001379788127,-0.029241596638655457,-0.05263157894736842,-0.004166666666666652,Worsening
LEDSUND,TP_epi,25,0.29732444649577383,0.04164261289352485,0.10928571428571429,0,0.22400000000000003,Worsening
LEDSUND,TP_hypo,23,0.06074667018660183,0.7100216283273342,0.0181818181818182,-0.1111111111111111,0.27642857142857136,Stable
