parameter,non_na_n,tau,p.value,slope,trend,mean_value,percent_change
CHL_comp,106,0.05569600686430931,0.40036332607269287,0.0017647058823529428,Stable,1.9948773584905661,0.08846187334985926
PH_epi,106,-0.026014279574155807,0.6961656808853149,-3.448275862068892e-4,Stable,6.50288679245283,-0.005302684749288452
SECCHI,107,-0.08496065437793732,0.19799071550369263,-0.004830508474576244,Stable,8.016530373831776,-0.06025684740551088
SPCD_epi,105,0.06396042555570602,0.3352468013763428,0.06491452991452987,Stable,134.5504761904762,0.048245485079245434
TP_epi,105,0.16153846153846155,0.014399357316825956,0.03250005841255188,Worsening,6.815714285714286,0.47684009408481065
TP_hypo,105,9.157509157509158e-4,0.9911430994712809,8.568167686462402e-8,Stable,11.626857142857142,7.36928955192864e-7
