STATIONID,parameter,n,tau,mk_p,sen_slope,sen_ci_lower,sen_ci_upper,trend
SUNSUN080,CHL_comp,28,-0.35060039207142213,0.009608174186395155,-0.02924812030075185,-0.050238095238095234,-0.006785714285714284,Improving
