STATIONID,PARAMETER,n,tau,mk_p,sen_slope,sen_ci_lower,sen_ci_upper,TREND
SUNSUN020,SPCD_epi,39,0.6792709178450321,1.2548429680931282e-9,1.0173076923076925,0.8562499999999993,1.185000000000001,Worsening
SUNSUN020,CHL_comp,39,-0.3606820278124391,0.0013390758283897794,-0.022000000000000006,-0.03249999999999997,-0.008000000000000007,Improving
SUNSUN020,PH_epi,39,0.27199017064228875,0.015516969451720312,0.0061904761904761855,0.0017391304347826103,0.01200000000000001,Improving
SUNSUN020,SECCHI,36,-0.17976813551627355,0.16248965726165776,0,-0.00454545454545453,0,Stable
SUNSUN020,TP_epi,39,0.5135437318466335,9.095822775643529e-6,0.22727272727272727,0.15,0.3,Worsening
