parameter,non_na_n,tau,p.value,slope,trend,mean_value,percent_change
CHL_comp,98,0.06559818983078003,0.3412940502166748,0.0023287671232876703,Stable,1.7560102040816326,0.13261694709260424
SPCD_epi,100,-0.33056262135505676,1.2548671293188818e-6,-0.02743516761543325,Improving,24.238,-0.11319072372074118
PH_epi,100,0.3103845417499542,5.364418029785156e-6,0.0040000000000000036,Improving,6.4028,0.062472668207659204
TP_epi,100,-0.1430157870054245,0.06853783130645752,0,Stable,5.8385,0
TP_hypo,100,-0.1485697329044342,0.03064681962132454,-0.017772094926350242,Improving,8.5113,-0.2088058807273888
SECCHI,100,0.11047804355621338,0.10982096195220947,0.005952380952380952,Stable,8.5917,0.06928059583529397
