parameter,non_na_n,tau,p.value,slope,trend,mean_value,percent_change
CHL_comp,114,0.010877169668674469,0.8658134937286377,7.142857142857149e-4,Stable,4.05510350877193,0.017614487835898255
PH_epi,117,0.08360181748867035,0.18533599376678467,8.246087425795964e-4,Stable,6.7847863247863245,0.012153790894889622
SECCHI,115,0.00247374689206481,0.9710469245910645,0,Stable,3.2072173913043476,0
SPCD_epi,118,-0.07791652530431747,0.21247804164886475,-0.12023809523809517,Stable,176.31389830508473,-0.06819547204953814
TP_epi,115,0.22807017543859648,2.960887920335775e-4,0.13333326280117108,Worsening,12.333565217391305,1.0810601837428209
TP_hypo,116,-0.03253373313343328,0.6059062580863777,-0.04463040828704834,Stable,28.076724137931034,-0.15895874485853442
