parameter,non_na_n,tau,p.value,slope,trend,mean_value,percent_change
CHL_comp,71,0.12804512679576874,0.11559641361236572,0.014651162790697682,Stable,4.719252112676056,0.31045518317074455
SPCD_epi,81,0.5956134796142578,0,2.9829047340736414,Worsening,372.1395061728395,0.8015555146913741
PH_epi,66,0.17725978791713715,0.036864399909973145,0.0037037037037036904,Improving,7.371818181818182,0.05024138702767369
TP_epi,71,0.5254417061805725,0,0.14390243902439026,Worsening,11.899154929577465,1.2093500746569419
TP_hypo,71,0.5810824632644653,0,0.8285714285714286,Worsening,45.822535211267606,1.8082182156688826
SECCHI,67,-0.30012470483779907,3.7335234810598195e-4,-0.016025641025641014,Worsening,3.591716417910448,-0.4461833608501934
