parameter,non_na_n,tau,p.value,slope,significant,slope_dir,trend,mean_value,percent_change
CHL_comp,103,-0.03337789699435234,0.6199898719787598,-0.0014999999999999957,FALSE,NA,Stable,3.002430582524272,-0.04995952308542239
PH_epi,101,0.09366472065448761,0.16861510276794434,0.0012499999999999825,FALSE,NA,Stable,6.996108910891089,0.01786707462564031
SECCHI,103,0.11991928517818451,0.0752403736114502,0.004268292682926825,FALSE,NA,Stable,3.5483495145631068,0.12028952236550919
SPCD_epi,104,0.02279522269964218,0.733955979347229,0.010224358974358898,FALSE,NA,Stable,67.96052884615385,0.01504455475545867
TP_epi,102,-0.14468173682689667,0.03800971806049347,-0.016938775510204084,TRUE,decreasing,Improving,9.368333333333334,-0.18080884728913804
TP_hypo,102,0.043826185166835785,0.5255556106567383,0,FALSE,NA,Stable,17.573333333333334,0
