STATIONID,parameter,n,tau,mk_p,sen_slope,sen_ci_lower,sen_ci_upper,trend
RUSHARD,SPCD_epi,22,0.10822510822510822,0.4985643870063699,0.19999999999999962,-0.4162499999999998,0.7654545454545453,Stable
RUSHARD,CHL_comp,21,0.41527564571925735,0.00937356965754455,0.1449095959595959,0.02499999999999991,0.33200000000000013,Worsening
RUSHARD,PH_epi,22,0.41125541125541126,0.008034765312662964,0.02153846153846149,0.005555555555555536,0.036250000000000004,Improving
RUSHARD,SECCHI_NVS,23,-0.4820870174971761,0.001505168280561123,-0.03529411764705883,-0.05714285714285715,-0.021428571428571415,Worsening
RUSHARD,TP_epi,22,0.4114031797789394,0.008598048804810193,0.3181818181818182,0.08399999999999999,0.5,Worsening
