STATIONID,parameter,n,tau,mk_p,sen_slope,sen_ci_lower,sen_ci_upper,trend
WAUMERMD,SPCD_epi,34,0.7029440798701537,5.655222265163353e-9,2.0042857142857144,1.570588235294117,2.3346153846153843,Worsening
WAUMERMD,CHL_comp,34,-0.06238859180035652,0.6142395415985421,-0.005000000000000015,-0.03249999999999999,0.017893333333333317,Stable
WAUMERMD,PH_epi,33,0.07633810206905742,0.5452054104521096,0.002041666666666712,-0.00470588235294118,0.008571428571428516,Stable
WAUMERMD,SECCHI_NVS,34,0.23299006427490712,0.05881568673734995,0.024999999999999984,0,0.05555555555555555,Stable
WAUMERMD,TP_hypo,34,0.009009535512954817,0.9526421110549246,0,-0.09941176470588232,0.1020833333333333,Stable
WAUMERMD,TP_epi,34,0.04474411801793422,0.7375538291990178,0,-0.024230769230769226,0.04454545454545456,Stable
