STATIONID,parameter,n,tau,mk_p,sen_slope,sen_ci_lower,sen_ci_upper,trend
DUBDUBD,SPCD_epi,19,-0.2697958815131516,0.11518373151505124,-0.3099999999999999,-0.7999999999999972,0.23307692307692315,Stable
DUBDUBD,CHL_comp,19,-0.13450292397660818,0.4414882110139729,-0.01833333333333333,-0.06875,0.029000000000000005,Stable
DUBDUBD,PH_epi,19,0.21114460292333603,0.2204828964900307,0.01583333333333344,-0.031428571428571396,0.033333333333333215,Stable
DUBDUBD,SECCHI,19,0.1759538357694467,0.31000904181779154,0.08399999999999999,-0.05500000000000007,0.18999999999999995,Stable
DUBDUBD,TP_hypo,16,-0.1422606594884729,0.4708532345955082,-0.041192307692307695,-0.15333333333333332,0.10333333333333321,Stable
DUBDUBD,TP_epi,9,0.2222222222222222,0.46551216987418653,0.1129999999999999,-0.3040000000000001,0.5633333333333335,Stable
