parameter,non_na_n,tau,p.value,slope,trend,mean_value,percent_change
CHL_comp,53,-0.38285526633262634,5.456839062389918e-5,-0.03903019323671497,Improving,2.930441509433962,-1.3318878097742328
SPCD_epi,57,0.6193920373916626,0,0.3619560810810811,Worsening,35.04842105263158,1.0327314903502736
PH_epi,57,0.05092768743634224,0.5817294120788574,0.0016666666666666705,Stable,6.533315789473685,0.025510272583975847
TP_epi,57,0.04986269399523735,0.6057171821594238,0,Stable,7.264736842105263,0
TP_hypo,57,0.11228260397911072,0.22491490840911865,0.031339285714285736,Stable,14.517368421052632,0.2158744257591375
SECCHI,56,0.10203010588884354,0.2729361057281494,0.009665178571428543,Stable,5.1162946428571425,0.1889097334322232
