STATIONID,PARAMETER,n,tau,mk_p,sen_slope,sen_ci_lower,sen_ci_upper,TREND
LAUFITD,SPCD_epi,37,0.10113348681393577,0.38768564927696736,0.0734722222222221,-0.0665625000000003,0.19999999999999957,Stable
LAUFITD,CHL_comp,37,-0.12012012012012012,0.30149552170586225,-0.02293531746031747,-0.06307692307692309,0.01799999999999997,Stable
LAUFITD,PH_epi,36,0.3314780277766303,0.004970401021454599,0.007735042735042738,0.0033333333333333114,0.013043478260869558,Improving
LAUFITD,SECCHI_NVS,37,-0.348856024562616,0.0028045918252541497,-0.03209382151029747,-0.05,-0.01071428571428574,Worsening
LAUFITD,TP_epi,37,0.0435737635098783,0.7220385437139788,0,-0.023103448275862068,0.038928571428571423,Stable
LAUFITD,TP_hypo,37,-0.021245508160921658,0.8648067630172733,-0.0025000000000000946,-0.0838235294117647,0.09705882352941178,Stable
