parameter,non_na_n,MK,SEN,tau,p.value,slope,significant,slope_dir,trend,mean_value,percent_change
CHL_comp,35,,,0.04037007316946983,0.7439205646514893,1,FALSE,NA,Stable,1.8563571428571428,53.86894455346493
PH_epi,35,,,0.3296889066696167,0.005613207817077637,1,TRUE,increasing,Improving,6.407542857142857,15.606606499482753
SECCHI,35,,,0.09114005416631699,0.4513859748840332,1,FALSE,NA,Stable,8.534130952380952,11.717654739303107
SPCD_epi,35,,,-0.3445378243923187,0.003766391659155488,1,TRUE,increasing,Worsening,24.25042857142857,4.123638462943218
TP_epi,35,,,-0.1912418156862259,0.12204699963331223,1,FALSE,NA,Stable,4.173238095238095,23.96220817453616
TP_hypo,35,,,-0.24155716598033905,0.04359540343284607,1,TRUE,increasing,Worsening,8.173857142857143,12.234126221227957
