parameter,non_na_n,tau,p.value,slope,trend,mean_value,percent_change
CHL_comp,81,-0.11099103838205338,0.1442253291606903,-0.013162698412698414,Stable,4.820295061728395,-0.273068313124772
SPCD_epi,81,0.4039531350135803,1.1920928955078125e-7,0.6715117872807017,Worsening,178.35246913580247,0.37650826508569063
PH_epi,82,0.06114812567830086,0.42070722579956055,0.0011904761904761862,Stable,6.624817073170732,0.01796994811067904
TP_epi,82,0.33806079626083374,8.463859558105469e-6,0.07368421052631578,Worsening,15.804878048780488,0.4662118258609486
TP_hypo,25,0.15074151754379272,0.3121523857116699,0.20000000000000007,Stable,17.54,1.1402508551881418
SECCHI,81,-0.056522827595472336,0.460193932056427,-0.0015812499999999976,Stable,1.954320987654321,-0.08091045483259621
