parameter,non_na_n,tau,p.value,slope,significant,slope_dir,trend,mean_value,percent_change
CHL_comp,134,-0.03594093397259712,0.5394841432571411,-0.003145161290322578,FALSE,decreasing,Improving (weak),4.949362686567164,-0.06354679358735853
PH_epi,133,0.009155509062111378,0.8778517246246338,4.545454545454448e-5,FALSE,increasing,Improving (weak),5.667894736842105,8.019652369173973e-4
SECCHI,136,-0.0067657227627933025,0.9099528789520264,0,FALSE,NA,Stable,3.1569080882352942,0
SPCD_epi,135,-0.09379857778549194,0.10754169523715973,-0.014576271186440668,FALSE,decreasing,Improving (weak),25.992962962962963,-0.05607775922741169
TP_epi,134,0.012488366104662418,0.8351114988327026,0,FALSE,NA,Stable,11.51686567164179,0
TP_hypo,133,0.03188483044505119,0.5923199653625488,0.0027027027027026933,FALSE,increasing,Worsening (weak),14.583609022556391,0.0185324681875552
