parameter,non_na_n,MK,SEN,tau,p.value,slope,significant,slope_dir,trend,mean_value,percent_change
CHL_comp,40,,,-0.2230769246816635,0.043838776648044586,1,TRUE,increasing,Worsening,4.199603333333333,23.811772699167623
PH_epi,40,,,-0.08740388602018356,0.4348808526992798,1,FALSE,NA,Stable,6.8250875,14.651826808081214
SECCHI,40,,,-0.015444130636751652,0.8979753255844116,1,FALSE,NA,Stable,-0.7247583333333331,-137.97702682503368
SPCD_epi,40,,,0.42307692766189575,1.264810562133789e-4,1,TRUE,increasing,Worsening,123.54708333333333,0.8094080192099503
TP_epi,40,,,0.00651552202180028,0.9627385139465332,1,FALSE,NA,Stable,11.803291666666667,8.472212906710345
TP_hypo,40,,,-0.0012962550390511751,1,1,FALSE,NA,Stable,15.265666666666668,6.550647422320238
