parameter,non_na_n,tau,p.value,slope,trend,mean_value,percent_change
CHL_comp,107,-0.007406101216716628,0.9120486563328425,-8.947944641113175e-4,Stable,2.476456074766355,-0.036132054722421765
PH_epi,110,0.059883236030025024,0.35455906004753146,0.00199997127056133,Stable,6.889272727272727,0.02903022350449266
SECCHI,108,0.2087227414330218,0.0013605096873279265,0.0319024944305419,Improving,6.963125,0.4581634600921554
SPCD_epi,110,0.6703919933277731,0,2.0437500508502224,Worsening,104.31263636363636,1.9592545276352336
TP_epi,111,0.05945945945945946,0.3483432049170134,0.010887554436922072,Stable,6.502072072072072,0.16744745853689746
TP_hypo,110,0.02535446205170976,0.6960024601233448,0.00207160949706904,Stable,11.26990909090909,0.01838177646650327
