parameter,non_na_n,tau,p.value,slope,trend,mean_value,percent_change
CHL_comp,66,-0.07789179682731628,0.3582580089569092,-0.02073170731707316,Stable,7.979383195592287,-0.25981591319646236
SPCD_epi,66,-0.5896899104118347,2.750932511300097e-12,-0.628448275862069,Improving,65.23424242424242,-0.9633717699594597
PH_epi,65,-0.196572944521904,0.02148950658738613,-0.004491379310344822,Worsening,6.8250769230769235,-0.06580701376652016
TP_epi,66,0.15157009661197662,0.07700216770172119,0.03333333333333333,Stable,11.61969696969697,0.28686921371756424
TP_hypo,66,0.11519665271043777,0.17500638961791992,0.1111111111111111,Stable,27.883333333333333,0.3984857541342897
SECCHI,65,0.20473012328147888,0.017291903495788574,0.013069358178053825,Improving,3.366769230769231,0.388186931810226
