parameter,non_na_n,tau,p.value,slope,significant,slope_dir,trend,mean_value,percent_change
CHL_comp,93,-0.026435846462845802,0.710098385810852,-0.0039024102564102605,FALSE,decreasing,Improving (weak),5.879456989247312,-0.06637365089237343
PH_epi,91,0.00908210314810276,0.9017456769943237,0,FALSE,NA,Stable,6.434120879120879,0
SECCHI,92,-0.029412997886538506,0.683012843132019,-0.0010126841243862485,FALSE,decreasing,Worsening (weak),3.2952554347826086,-0.03073158194952059
SPCD_epi,91,-0.024500928819179535,0.7342597246170044,-0.00272727272727275,FALSE,decreasing,Improving (weak),22.73708791208791,-0.011994819819572526
TP_epi,91,-0.031031779944896698,0.6680636405944824,-0.0018666666666666862,FALSE,decreasing,Improving (weak),10.142637362637362,-0.018404154658461555
TP_hypo,91,-0.07299076020717621,0.31150180101394653,-0.018749999999999933,FALSE,decreasing,Improving (weak),15.928351648351649,-0.11771462869442793
