parameter,non_na_n,MK,SEN,tau,p.value,slope,significant,slope_dir,trend,mean_value,percent_change
CHL_comp,19,,,-0.017543861642479897,0.9442166090011597,1,FALSE,NA,Stable,3.0572894736842104,32.70871170713652
PH_epi,19,,,-0.3684210777282715,0.030074669048190117,1,TRUE,increasing,Improving,6.460789473684211,15.477984603478474
SECCHI,19,,,-0.017647365108132362,0.9441483616828918,1,FALSE,NA,Stable,5.1375,19.4647201946472
SPCD_epi,19,,,0.18128655850887299,0.293917179107666,1,FALSE,NA,Stable,68.20657894736843,1.4661342284468621
TP_epi,19,,,-0.4011956751346588,0.018856851384043694,1,TRUE,increasing,Worsening,8.089473684210526,12.361743656473651
TP_hypo,19,,,-0.05325816944241524,0.7790384888648987,1,FALSE,NA,Stable,8.626315789473685,11.592434411226357
