parameter,non_na_n,tau,p.value,slope,trend,mean_value,percent_change
CHL_comp,88,-0.057861119508743286,0.42777878046035767,-0.003999999999999997,Improving,2.330280681818182,-0.17165314166699566
PH_epi,87,0.13675621151924133,0.062471866607666016,0.0018749999999999971,Improving,6.586781609195402,0.028466102434342513
SECCHI,87,0.07771042734384537,0.2908496856689453,0.0042424242424242324,Improving,4.6931034482758625,0.09039698973571104
SPCD_epi,87,0.04307117685675621,0.5574758052825928,0.021951219512195086,Worsening,50.823793103448274,0.043190832820200795
TP_epi,88,0.08829676071055381,NA,NA,Worsening,6.898409090909091,NA
TP_hypo,88,0.0851619644723093,NA,NA,Worsening,9.909772727272728,NA
