stationid,parameter,n,tau,mk_p,sen_slope,sen_ci_lower,sen_ci_upper,trend
PAWNOTND,SECCHI,180,0.05352668136070397,0.2925726914457759,8.928571428571516e-4,-6.622516556291396e-4,0.00275229357798165,Stable
PAWNOTND,TP_epi,179,0.22280847438904547,1.277148693928102e-5,0.02448979591836735,0.013281250000000008,0.03515625,Worsening
PAWNOTND,SPCD_epi,179,0.13581080815548116,0.007069962788572676,0.022499999999999964,0.006433121019108268,0.037659574468085176,Worsening
PAWNOTND,PH_epi,178,0.11120239975932936,0.02864755791476311,7.476635514018698e-4,0,0.0013821138211382107,Improving
PAWNOTND,TP_hypo,176,0.1738260261501794,6.40276449810988e-4,0.11685483870967742,0.046875,0.21839080459770116,Worsening
PAWNOTND,CHL_comp,178,0.16120225901149632,0.0014206944639599403,0.009921259842519684,0.003953488372093022,0.016435643564356433,Worsening
PAWNOTND,Year,182,0.9889806321611527,1.2302918408816375e-85,0.20238095238095238,0.2,0.20353982300884957,Stable
