parameter,non_na_n,tau,p.value,slope,trend,mean_value,percent_change
CHL_comp,86,0.013406292749658003,0.8578286626977032,0.0034612262248987498,Stable,5.323022093023256,0.0650237057898987
PH_epi,88,0.1731974921630094,0.016938570924273533,0.005294117331504767,Improving,6.241193181818182,0.08482540400972635
SECCHI,87,-0.16519647153167602,0.0233285610721512,-0.012499976158142044,Worsening,2.7928735632183908,-0.44756684737770924
SPCD_epi,87,0.599037690457097,2.220446049250313e-16,0.8516667537391183,Worsening,78.22091954022989,1.0887966527945208
TP_epi,86,0.07441860465116279,0.3109506442296406,0.020263671875,Stable,11.259767441860465,0.1799652788535019
TP_hypo,87,0.10986367281475541,0.13210603220190187,0.05882349098101258,Stable,14.372758620689655,0.4092707081042597
