stationid,parameter,n,tau,mk_p,sen_slope,sen_ci_lower,sen_ci_upper,trend
CHAWLMD,SECCHI,38,0.08351957451896336,0.47290969899630303,0.0029166666666666638,-0.0090909090909091,0.014310344827586209,Stable
CHAWLMD,TP_epi,37,0.04397484250103061,0.7138581751643247,0.0182435897435898,-0.07142857142857142,0.10799999999999997,Stable
CHAWLMD,SPCD_epi,37,0.256949734429063,0.02617536916348149,0.43579545454545465,0.09999999999999905,0.8250000000000002,Worsening
CHAWLMD,PH_epi,37,0.01959320615194944,0.8752340238797087,5.769230769230816e-4,-0.005624999999999991,0.006799999999999997,Stable
CHAWLMD,TP_hypo,23,-0.10640378718595453,0.5053506586226746,-0.042857142857142705,-0.2222222222222222,0.15384615384615385,Stable
CHAWLMD,CHL_comp,37,-0.14414414414414414,0.214054458810028,-0.05392857142857142,-0.1176,0.015833333333333366,Stable
CHAWLMD,Year,38,0.9985765117338926,1.3472949394288624e-18,1,1,1,Stable
