stationid,parameter,n,tau,mk_p,sen_slope,sen_ci_lower,sen_ci_upper,trend
POORIND,SECCHI,47,-0.17560667321090848,0.08738614881795426,-0.008620689655172414,-0.01847826086956521,0,Stable
POORIND,TP_epi,49,0.25729884311846607,0.010511071783799855,0.11068376068376065,0.025000000000000022,0.1888888888888889,Worsening
POORIND,SPCD_epi,48,0.4875886524822695,1.0633670663329755e-6,1.875,1.2447368421052634,2.565714285714286,Worsening
POORIND,PH_epi,49,0.13687157279008672,0.17024928052641372,0.0030902777777777643,-0.001499999999999968,0.008055555555555531,Stable
POORIND,TP_hypo,27,0.09345944263316654,0.5161938868480302,0.05238095238095236,-0.15000000000000002,0.23076923076923078,Stable
POORIND,CHL_comp,49,0.02128567082893308,0.8360886481583495,0.004711021505376349,-0.037692307692307706,0.049,Stable
POORIND,Year,49,0.9914601339836672,2.189411898426041e-23,0.7272727272727273,0.7,0.7586206896551724,Stable
