parameter,non_na_n,tau,p.value,slope,significant,slope_dir,trend,mean_value,percent_change
CHL_comp,179,-0.11732408404350281,0.022724663838744164,-0.0018518518518518534,TRUE,decreasing,Improving (significant),1.8006703910614525,-0.10284235588281267
PH_epi,9,NA,NA,NA,FALSE,NA,Stable,6.921111111111111,NA
SECCHI,171,0.08358707278966904,0.11195087432861328,0.0016949152542372896,FALSE,increasing,Improving (weak),6.887134502923977,0.024609875900023476
SPCD_epi,9,NA,NA,NA,FALSE,NA,Stable,44.67777777777778,NA
TP_epi,12,0.08298826962709427,0.7745366096496582,0,FALSE,NA,Stable,7.791666666666667,0
TP_hypo,8,NA,NA,NA,FALSE,NA,Stable,8.9375,NA
