STATIONID,parameter,n,tau,mk_p,sen_slope,sen_ci_lower,sen_ci_upper,trend
LEDSUND,SPCD_epi,25,-0.43333333333333324,0.0025885719761729194,-0.13852870813397128,-0.20499999999999977,-0.05062499999999992,Improving
LEDSUND,CHL_comp,25,0.31772752949305927,0.028051494146992484,0.05458333333333334,0.0036388888888888703,0.11714285714285712,Worsening
LEDSUND,PH_epi,25,0.5083640471888948,4.178818535958093e-4,0.024791666666666712,0.013846153846153893,0.03794117647058821,Improving
LEDSUND,SECCHI_NVS,24,-0.3643041641566451,0.013975001379788127,-0.029241596638655457,-0.05263157894736842,-0.004166666666666652,Worsening
LEDSUND,TP_hypo,23,0.056117746324035794,0.7305920031526156,0.020833333333333332,-0.125,0.20000000000000004,Stable
LEDSUND,TP_epi,25,0.30589315368103054,0.035273627057264924,0.10690476190476195,0.004166666666666726,0.1875,Worsening
