parameter,non_na_n,tau,p.value,slope,significant,slope_dir,trend,mean_value,percent_change
CHL_comp,18,-0.03267974033951759,0.8795728087425232,-0.028181818181818145,FALSE,decreasing,Improving (weak),6.608811111111111,-0.4264279566779759
PH_epi,19,0.1823561042547226,0.2933255434036255,0.008571428571428643,FALSE,increasing,Improving (weak),6.455526315789474,0.13277660336483976
SECCHI,19,0.13645921647548676,0.45535528659820557,0.0125,FALSE,increasing,Improving (weak),1.9092105263157895,0.6547208821502413
SPCD_epi,19,0.08771930634975433,0.624276876449585,0.38333333333333525,FALSE,increasing,Worsening (weak),69.36394736842105,0.5526405977117924
TP_epi,19,0.11942906677722931,0.5036909580230713,0.14000000000000057,FALSE,increasing,Worsening (weak),20.88421052631579,0.6703629032258092
TP_hypo,0,NA,NA,NA,FALSE,NA,Stable,NA,NA
