parameter,non_na_n,tau,p.value,slope,trend,mean_value,percent_change
CHL_comp,107,-0.2242431491613388,6.347314338199794e-4,-0.017434210526315785,Improving,4.036796261682243,-0.43188234917385887
SPCD_epi,108,0.3286188542842865,4.76837158203125e-7,0.04075498575498576,Worsening,30.770555555555557,0.13244800108143492
PH_epi,107,-0.042784564197063446,0.5180702209472656,-5.084745762711907e-4,Stable,6.653626168224299,-0.007642067098682385
TP_epi,108,0.05037800222635269,0.44708991050720215,0.0036375661375661244,Stable,8.86601851851852,0.04102818113867361
TP_hypo,108,0.06632200628519058,0.31629419326782227,0.009417229729729724,Stable,12.04037037037037,0.07821378778267635
SECCHI,107,-0.10194739699363708,0.12278983741998672,-0.0035714285714285635,Stable,4.823126168224299,-0.07404800220566145
