parameter,non_na_n,tau,p.value,slope,trend,mean_value,percent_change
CHL_comp,101,0.004363353364169598,0.9508628845214844,1.8268597761685287e-4,Stable,4.564706930693069,0.004002140343084748
PH_epi,106,0.04083538055419922,0.5389270782470703,4.918032786885287e-4,Stable,6.712169811320755,0.007327038685151448
SECCHI,106,0.01702340692281723,0.8013265132904053,0,Stable,3.0504795597484278,0
SPCD_epi,105,-0.06489462405443192,0.32834362983703613,-0.027100988700564953,Stable,49.21704761904762,-0.05506423081354544
TP_epi,104,0.050597460791635546,0.4462240603984968,3.613531521432106e-8,Stable,12.109423076923077,2.9840657960975955e-7
TP_hypo,104,0.12864077669902912,0.052555968940797504,0.09090912248939276,Stable,15.051923076923076,0.6039701506897182
