STATIONID,parameter,n,tau,mk_p,sen_slope,sen_ci_lower,sen_ci_upper,trend
WINWEBD,SPCD_epi,31,-0.31612903225806455,0.013083919895177765,-0.37083333333333357,-0.6499999999999986,-0.07611111111111137,Improving
WINWEBD,CHL_comp,31,0.04736278309072039,0.7211095322566394,0.0050000000000000044,-0.028055555555555573,0.035038461538461525,Stable
WINWEBD,PH_epi,31,0.25946325003864634,0.04296645840362017,0.007750000000000012,0,0.013888888888888888,Improving
WINWEBD,SECCHI_NVS,31,-0.2222815478303602,0.08761156147892599,-0.017692307692307726,-0.04499999999999993,0,Stable
WINWEBD,TP_hypo,31,0.13261653003587806,0.30689703002862834,0.028999999999999915,-0.023214285714285663,0.10468750000000004,Stable
WINWEBD,TP_epi,31,0.11970389627881979,0.35772298401229563,0.029411764705882405,-0.0373076923076923,0.08518518518518521,Stable
