STATIONID,PARAMETER,n,tau,mk_p,sen_slope,sen_ci_lower,sen_ci_upper,TREND
GRTKINSD,SPCD_epi,35,0.6470588235294118,4.9429668968398687e-8,3.2321428571428563,2.5142857142857133,3.9679999999999995,Worsening
GRTKINSD,CHL_comp,35,-0.1345669105031807,0.2618512648906668,-0.01826086956521739,-0.04444444444444448,0.015277777777777798,Stable
GRTKINSD,PH_epi,34,0.21147259038788543,0.08261126085053586,0.00500000000000002,-0.0013043478260869672,0.01111111111111117,Stable
GRTKINSD,SECCHI_NVS,35,0.1513712710200263,0.2105696360149651,0.011249999999999982,-0.00714285714285715,0.03333333333333333,Stable
GRTKINSD,TP_epi,35,0.30496869843645075,0.011288053216818366,0.10869565217391304,0.025,0.1883333333333334,Worsening
GRTKINSD,TP_hypo,35,0.11196416075435459,0.35535966762451127,0.05555555555555555,-0.08620689655172414,0.1875,Stable
