parameter,non_na_n,tau,p.value,slope,trend,mean_value,percent_change
CHL_comp,64,-0.25559502840042114,0.0029519894160330296,-0.017496807151979564,Improving,2.299734375,-0.7608186120181626
SPCD_epi,65,0.721808135509491,0,0.8491071428571435,Worsening,93.73092307692308,0.9058986244702811
PH_epi,64,-0.04191691800951958,0.6304439306259155,-8.333333333333433e-4,Stable,6.88015625,-0.012112128025193371
TP_epi,64,0.04836862161755562,0.581240177154541,0.00491935483870966,Stable,7.16625,0.0686461515954601
TP_hypo,65,-0.09353943914175034,0.2744460701942444,-0.10000000000000009,Stable,28.724307692307693,-0.34813719819182926
SECCHI,64,-0.10858560353517532,0.21039462089538574,-0.008674749163879586,Stable,6.2078515625,-0.13973834710033123
