stationid,parameter,n,tau,mk_p,sen_slope,sen_ci_lower,sen_ci_upper,trend
WAUDAND,SECCHI,27,0.1857150437364194,0.18194755854443975,0.020000000000000018,-0.008035714285714273,0.043125,Stable
WAUDAND,TP_epi,27,-0.04017320010840051,0.7861263492702136,-0.010000000000000061,-0.15999999999999998,0.125,Stable
WAUDAND,SPCD_epi,27,0.18259647680465618,0.18896710886866688,0.10681818181818171,-0.04666666666666662,0.31799999999999995,Stable
WAUDAND,PH_epi,27,0.21935471857458871,0.11715844109268829,0.007500000000000062,-0.0018181818181817794,0.020000000000000018,Stable
WAUDAND,TP_hypo,25,0.4455667647649173,0.0020290750611000443,0.453939393939394,0.22499999999999998,0.82,Worsening
WAUDAND,CHL_comp,27,-0.3846153846153847,0.005214329655517015,-0.16624999999999998,-0.33599999999999997,-0.04625000000000001,Improving
WAUDAND,Year,27,0.9957173250742358,4.5334634465585667e-13,1,0.9047619047619048,1,Stable
