parameter,non_na_n,MK,SEN,tau,p.value,slope,significant,slope_dir,trend,mean_value,percent_change
CHL_comp,32,,,-0.35483869910240173,0.004541436675935984,1,TRUE,increasing,Worsening,1.7240094246031745,58.004323278579285
PH_epi,32,,,0.2240162491798401,0.0744163990020752,1,FALSE,NA,Stable,6.788135044642857,14.73158670862319
SECCHI,32,,,0.06451612710952759,0.6151680946350098,1,FALSE,NA,Stable,8.275661458333333,12.083626245887947
SPCD_epi,32,,,0.5040322542190552,5.3882598876953125e-5,1,TRUE,increasing,Worsening,91.07559895833333,1.0979889360458617
TP_epi,32,,,0.029057901352643967,0.8318815231323242,1,FALSE,NA,Stable,5.243799603174603,19.07014141796339
TP_hypo,32,,,0.058491967618465424,0.6584537029266357,1,FALSE,NA,Stable,6.352914186507936,15.740807614303364
