STATIONID,parameter,n,tau,mk_p,sen_slope,sen_ci_lower,sen_ci_upper,trend
PARLTLD,SPCD_epi,37,0.06626536083571243,0.5737179225771072,0.06416666666666648,-0.1380952380952377,0.3633333333333335,Stable
PARLTLD,CHL_comp,37,-0.21021021021021022,0.06906956114125586,-0.09429166666666663,-0.21200000000000005,0.003793103448275873,Stable
PARLTLD,PH_epi,37,-0.09781815742147824,0.402444609734133,-0.0033333333333333114,-0.011874999999999969,0.004642857142857139,Stable
PARLTLD,SECCHI_NVS,37,-0.24488738464092397,0.03605826877364562,-0.024999999999999946,-0.04318181818181817,0,Worsening
PARLTLD,TP_hypo,37,-0.025544710440316205,0.8342296644291487,-0.17083333333333334,-1.375,0.7649999999999999,Stable
PARLTLD,TP_epi,37,0.04573702173175071,0.7038299230808436,0.01388888888888884,-0.07719999999999999,0.08270833333333331,Stable
