parameter,non_na_n,MK,SEN,tau,p.value,slope,significant,slope_dir,trend,mean_value,percent_change
CHL_comp,24,,,-0.1304347962141037,0.38530993461608887,1,FALSE,NA,Stable,6.92639375,14.43752746514014
PH_epi,24,,,0.4246830940246582,0.003999590873718262,1,TRUE,increasing,Improving,6.667430555555556,14.998281446917542
SECCHI,24,,,0.02189839631319046,0.9011565446853638,1,FALSE,NA,Stable,2.1352604166666667,46.83269507524941
SPCD_epi,24,,,0.6304348707199097,1.7762184143066406e-5,1,TRUE,increasing,Worsening,77.03201388888888,1.298161568828256
TP_epi,24,,,0.1459892988204956,0.3326631784439087,1,FALSE,NA,Stable,14.42361111111111,6.93307655272027
TP_hypo,17,,,-0.2239055633544922,0.2303941249847412,1,FALSE,NA,Stable,15.592156862745098,6.413480885311872
