parameter,non_na_n,tau,p.value,slope,trend,mean_value,percent_change
CHL_comp,48,-0.02926829643547535,0.7760819792747498,-0.01001190476190476,Stable,6.198645833333333,-0.16151761257379083
SPCD_epi,48,0.2590950131416321,0.009692072868347168,0.13380952380952382,Worsening,31.733125,0.4216714357931146
PH_epi,48,-0.16004152595996857,0.11330517381429672,-0.00409586056644879,Stable,6.56875,-0.062353728889800814
TP_epi,48,0.11776423454284668,0.2470163106918335,0.026283783783783845,Stable,9.731666666666667,0.27008512194331746
TP_hypo,48,0.05333134904503822,0.60521399974823,0.009902597402597368,Stable,13.732083333333334,0.07211285543658004
SECCHI,47,-0.011439170688390732,0.9190515875816345,0,Stable,3.4972340425531914,0
