parameter,non_na_n,tau,p.value,slope,trend,mean_value,percent_change
CHL_comp,85,0.04763238877058029,0.521232008934021,0.018496732026143783,Stable,10.642184705882354,0.1738057789573969
SPCD_epi,86,0.3119094967842102,2.2172927856445313e-05,2.619047619047619,Worsening,369.5104651162791,0.7087884826816601
PH_epi,86,0.1158871129155159,0.1162797212600708,0.0026415094339622583,Stable,6.94639534883721,0.03802705290024175
TP_epi,86,0.1089877337217331,0.1405174732208252,0.046511627906976744,Stable,26.36279069767442,0.1764290755116443
TP_hypo,82,0.18382185697555542,0.014889359474182129,0.19130434782608705,Worsening,46.90609756097561,0.4078453714411028
SECCHI,87,0.028307804837822914,0.7051761150360107,0,Stable,1.9874137931034483,0
