parameter,non_na_n,tau,p.value,slope,trend,mean_value,percent_change
CHL_comp,103,-0.11195900291204453,0.09492310136556625,-0.006101694915254235,Stable,3.002430582524272,-0.20322517865256615
SPCD_epi,104,0.36995527148246765,0,0.1756338899196042,Worsening,67.96052884615385,0.2584351430183787
PH_epi,101,0.11399195343255997,0.09372437000274658,0.0018090909090908882,Stable,6.996108910891089,0.025858529821835858
TP_epi,102,0.04713119938969612,0.5012924671173096,0,Stable,9.441862745098039,0
TP_hypo,102,-0.018327314406633377,0.7919514775276184,0,Stable,17.573333333333334,0
SECCHI,103,0.16788700222969055,0.01271212100982666,0.0063157894736842165,Improving,3.5483495145631068,0.1779923158009944
