parameter,non_na_n,tau,p.value,slope,trend,mean_value,percent_change
CHL_comp,20,0.21751351654529572,0.19366085529327393,0.018878787878787877,Stable,1.84876,1.0211594733111857
PH_epi,20,-0.08971007168292999,0.6034943461418152,-0.008749999999999977,Stable,6.288,-0.13915394402035586
SECCHI,19,-0.111111119389534,0.5288645029067993,-0.0331818181818182,Stable,5.587052631578947,-0.5939055951302314
SPCD_epi,20,-0.3007926046848297,0.06908906996250153,-0.09479166666666661,Stable,16.823,-0.5634647011036474
TP_epi,20,0.26842105263157895,0.07672709572111946,0.0016666719317436215,Stable,5.264,0.03166170083099584
TP_hypo,20,0.02631578947368421,0.8902841195199385,-9.424984508366063e-9,Stable,6.084,-1.5491427528543827e-7
