parameter,non_na_n,MK,SEN,tau,p.value,slope,significant,slope_dir,trend,mean_value,percent_change
CHL_comp,17,,,0.029411768540740013,0.90164947509765625,1,FALSE,NA,Stable,8.75407156862745,11.42325593480143
PH_epi,17,,,0.27941179275512695,0.12747693061828613,1,FALSE,NA,Stable,6.6782352941176475,14.97401567867524
SECCHI,17,,,0.30258509516716003,0.09912610054016113,1,FALSE,NA,Stable,1.803872549019608,55.43628902959319
SPCD_epi,17,,,0.35294121503829956,0.05286109447479248,1,FALSE,NA,Stable,58.257745098039216,1.716509965013488
TP_epi,17,,,0.08823530375957489,0.6504631042480469,1,FALSE,NA,Stable,28.312745098039215,3.531978254094671
TP_hypo,0,,,NA,NA,NA,FALSE,NA,Stable,NA,NA
