parameter,non_na_n,tau,p.value,slope,significant,slope_dir,trend,mean_value,percent_change
CHL_comp,71,-0.10630161315202713,0.19172850251197815,-0.012830188679245277,FALSE,NA,Stable,4.719252112676056,-0.2718691091917509
PH_epi,66,0.15475060045719147,0.06852924823760986,0.002222222222222175,FALSE,NA,Stable,7.371818181818182,0.03014483221660368
SECCHI,67,0.14504507184028625,0.08600914478302002,0.008999999999999985,FALSE,NA,Stable,3.591716417910448,0.2505765754534684
SPCD_epi,81,0.09947486966848373,0.19045519828796387,0.5,FALSE,NA,Stable,372.1395061728395,0.1343582155901975
TP_epi,71,-0.06555832177400589,0.4265846610069275,-0.01799999999999997,FALSE,NA,Stable,11.793521126760563,-0.15262617335849213
TP_hypo,71,0.09179242700338364,0.26178717613220215,0.125,FALSE,NA,Stable,45.822535211267606,0.2727915411569435
