stationid,parameter,n,tau,mk_p,sen_slope,sen_ci_lower,sen_ci_upper,trend
PEABMADD,SECCHI,87,0.06937470135477974,0.3459036428279192,0.003804347826086972,-0.0037974683544303774,0.012195121951219513,Stable
PEABMADD,TP_epi,88,0.0837058733823951,0.2580017910290188,0.004622231012658228,-0.0034782608695652206,0.024426229508196725,Stable
PEABMADD,SPCD_epi,87,0.5658107761243256,9.16130282690368e-15,0.2626666666666667,0.2107317073170732,0.3144897959183673,Worsening
PEABMADD,PH_epi,87,0.16792266081008225,0.022118566701633167,0.0024999999999999836,4.347826086956622e-4,0.004166666666666667,Improving
PEABMADD,TP_hypo,88,0.08790846441633127,0.23229372456215797,0.012180706521739125,-0.006060606060606066,0.03965517241379311,Stable
PEABMADD,CHL_comp,88,-0.04843577905702543,0.5071800707514675,-0.003245552884615383,-0.011884057971014494,0.006000000000000005,Stable
PEABMADD,Year,89,0.9889584496415748,5.382117415303239e-42,0.3333333333333333,0.3333333333333333,0.34,Stable
