parameter,non_na_n,tau,p.value,slope,trend,mean_value,percent_change
CHL_comp,63,-0.014362679794430733,0.8727542161941528,-0.0012903225806451624,Stable,3.551593650793651,-0.03633080547817801
SPCD_epi,63,0.44802865386009216,2.384185791015625e-7,1.0977142857142859,Worsening,118.42952380952381,0.9268924254730563
PH_epi,63,0.17073960602283478,0.049547791481018066,0.004375000000000018,Improving,6.711571428571428,0.06518592622549568
TP_epi,65,0.2794820964336395,0.0011408329010009766,0.06190476190476189,Worsening,15.932307692307692,0.38854862145708025
TP_hypo,34,0.36712703108787537,0.002683877944946289,0.18260869565217389,Worsening,16.273529411764706,1.1221210287681027
SECCHI,65,0.026602663099765778,0.7596911191940308,0.0014354395604395617,Stable,3.119307692307692,0.0460178892893253
