parameter,non_na_n,tau,p.value,slope,trend,mean_value,percent_change
CHL_comp,97,-0.015034364261168385,0.8296348259919355,-0.0023844909667970642,Stable,4.971723711340206,-0.04796105144294688
PH_epi,98,0.0740584893751315,0.280901953918252,0.0024000284075734405,Stable,6.412367346938775,0.037428117849785995
SECCHI,100,-2.0202020202020202e-4,1,-5.960464477539063e-8,Stable,3.142275,-1.8968627753901433e-6
SPCD_epi,98,0.013044393014937934,0.8514002678684864,0.010857133648818013,Stable,40.76867346938776,0.026631069212910204
TP_epi,98,-0.1561119293078056,0.022616217245394532,-0.05392646789550781,Improving,10.691632653061225,-0.5043801040065439
TP_hypo,93,-0.11524076671341749,0.10156443231863976,-0.0479999922402206,Stable,11.68247311827957,-0.4108718398428411
