parameter,non_na_n,tau,p.value,slope,trend,mean_value,percent_change
CHL_comp,165,-0.03440253809094429,0.5149358510971069,-4.1960093896713496e-4,Stable,1.6335757575757575,-0.025686041006743814
SPCD_epi,173,0.6111960411071777,0,0.18098251959011452,Worsening,86.20375722543352,0.20994736820672766
PH_epi,173,0.22286267578601837,1.5854835510253906e-5,0.001470588235294119,Improving,6.771907514450867,0.021716011805476772
TP_epi,158,-0.02426392026245594,0.6984782218933105,0,Stable,5.572784810126582,0
TP_hypo,167,0.0629175677895546,0.28067493438720703,0,Stable,6.308383233532934,0
SECCHI,169,-0.06436648964881897,0.21740299463272095,-0.002272727272727275,Stable,8.475147928994083,-0.026816372903086604
