stationid,parameter,n,tau,mk_p,sen_slope,sen_ci_lower,sen_ci_upper,trend
HIGSTDSD,SECCHI,101,0.1853341614844225,0.006684837879964437,0.00454545454545455,0.0011184210526315784,0.007500000000000007,Improving
HIGSTDSD,TP_epi,98,-0.12859129752734264,0.0661728949318576,-0.013636363636363587,-0.031372549019607836,0,Stable
HIGSTDSD,SPCD_epi,100,-0.18748115552563085,0.0058176306907450695,-0.03749999999999999,-0.06379310344827585,-0.010666666666666677,Improving
HIGSTDSD,PH_epi,101,0.2489339715433537,2.4906692036636845e-4,0.0028107443820224697,0.0013888888888888963,0.0040259740259740205,Improving
HIGSTDSD,TP_hypo,51,-0.09021698675129405,0.3716630255876653,-0.00408163265306121,-0.07142857142857142,0.011666666666666714,Stable
HIGSTDSD,CHL_comp,100,-0.02628387434560251,0.7008371139264638,-0.003175403225806446,-0.01842857142857143,0.010722222222222225,Stable
HIGSTDSD,Year,103,0.9884156734385352,1.7896723486228737e-48,0.3018867924528302,0.2962962962962963,0.3076923076923077,Stable
