parameter,non_na_n,tau,p.value,slope,trend,mean_value,percent_change
CHL_comp,135,-0.03143856301903725,0.590341329574585,-0.0015217391304347889,Stable,4.086293703703704,-0.037240082108036594
SPCD_epi,135,0.6566736102104187,0,0.8312499999999999,Worsening,170.58,0.48730800797279866
PH_epi,135,0.04041063040494919,0.49094367027282715,3.1249999999999334e-4,Stable,6.825259259259259,0.0045785806535634625
TP_epi,129,0.2505300045013428,3.5762786865234375e-5,0.02964997964997966,Worsening,11.641937984496124,0.25468250809672166
TP_hypo,133,0.12406709790229797,0.036841392517089844,0.02280701754385963,Worsening,21.186466165413535,0.10764899330446911
SECCHI,133,0.1634387969970703,0.005896329879760742,0.004292482345579689,Improving,3.175545112781955,0.135173086608089
