parameter,non_na_n,tau,p.value,slope,trend,mean_value,percent_change
CHL_comp,54,-0.3307693302631378,4.291039949748665e-4,-0.06437500000000007,Improving,4.886297222222222,-1.3174597670242252
SPCD_epi,53,0.5428156852722168,0,1.5559027777777779,Worsening,169.87245283018868,0.9159241253395691
PH_epi,53,-0.08892212808132172,0.3531382083892822,-0.0018518518518518452,Stable,6.912547169811321,-0.02678971739880933
TP_epi,51,-0.006544418632984161,0.9543437957763672,0,Stable,9.227843137254903,0
TP_hypo,48,-0.0711982324719429,0.49172157049179077,-0.020470383275261336,Stable,14.646458333333333,-0.13976336674289067
SECCHI,55,0.1324813961982727,0.16043174266815186,0.007500000000000009,Stable,2.694272727272727,0.2783682558963462
