stationid,parameter,n,tau,mk_p,sen_slope,sen_ci_lower,sen_ci_upper,trend
WINTLACD,SECCHI,70,-0.23982584454415673,0.0036427989210148443,-0.02093023255813954,-0.03333333333333336,-0.006666666666666762,Worsening
WINTLACD,TP_epi,69,-0.11035840643712544,0.1925758677870004,-0.013642105263157893,-0.050370370370370385,0,Stable
WINTLACD,SPCD_epi,70,0.7217734975922482,1.0789107383612545e-18,0.7914999999999999,0.6862068965517241,0.8844444444444437,Worsening
WINTLACD,PH_epi,70,-0.0753234527243234,0.3613207199583969,-0.0014285714285714405,-0.005000000000000015,0.0016000000000000014,Stable
WINTLACD,TP_hypo,69,-0.15299177800414399,0.06575191989326386,-0.0310818713450292,-0.06239999999999995,0,Stable
WINTLACD,CHL_comp,68,-0.1514089786730001,0.06937405655538166,-0.00709677419354839,-0.016666666666666663,5.55555555555552e-4,Stable
WINTLACD,Year,70,0.9870800991577173,7.578588415613571e-33,0.6,0.5625,0.6521739130434783,Stable
