parameter,non_na_n,tau,p.value,slope,significant,slope_dir,trend,mean_value,percent_change
CHL_comp,12,0,1,0.010142857142857136,FALSE,NA,Stable,4.595566666666667,0.22070960729232816
PH_epi,12,-0.09090907871723175,0.7317017316818237,-0.01464285714285717,FALSE,NA,Stable,5.761666666666667,-0.25414273317079267
SECCHI,12,-0.363636314868927,0.114756740629673,-0.10069444444444439,FALSE,NA,Stable,2.5741666666666667,-3.9117297938923037
SPCD_epi,12,-0.24242421984672546,0.3036732077598572,-0.6192857142857142,FALSE,NA,Stable,45.13583333333333,-1.3720489211137807
TP_epi,12,-0.030772872269153595,0.9450713992118835,-0.020000000000000018,FALSE,NA,Stable,12.479166666666666,-0.16026711185308862
TP_hypo,12,0.10687334090471268,0.6800417900085449,0.21666666666666667,FALSE,NA,Stable,13.98,1.5498330948974726
