parameter,non_na_n,tau,p.value,slope,significant,slope_dir,trend,mean_value,percent_change
CHL_comp,106,0.014760168269276619,0.824979305267334,4.761904761904766e-4,FALSE,NA,Stable,2.163359905660377,0.02201161604893093
PH_epi,112,0.06965987384319305,0.28053176403045654,7.894736842105153e-4,FALSE,NA,Stable,6.904276785714286,0.01143456018223406
SECCHI,106,-0.0350470170378685,0.5981618165969849,-0.0018181818181818602,FALSE,NA,Stable,7.058867924528302,-0.02575741376126339
SPCD_epi,112,0.02864960953593254,0.6562683582305908,0.03179540229885061,FALSE,NA,Stable,105.94964285714286,0.030009919279975227
TP_epi,112,-0.05514910817146301,0.40927380323410034,0,FALSE,NA,Stable,5.573571428571428,0
TP_hypo,112,-0.02196512371301651,0.7358978986740112,0,FALSE,NA,Stable,14.436339285714286,0
