parameter,non_na_n,tau,p.value,slope,trend,mean_value,percent_change
CHL_comp,28,0.24867722392082214,0.06615734100341797,0.13078787878787881,Stable,5.711317857142857,2.2899772357146784
SPCD_epi,28,0.20105817914009094,0.13840973377227783,0.9312500000000004,Stable,125.84214285714286,0.7400144171552798
PH_epi,29,0,1,0,Stable,6.646206896551724,0
TP_epi,27,-0.06667674332857132,0.6451547145843506,-0.033043478260869556,Stable,7.704074074074074,-0.4289091452543041
TP_hypo,27,0.0858376994729042,0.5452089309692383,0.11176470588235286,Stable,18.966296296296296,0.5892806066948246
SECCHI,29,-0.39308059215545654,0.0030234933365136385,-0.06187499999999999,Worsening,4.296293103448276,-1.4401950358167623
