parameter,non_na_n,tau,p.value,slope,trend,mean_value,percent_change
CHL_comp,101,-0.0432368665933609,0.5242723226547241,-0.003333333333333326,Stable,4.564706930693069,-0.07302403821196071
SPCD_epi,105,0.12318979203701019,0.06316947937011719,0.056766233766233756,Stable,49.21704761904762,0.11533855952843564
PH_epi,106,-0.09251201152801514,0.1628793627023697,-0.0013043478260869672,Stable,6.712169811320755,-0.019432580860619057
TP_epi,104,0.048637889325618744,0.47916388511657715,0,Stable,12.109423076923077,0
TP_hypo,104,0.13023559749126434,0.055889010429382324,0.031830462681526506,Stable,15.051923076923076,0.21147106930361295
SECCHI,106,0.009335416369140148,0.8912237882614136,0,Stable,3.0504795597484278,0
