parameter,non_na_n,tau,p.value,slope,trend,mean_value,percent_change
CHL_comp,97,0.08120301365852356,0.2399991750717163,0.02232594718714121,Worsening,11.55539175257732,0.19320805097033272
PH_epi,96,-0.018085872754454613,0.7975829839706421,-2.1980676328501946e-4,Worsening,6.049079861111111,-0.003633722290527749
SECCHI,96,-0.018663838505744934,0.7946000099182129,0,Worsening,1.2860833333333332,0
SPCD_epi,95,0.08560225367546082,0.2205822467803955,0.08230769230769233,Worsening,91.38624561403509,0.09006573336573477
TP_epi,101,-0.16574257425742575,NA,NA,Improving,28.99079207920792,NA
TP_hypo,97,-0.002147766323024055,NA,NA,Improving,76.5553264604811,NA
