STATIONID,parameter,n,tau,mk_p,sen_slope,sen_ci_lower,sen_ci_upper,trend
DANLFRED,SPCD_epi,23,0.4150197628458498,0.00602004710232309,0.6485714285714285,0.16499999999999915,1.1729411764705882,Worsening
DANLFRED,CHL_comp,23,0.06719367588932806,0.6726109872286649,0.016923076923076905,-0.07935416666666668,0.09785714285714286,Stable
DANLFRED,PH_epi,23,0.00793657042549816,0.978915245485972,0.001923076923076882,-0.012500000000000178,0.012050000000000071,Stable
DANLFRED,SECCHI,19,-0.047199488360319244,0.806185538445556,-0.008333333333333304,-0.05555555555555555,0.04117647058823531,Stable
DANLFRED,TP_hypo,23,0.4514860336956696,0.002831864813918125,0.9166666666666669,0.3277777777777779,1.4499999999999997,Worsening
DANLFRED,TP_epi,23,-0.16269969372271226,0.2904404463869862,-0.08499999999999996,-0.22999999999999995,0.08307692307692302,Stable
