parameter,non_na_n,MK,SEN,tau,p.value,slope,significant,slope_dir,trend,mean_value,percent_change
CHL_comp,31,,,-0.3290322721004486,0.009781613014638424,1,TRUE,increasing,Worsening,4.013743440860215,24.914397612461315
PH_epi,31,,,0.1483871042728424,0.24778079986572266,1,FALSE,NA,Stable,6.7839838709677425,14.740601083671931
SECCHI,31,,,0.24731184542179108,0.0526731014251709,1,FALSE,NA,Stable,3.2261827956989246,30.996383755228557
SPCD_epi,31,,,0.6000000238418579,2.2649765014648438e-06,1,TRUE,increasing,Worsening,178.39983870967743,0.5605386233713866
TP_epi,31,,,0.265086829662323,0.03806424140930176,1,TRUE,increasing,Worsening,12.270752688172044,8.149459331569076
TP_hypo,31,,,-0.08387096971273422,0.5183675289154053,1,FALSE,NA,Stable,27.87672043010753,3.587222544729386
