parameter,non_na_n,MK,SEN,tau,p.value,slope,significant,slope_dir,trend,mean_value,percent_change
CHL_comp,26,,,-0.20615386962890625,0.1457405984401703,1,FALSE,NA,Stable,10.723229853479854,9.32554849298026
PH_epi,26,,,0.18547339737415314,0.19304931163787842,1,FALSE,NA,Stable,7.08057967032967,14.123137462747316
SECCHI,26,,,-0.21230770647525787,0.13391894102096558,1,FALSE,NA,Stable,2.718937728937729,36.779069610788525
SPCD_epi,26,,,0.48307695984840393,5.849599838256836e-4,1,TRUE,increasing,Worsening,829.8166666666667,0.12050854606439172
TP_epi,26,,,-0.16307693719863892,0.2517286539077759,1,FALSE,NA,Stable,19.781904761904762,5.0551249338019355
TP_hypo,26,,,-0.20000001788139343,0.1583450883626938,1,FALSE,NA,Stable,86.80828754578755,1.1519637447893947
