STATIONID,parameter,n,tau,mk_p,sen_slope,sen_ci_lower,sen_ci_upper,trend
ANGSDND,SPCD_epi,22,0.4270243715864017,0.006172630466091198,3.557142857142858,1,5.983333333333334,Worsening
ANGSDND,CHL_comp,22,0.329718780071541,0.03437152063923184,0.14766666666666667,0.006666666666666672,0.27699999999999986,Worsening
ANGSDND,PH_epi,22,0.2304369606620954,0.14225106501993606,0.011999999999999922,-0.003571428571428622,0.02666666666666669,Stable
ANGSDND,SECCHI_NVS,23,-0.26323557080860793,0.08924737472568843,-0.04375,-0.0859375,0,Stable
ANGSDND,TP_hypo,22,0.27765792006024503,0.07553924511823114,0.4,-0.01538461538461533,0.8777777777777777,Stable
ANGSDND,TP_epi,22,0.34499132350269485,0.027557379330182583,0.19999999999999996,0.018181818181818278,0.4,Worsening
