parameter,non_na_n,tau,p.value,slope,trend,mean_value,percent_change
CHL_comp,28,-0.07142857142857142,0.6072729771537295,-0.02336806726455677,Stable,4.256678571428571,-0.5489742030654263
PH_epi,28,0.2275132275132275,0.0925414474672952,0.00841361045837421,Stable,6.762142857142857,0.12442225247410894
SECCHI,28,0.13756613756613756,0.31327788205453766,0.0161520767211915,Stable,3.0315714285714286,0.5327955188178715
SPCD_epi,28,0.14814814814814814,0.27702224986256496,0.837930297851565,Stable,163.25,0.5132804274741593
TP_epi,28,0.06084656084656084,0.663102818139579,0.0264892578125,Stable,10.98857142857143,0.24106188856929275
TP_hypo,28,-0.20899470899470898,0.12275523541973632,-0.24859619140625,Stable,26.021785714285713,-0.9553387078649759
