parameter,non_na_n,tau,p.value,slope,trend,mean_value,percent_change
CHL_comp,100,0.04286293312907219,0.5297386646270752,0.0049127988748241865,Stable,5.529281,0.08885059151134092
PH_epi,101,0.015745224431157112,0.8189069032669067,1.515151515151483e-4,Stable,6.168425742574257,0.0024563017832799064
SECCHI,101,-0.07060348987579346,0.30236220359802246,-0.001680790960451979,Stable,2.5073663366336634,-0.06703412006035676
SPCD_epi,100,0.069774530827999115,0.3055858612060547,0.013900966183574885,Stable,28.8654,0.04815788516207946
TP_epi,98,-0.12623606143488322,0.06509792253093827,-0.040252685546875,Stable,11.663163265306123,-0.3451266575905082
TP_hypo,51,-0.08705882352941176,0.3659614817334307,-0.00769229419529438,Stable,12.034313725490197,-0.06391967477963559
