parameter,non_na_n,tau,p.value,slope,trend,mean_value,percent_change
CHL_comp,44,0.2530442774295807,0.016059398651123047,0.02571428571428571,Worsening,2.8347272727272728,0.9071167431760081
SPCD_epi,43,-0.3545706570148468,8.418597280979156e-4,-0.0698214285714285,Improving,16.57453488372093,-0.421257242277159
PH_epi,43,0.3553594946861267,8.395910263061523e-4,0.013333333333333345,Improving,6.348488372093024,0.21002374977868152
TP_epi,44,0.29840776324272156,0.006153225898742676,0.04558441558441559,Worsening,7.355,0.6197745150838285
TP_hypo,39,0.08825624734163284,0.4556143283843994,0,Stable,8.068717948717948,0
SECCHI,43,-0.18562482297420502,0.0853452980518341,-0.00823529411764704,Stable,4.184383720930232,-0.19681020353019268
