STATIONID,parameter,n,tau,mk_p,sen_slope,sen_ci_lower,sen_ci_upper,trend
ISLWASD,SPCD_epi,25,0.033333333333333326,0.8335157043083458,0.05272556390977464,-0.4019999999999982,0.5673076923076923,Stable
ISLWASD,CHL_comp,25,0.14666666666666664,0.3152515554041374,0.04298611111111111,-0.037366666666666624,0.1499999999999999,Stable
ISLWASD,PH_epi,25,0.2780604622217153,0.055279076321733754,0.0121875,0,0.025499999999999988,Stable
ISLWASD,SECCHI_NVS,25,-0.32606193304461495,0.02473284358547963,-0.07618055555555556,-0.14583333333333334,-0.01071428571428574,Worsening
ISLWASD,TP_hypo,25,0.4321662605614612,0.0027726081916200343,0.19489010989010988,0.0777777777777777,0.3125,Worsening
ISLWASD,TP_epi,25,-0.11297028014724557,0.4673341047601932,0,-0.16958333333333334,0.004062499999999969,Stable
