stationid,parameter,n,tau,mk_p,sen_slope,sen_ci_lower,sen_ci_upper,trend
SPEENFD2,SECCHI,17,-0.09024852563942802,0.6484153842817445,-0.004971590909090939,-0.0455357142857143,0.022727272727272728,Stable
SPEENFD2,TP_epi,18,0.18954248366013077,0.2888828040271638,0.09285714285714278,-0.08000000000000007,0.2666666666666666,Stable
SPEENFD2,SPCD_epi,18,0.13725490196078433,0.44871801561914504,0.125,-0.18615384615384628,0.5599999999999994,Stable
SPEENFD2,PH_epi,18,0.2679738562091504,0.12974504639571685,0.01678571428571431,-0.0060000000000000496,0.03624999999999989,Stable
SPEENFD2,CHL_comp,18,0.13725490196078433,0.44871801561914504,0.01899999999999995,-0.031666666666666586,0.10749999999999993,Stable
SPEENFD2,Year,18,0.9934425522269336,1.2717014380084267e-8,1,1,1,Stable
