parameter,non_na_n,tau,p.value,slope,significant,slope_dir,trend,mean_value,percent_change
CHL_comp,165,0.04729659482836723,0.3686201572418213,0.003947368421052632,FALSE,increasing,Worsening (weak),5.519392424242424,0.0715181693498526
PH_epi,170,-0.003988297190517187,0.9398336410522461,0,FALSE,NA,Stable,6.909323529411765,0
SECCHI,176,-0.036630768328905106,0.4757412075996399,-6.557447540419669e-4,FALSE,decreasing,Worsening (weak),3.525333806818182,-0.018600926606544943
SPCD_epi,169,-0.14869628846645355,0.0041399504989385605,-0.17336391437308873,TRUE,decreasing,Improving (significant),162.51082840236685,-0.10667837711333937
TP_epi,168,0.004215842578560114,0.9393815994262695,0,FALSE,NA,Stable,8.467142857142857,0
TP_hypo,160,-0.12928327918052673,0.017485449090600014,-0.024390243902439025,TRUE,decreasing,Improving (significant),15.3054375,-0.1593567247093657
