parameter,non_na_n,MK,SEN,tau,p.value,slope,significant,slope_dir,trend,mean_value,percent_change
CHL_comp,40,,,0.10391277819871902,0.3512611389160156,1,FALSE,NA,Stable,3.289254166666667,30.402028828723836
PH_epi,40,,,-0.03725119307637215,0.7441896796226501,1,FALSE,NA,Stable,6.5842,15.187874001397283
SECCHI,40,,,-0.1876612901687622,0.09105496853590012,1,FALSE,NA,Stable,5.02074255952381,19.917372542894224
SPCD_epi,40,,,0.0615384615957737,0.5839674472808838,1,FALSE,NA,Stable,39.3224875,2.543074112490976
TP_epi,40,,,0.048843350261449814,0.6663190126419067,1,FALSE,NA,Stable,6.805083333333333,14.694897196948359
TP_hypo,40,,,-0.020565619692206383,0.8612265586853027,1,FALSE,NA,Stable,10.92925,9.149758675114944
