parameter,non_na_n,tau,p.value,slope,trend,mean_value,percent_change
CHL_comp,107,-0.01906275562942028,0.7733060717582703,-0.0014285714285714615,Stable,4.302860280373832,-0.03320050699966831
PH_epi,106,-0.06249517574906349,0.34614723920822144,-7.407407407407414e-4,Stable,6.447396226415094,-0.01148899051226158
SECCHI,107,0.09374187141656876,0.1611952781677246,0.002380952380952383,Stable,3.720210280373832,0.06400047850825058
SPCD_epi,106,0.09927963465452194,0.13317859172821045,0.017241379310344827,Stable,33.41297169811321,0.05160085569796363
TP_epi,105,0.04139194139194139,0.5324674737324346,0.005166625976562134,Stable,8.865904761904762,0.0582752253189344
TP_hypo,105,0.0924908424908425,0.1620570394029992,0.030434725806117058,Stable,9.645619047619048,0.3155290049904019
