parameter,non_na_n,MK,SEN,tau,p.value,slope,significant,slope_dir,trend,mean_value,percent_change
CHL_comp,13,,,-0.1794871985912323,0.42771053314208984,1,FALSE,NA,Stable,2.8893769230769233,34.60953785617873
PH_epi,13,,,-0.37420135736465454,0.08700049668550491,1,FALSE,NA,Stable,6.527692307692308,15.319349516851283
SECCHI,13,,,0.26324906945228577,0.24225497245788574,1,FALSE,NA,Stable,2.9942307692307693,33.397559409120106
SPCD_epi,13,,,-0.30769234895706177,0.1605558842420578,1,FALSE,NA,Stable,29.717692307692307,3.364998835192711
TP_epi,12,,,-0.1906924992799759,0.4426954388618469,1,FALSE,NA,Stable,11.075000000000001,9.029345372460496
TP_hypo,6,,,NA,NA,NA,FALSE,NA,Stable,12.15,NA
