stationid,parameter,n,tau,mk_p,sen_slope,sen_ci_lower,sen_ci_upper,trend
NORHAND,SECCHI,86,-0.0971743733213053,0.19017750891328497,-0.002976190476190476,-0.008571428571428567,0.0015625000000000083,Stable
NORHAND,TP_epi,86,0.03161245242877822,0.6728527936183967,0.001694915254237282,-0.016666666666666673,0.03076923076923073,Stable
NORHAND,SPCD_epi,87,0.24129662111080558,9.675746071105013e-4,0.0914893617021276,0.03142857142857147,0.14279411764705885,Worsening
NORHAND,PH_epi,87,0.037883352278754556,0.6076670802521607,7.142857142857245e-4,-0.0019230769230769162,0.0032258064516129063,Stable
NORHAND,TP_hypo,86,0.07279761191292705,0.32797765350795677,0.016666666666666666,-0.01111111111111112,0.05,Stable
NORHAND,CHL_comp,85,0.017659429703999665,0.8139525095874611,0.0038013136288998373,-0.01836734693877552,0.025162162162162164,Stable
NORHAND,Year,87,0.9835590469432142,3.0152030765297618e-40,0.3142857142857143,0.30303030303030304,0.3333333333333333,Stable
