parameter,non_na_n,tau,p.value,slope,trend,mean_value,percent_change
CHL_comp,35,0.10252100974321365,0.3941664695739746,0.2976153846153846,Stable,32.44242,0.9173649333662058
SPCD_epi,28,0.43708643317222595,0.001192331314086914,1.2677083333333332,Worsening,102.37392857142858,1.238311698128127
PH_epi,29,0.19677451252937317,0.1426098346710205,0.008574999999999961,Stable,6.966206896551724,0.12309424809424753
TP_epi,30,-0.07954440265893936,0.5546579360961914,-0.10526315789473684,Stable,27.576666666666668,-0.38171095574061464
TP_hypo,30,0.15260371565818787,0.245758056640625,0.4166666666666667,Stable,59.89,0.6957199309845828
SECCHI,36,0.1446380317211151,0.22836709022521973,0.011327838827838825,Stable,1.3152777777777778,0.861250681736426
