stationid,parameter,n,tau,mk_p,sen_slope,sen_ci_lower,sen_ci_upper,trend
CONJAFD,SECCHI,90,-0.08720281522321625,0.23217500423467474,-0.002027027027027032,-0.005681818181818182,9.43396226415091e-4,Stable
CONJAFD,TP_epi,91,0.03153365753224167,0.6652189640691109,0,-0.018636363636363642,0.028000000000000115,Stable
CONJAFD,SPCD_epi,92,0.3985655908364762,1.916973908121759e-8,0.24824532171238145,0.16923076923076946,0.333090909090909,Worsening
CONJAFD,PH_epi,92,-0.10306470558305195,0.14872517432686583,-0.0013714733542319812,-0.003333333333333336,5.172413793103491e-4,Stable
CONJAFD,TP_hypo,89,0.08027713828996606,0.2728384482009557,0.016496598639455788,-0.012162162162162144,0.04999999999999982,Stable
CONJAFD,CHL_comp,94,-0.35839342997466883,3.19110820873064e-7,-0.030303030303030304,-0.0408695652173913,-0.020294117647058824,Improving
CONJAFD,Year,96,0.989196023005463,2.5261364588835117e-45,0.3333333333333333,0.32727272727272727,0.3333333333333333,Stable
