parameter,non_na_n,tau,p.value,slope,significant,slope_dir,trend,mean_value,percent_change
CHL_comp,95,0.00965427327901125,0.8925714492797852,2.9411764705881727e-4,FALSE,increasing,Worsening (weak),2.2175126315789475,0.013263403458017515
PH_epi,101,0.04015134647488594,0.5552619695663452,8.333333333333156e-4,FALSE,increasing,Improving (weak),6.147722772277228,0.013555154716656716
SECCHI,103,-0.06228068098425865,0.3569985628128052,-0.005555555555555552,FALSE,decreasing,Worsening (weak),8.162621359223301,-0.06806092443915812
SPCD_epi,100,0.1036229133605957,0.1280210018157959,0.013043478260869596,FALSE,increasing,Worsening (weak),19.0444,0.06848983565179054
TP_epi,102,0.024937383830547333,0.7370373010635376,0,FALSE,NA,Stable,5.55843137254902,0
TP_hypo,101,0.040325433015823364,0.5740059614181519,0,FALSE,NA,Stable,6.36029702970297,0
