STATIONID,PARAMETER,n,tau,mk_p,sen_slope,sen_ci_lower,sen_ci_upper,TREND
SPEENFD2,SPCD_epi,16,0.05857791861290061,0.7868453832008203,0.0654761904761903,-0.3,0.6912499999999993,Stable
SPEENFD2,CHL_comp,16,0.06666666666666667,0.7526419827681854,0.013019871794871764,-0.07146071428571434,0.135,Stable
SPEENFD2,PH_epi,15,0.3523809523809524,0.07482460710308472,0.025000000000000022,-0.005999999999999961,0.06142857142857139,Stable
SPEENFD2,SECCHI_NVS,15,-0.18826651535816336,0.3667188266163947,-0.03375,-0.07727272727272728,0.02403846153846154,Stable
SPEENFD2,TP_epi,16,0.2,0.3004271167492414,0.11649999999999996,-0.09545454545454544,0.344,Stable
