parameter,non_na_n,tau,p.value,slope,significant,slope_dir,trend,mean_value,percent_change
CHL_comp,92,0.08342298865318298,0.24048614501953125,0.013040575243965066,FALSE,increasing,Worsening (weak),6.512905434782609,0.2002266941313319
PH_epi,91,0.1042175218462944,0.1468343734741211,0.0014545454545454558,FALSE,increasing,Improving (weak),6.730582417582418,0.02161098942560634
SECCHI,92,-0.07284677028656006,0.3081912398338318,-0.00208333333333334,FALSE,decreasing,Worsening (weak),2.003695652173913,-0.10397453979964591
SPCD_epi,91,-0.025431005284190178,0.72398841381073,-0.056250000000000355,FALSE,decreasing,Improving (weak),211.8876923076923,-0.026547082271450213
TP_epi,91,0.15950189530849457,0.026245713233947754,0.03749999999999994,TRUE,increasing,Worsening (significant),17.869230769230768,0.2098579423159704
TP_hypo,91,0.04171315208077431,0.5622001886367798,0.022857142857142878,FALSE,increasing,Worsening (weak),27.53076923076923,0.08302398914301688
