stationid,parameter,n,tau,mk_p,sen_slope,sen_ci_lower,sen_ci_upper,trend
TARPIED,SECCHI,67,0.07341788580666704,0.38623260670712883,0.0065384615384615355,-0.007547169811320762,0.01928947368421054,Stable
TARPIED,TP_epi,70,-0.16819988772721567,0.05499570071291175,0,-0.0364814814814815,0,Stable
TARPIED,SPCD_epi,70,0.12352338238525358,0.13212230789835852,0.0288571428571428,-0.008108108108108223,0.06739130434782611,Stable
TARPIED,PH_epi,70,0.016229915227892886,0.8471811023365895,1.9607843137254484e-4,-0.0031578947368421316,0.0034782608695652206,Stable
TARPIED,TP_hypo,70,-0.030780774857294368,0.7144346535891767,0,-0.03395833333333333,0.01999999999999998,Stable
TARPIED,CHL_comp,70,-0.19784349086268607,0.015803330413870446,-0.012574468085106387,-0.023600000000000003,-0.002400000000000002,Improving
TARPIED,Year,71,0.9864270015445935,3.1835794685923696e-33,0.34285714285714286,0.3333333333333333,0.34782608695652173,Stable
