parameter,non_na_n,tau,p.value,slope,trend,mean_value,percent_change
CHL_comp,117,-0.048866987228393555,0.4368985891342163,-0.003797960174842154,Improving,4.341261538461539,-0.08748517317360427
PH_epi,115,0.05317084118723869,0.40412235260009766,5.714285714285592e-4,Improving,6.678260869565217,0.008556547619047436
SECCHI,117,0.08081354200839996,0.2013380527496338,0.003196385542168674,Improving,4.091623931623932,0.07812021817215384
SPCD_epi,115,-0.11160308867692947,0.07763709872961044,-0.02547169811320754,Improving,31.279260869565217,-0.08143318417728838
TP_epi,119,-0.04472297393533685,NA,NA,Improving,11.285210084033613,NA
TP_hypo,116,0.018290854572713643,NA,NA,Worsening,12.527758620689655,NA
