stationid,parameter,n,tau,mk_p,sen_slope,sen_ci_lower,sen_ci_upper,trend
POSLYMD,SECCHI,38,0.11646974838640504,0.3138069974376987,0.01290322580645161,-0.015789473684210516,0.04233870967741935,Stable
POSLYMD,TP_epi,38,-0.04345389846792316,0.714563937937353,-0.004761904761904745,-0.10719999999999999,0.05500000000000003,Stable
POSLYMD,SPCD_epi,37,0.05112787735644328,0.6659762392326554,0.044636015325670506,-0.2593749999999999,0.29999999999999954,Stable
POSLYMD,PH_epi,36,-0.28798809147580684,0.014188964564178282,-0.009736842105263155,-0.019230769230769232,-0.0018181818181817794,Worsening
POSLYMD,TP_hypo,38,0.4054872721600768,4.034226277263327e-4,0.36363636363636365,0.16666666666666666,0.5285714285714286,Worsening
POSLYMD,CHL_comp,38,-0.04978662873399716,0.6690554101034223,-0.02,-0.10269230769230776,0.06357142857142861,Stable
POSLYMD,Year,39,0.9966204702259603,5.847717997167771e-19,0.9,0.8620689655172413,0.9166666666666666,Stable
