parameter,non_na_n,tau,p.value,slope,trend,mean_value,percent_change
CHL_comp,35,-0.05382676050066948,0.659727931022644,-0.018000000000000006,Improving,6.459142857142857,-0.27867474675985326
PH_epi,33,0.04385226219892502,0.7329802513122559,9.005376344085974e-4,Improving,6.9806060606060605,0.01290056517428534
SECCHI,35,0.11537297815084457,0.3521595001220703,0.0050000000000000044,Improving,3.1514285714285712,0.15865820489573904
SPCD_epi,33,-0.07772515714168549,0.5353559255599976,-0.12088235294117569,Improving,88.11181818181818,-0.13719198563322768
TP_epi,32,-0.18951612903225806,NA,NA,Improving,10.3125,NA
TP_hypo,31,-0.24301075268817204,NA,NA,Improving,12.35483870967742,NA
