parameter,non_na_n,tau,p.value,slope,trend,mean_value,percent_change
CHL_comp,13,0.384615421295166,0.07685089111328125,0.5877083333333333,Stable,7.422307692307692,7.9181348671710365
SPCD_epi,13,0.12820513546466827,0.5829505920410156,0.9310606060606064,Stable,152.58461538461538,0.6101929763454267
PH_epi,13,0.05128205567598343,0.8547770977020264,0.009166666666666719,Stable,7.124615384615384,0.1286619160728432
TP_epi,13,0.41025644540786743,0.05858755111694336,0.3316666666666666,Stable,12.348461538461539,2.6858946406694484
TP_hypo,12,-0.030303027480840683,0.9453298449516296,-0.6214285714285713,Stable,55.458333333333336,-1.1205323602017816
SECCHI,13,-0.24516640603542328,0.27124083042144775,-0.04602272727272718,Stable,3.2551923076923077,-1.4138251421881096
