parameter,non_na_n,tau,p.value,slope,trend,mean_value,percent_change
CHL_comp,12,-0.6363636363636364,0.004931500366306407,-0.3939268554687497,Improving,4.595566666666667,-8.571888605730518
PH_epi,12,0.48484848484848486,0.03352416523500468,0.05990234374999971,Improving,5.761666666666667,1.0396704150997926
SECCHI,12,0.2727272727272727,0.2437222847721745,0.12835262298583994,Stable,2.5741666666666667,4.986181533927094
SPCD_epi,12,0.45454545454545453,0.0467449410537113,1.8610302734374986,Worsening,45.13583333333333,4.123176943900815
TP_epi,12,-0.3939393939393939,0.08499128280623891,-0.592878417968751,Stable,12.479166666666666,-4.750945586393998
TP_hypo,12,-0.5303030303030303,0.019440871514004865,-1.0000000439584253,Improving,13.98,-7.153076137041669
