parameter,non_na_n,tau,p.value,slope,trend,mean_value,percent_change
CHL_comp,132,0.03252127394080162,0.581761360168457,0.003809948221712924,Stable,6.823865151515151,0.05583270092708345
PH_epi,134,0.023932239040732384,0.6847738027572632,2.2471910112359072e-4,Stable,6.840522388059702,0.003285116082886351
SECCHI,135,-0.07945102453231812,0.18233536183834076,-0.0011111111111111122,Stable,2.333562962962963,-0.04761436176122355
SPCD_epi,134,0.043812863528728485,0.4543130397796631,0.021428571428571224,Stable,60.51231343283582,0.03541191901769769
TP_epi,132,0.04533888503354152,0.43838013207571613,-6.128102570914848e-8,Stable,11.026439393939395,-5.557644087975594e-7
TP_hypo,88,-0.05172413793103448,0.4739604781154765,6.835907774742985e-8,Stable,11.055681818181819,6.183162546791887e-7
