stationid,parameter,n,tau,mk_p,sen_slope,sen_ci_lower,sen_ci_upper,trend
WHELEED,SECCHI,13,-0.2967803701031927,0.17872200394421775,-0.05499999999999995,-0.13250000000000015,0.01833333333333324,Stable
WHELEED,TP_epi,13,0.3589743589743589,0.09950873215916971,0.3316666666666666,-0.10000000000000142,0.9799999999999999,Stable
WHELEED,SPCD_epi,13,0.17948717948717946,0.42771051029746415,1.132500000000001,-2.2444444444444462,3.9700000000000015,Stable
WHELEED,PH_epi,13,0.05128205128205127,0.8547770980655479,0.009166666666666719,-0.07333333333333354,0.06333333333333346,Stable
WHELEED,TP_hypo,12,0,1,0.2202380952380954,-7.225,4.928571428571429,Stable
WHELEED,CHL_comp,13,0.3846153846153845,0.07685087226788877,0.5604166666666667,-0.05999999999999991,1.2242857142857144,Stable
WHELEED,Year,13,0.987096233585649,4.37352266789081e-6,0.875,0.8,1,Stable
