STATIONID,parameter,n,tau,mk_p,sen_slope,sen_ci_lower,sen_ci_upper,trend
SUNSUN070,CHL_comp,37,-0.21219015686812973,0.0670239544821718,-0.009827586206896556,-0.02499999999999991,4.3478260869565257e-4,Stable
