stationid,parameter,n,tau,mk_p,sen_slope,sen_ci_lower,sen_ci_upper,trend
MONRINAD,SECCHI,87,-0.1670454498797335,0.023983953908993907,-0.005714285714285713,-0.011111111111111106,0,Worsening
MONRINAD,TP_epi,86,0.07382825823663472,0.323877919638774,0.009090909090909139,-0.007692307692307699,0.03333333333333336,Stable
MONRINAD,SPCD_epi,87,0.6041723249995287,1.2503942408132334e-16,0.40681159420289853,0.3500000000000004,0.4630434782608695,Worsening
MONRINAD,PH_epi,88,0.17131132231172333,0.018920789349541077,0.002423112767940357,4.5454545454544484e-4,0.004285714285714285,Improving
MONRINAD,TP_hypo,87,0.11276339145282777,0.12765951434483913,0.028000000000000008,-0.005128205128205156,0.068,Stable
MONRINAD,CHL_comp,86,0.015879538285062583,0.8316322385872734,0.001818181818181828,-0.016666666666666663,0.019999999999999997,Stable
MONRINAD,Year,90,0.9905924531509921,9.988291334368867e-43,0.4533333333333333,0.4444444444444444,0.46153846153846156,Stable
