parameter,non_na_n,MK,SEN,tau,p.value,slope,significant,slope_dir,trend,mean_value,percent_change
CHL_comp,37,,,-0.012012012302875519,0.9270538687705994,1,FALSE,NA,Stable,6.500512162162162,15.383403261988295
PH_epi,37,,,-0.17576484382152557,0.13207700848579407,1,FALSE,NA,Stable,6.592972972972973,15.167664179716322
SECCHI,36,,,-0.053102314472198486,0.6620385646820068,1,FALSE,NA,Stable,3.4807638888888888,28.729325858388364
SPCD_epi,37,,,0.37716013193130493,0.0010755062103271484,1,TRUE,increasing,Worsening,32.277297297297295,3.098152831041817
TP_epi,37,,,0.17161324620246887,0.14231586456298828,1,FALSE,NA,Stable,9.76945945945946,10.235980855949316
TP_hypo,37,,,0.08498203009366989,0.4712996482849121,1,FALSE,NA,Stable,13.895135135135137,7.196763401540496
