parameter,non_na_n,tau,p.value,slope,trend,mean_value,percent_change
CHL_comp,127,6.264898693189025e-4,0.9933481216430664,0,Worsening,3.493800787401575,0
PH_epi,127,0.03702645003795624,0.5412760972976685,2.857142857142923e-4,Improving,6.955984251968504,0.004107460215043425
SECCHI,123,0.021931614726781845,0.7244988679885864,0,Improving,5.630223577235772,0
SPCD_epi,126,-0.026335924863815308,0.6639691591262817,-0.007307692307692402,Improving,64.53468253968254,-0.011323666624065105
TP_epi,125,-0.07354838709677419,NA,NA,Improving,6.79952,NA
TP_hypo,127,-6.249218847644045e-4,NA,NA,Improving,12.841732283464568,NA
