stationid,parameter,n,tau,mk_p,sen_slope,sen_ci_lower,sen_ci_upper,trend
SUNUBRND,SECCHI,53,-0.06243572725339485,0.5188262855085098,-0.0036730769230769317,-0.015769230769230775,0.008854166666666663,Stable
SUNUBRND,TP_epi,54,-0.16028605169017088,0.09380799338519838,-0.04774999999999996,-0.10952380952380951,0,Stable
SUNUBRND,SPCD_epi,53,0.5023636069221281,1.1988731115822584e-7,0.24422222222222245,0.1759999999999998,0.31,Worsening
SUNUBRND,PH_epi,54,-0.18073498422427842,0.05601399828035038,-0.003947368421052618,-0.007906976744186044,0,Stable
SUNUBRND,TP_hypo,53,-0.12077893131861159,0.21038305760213075,-0.06469049694856147,-0.175,0.03571428571428571,Stable
SUNUBRND,CHL_comp,52,-0.23347227145199576,0.01506218466692427,-0.02367692307692308,-0.043238095238095235,-0.004615384615384619,Improving
SUNUBRND,Year,55,0.9925649526278798,2.3965352736975844e-26,0.6666666666666666,0.5925925925925926,0.7272727272727273,Stable
