parameter,non_na_n,tau,p.value,slope,significant,slope_dir,trend,mean_value,percent_change
CHL_comp,107,-0.018709741532802582,0.7774306535720825,-0.0013488372093023217,FALSE,decreasing,Improving (weak),4.299889719626168,-0.031369111704092484
PH_epi,106,-0.06249517574906349,0.34614723920822144,-7.407407407407414e-4,FALSE,decreasing,Worsening (weak),6.447396226415094,-0.01148899051226158
SECCHI,107,0.09374187141656876,0.1611952781677246,0.002380952380952383,FALSE,increasing,Improving (weak),3.720210280373832,0.06400047850825058
SPCD_epi,106,0.09927963465452194,0.13317859172821045,0.017241379310344827,FALSE,increasing,Worsening (weak),33.41297169811321,0.05160085569796363
TP_epi,105,-0.05637381225824356,0.40232622623443604,-0.00512224209898629,FALSE,decreasing,Improving (weak),8.79447619047619,-0.05824385657594165
TP_hypo,105,-0.01022514421492815,0.8809739351272583,0,FALSE,NA,Stable,9.598,0
