parameter,non_na_n,MK,SEN,tau,p.value,slope,significant,slope_dir,trend,mean_value,percent_change
CHL_comp,37,,,-0.0661654844880104,0.5737835168838501,1,FALSE,NA,Stable,1.3154963963963964,76.01693191553765
PH_epi,37,,,0.07674962282180786,0.5130397081375122,1,FALSE,NA,Stable,6.334076576576576,15.787620940643524
SECCHI,37,,,-0.05869089066982269,0.6191008687019348,1,FALSE,NA,Stable,8.569211711711711,11.669684839660107
SPCD_epi,37,,,0.4192337691783905,2.766847610473633e-4,1,TRUE,increasing,Worsening,64.84288288288289,1.5421892974841473
TP_epi,37,,,-0.03826254606246948,0.7528579235076904,1,FALSE,NA,Stable,4.903558558558559,20.393352869308004
TP_hypo,37,,,-0.0874820426106453,0.45571476221084595,1,FALSE,NA,Stable,5.57545045045045,17.935770551403756
