stationid,parameter,n,tau,mk_p,sen_slope,sen_ci_lower,sen_ci_upper,trend
GARMOUD,SECCHI,33,-0.11450715310358613,0.3600886016034125,-0.005773809523809501,-0.020833333333333332,0.007631578947368422,Stable
GARMOUD,TP_epi,32,0.02233558940333402,0.8710473684815623,0.009761904761904727,-0.13913043478260867,0.15714285714285708,Stable
GARMOUD,SPCD_epi,33,0.45454545454545453,2.129266033469786e-4,1.211416666666667,0.759999999999998,1.7031818181818181,Worsening
GARMOUD,PH_epi,33,-0.057034632818451635,0.6530321532069057,-0.002667984189723342,-0.0181818181818182,0.013703703703703708,Stable
GARMOUD,TP_hypo,32,0.1965577399686431,0.11924729629602072,0.1333333333333333,-0.03181818181818179,0.3125,Stable
GARMOUD,CHL_comp,32,0,1,-8.00000000000045e-4,-0.08299999999999996,0.1048823529411765,Stable
GARMOUD,Year,33,0.9731236802019037,8.305123538380384e-15,0.5,0.391304347826087,0.625,Stable
