STATIONID,PARAMETER,n,tau,mk_p,sen_slope,sen_ci_lower,sen_ci_upper,TREND
ISLSTDVLAPD,SPCD_epi,38,-0.15110512092447323,0.18671382772825162,-0.0887500000000001,-0.20333333333333314,0.03888888888888905,Stable
ISLSTDVLAPD,CHL_comp,38,-0.31032036329843915,0.00636580234018461,-0.0653448275862069,-0.11624999999999996,-0.021333333333333353,Improving
ISLSTDVLAPD,PH_epi,38,0.09714374928342674,0.3993865715863624,0.0022222222222222244,-0.003750000000000031,0.008333333333333352,Stable
ISLSTDVLAPD,SECCHI_NVS,37,-0.09702900544703227,0.41503755276646076,-0.005059523809523807,-0.022222222222222216,0.0090909090909091,Stable
ISLSTDVLAPD,TP_epi,38,-0.27684618109537207,0.017045503281395574,-0.07692307692307693,-0.13652173913043472,-0.001428571428571449,Improving
ISLSTDVLAPD,TP_hypo,38,0.04917527510208332,0.6775527560569974,0.01250000000000003,-0.07142857142857142,0.12666666666666668,Stable
