parameter,non_na_n,tau,p.value,slope,significant,slope_dir,trend,mean_value,percent_change
CHL_comp,100,-0.09608585387468338,0.1580345183610916,-0.010961538461538467,FALSE,NA,Stable,4.9102125,-0.2232395942444134
PH_epi,104,-0.09133819490671158,0.1729634553194046,-0.0013712060166532283,FALSE,NA,Stable,6.667403846153846,-0.02056581614512853
SECCHI,101,-0.002604606095701456,0.9718805551528931,0,FALSE,NA,Stable,2.784980198019802,0
SPCD_epi,104,0.008779304102063179,0.89719557762146,0.011189358372456527,FALSE,NA,Stable,132.96028846153845,0.008415564152219243
TP_epi,104,-0.06452891230583191,0.347594678401947,0,FALSE,NA,Stable,11.321057692307692,0
TP_hypo,97,-0.09662090241909027,0.17040397226810455,-0.02857142857142857,FALSE,NA,Stable,15.339690721649484,-0.1862581787982507
