parameter,non_na_n,tau,p.value,slope,trend,mean_value,percent_change
CHL_comp,55,-0.2157062143087387,0.020559556782245636,-0.0276923076923077,Improving,4.59936,-0.6020904580704206
PH_epi,53,-0.03801271319389343,0.695412278175354,-7.900207900208023e-4,Worsening,6.457358490566038,-0.012234426680429676
SECCHI,54,0.05547820404171944,0.5604007244110107,0.0035714285714285713,Improving,4.3980092592592595,0.0812055719052782
SPCD_epi,54,0.11208441108465195,0.23545050621032715,0.03640000000000001,Worsening,21.10685185185185,0.1724558463549664
TP_epi,55,0.2767676767676768,NA,NA,Worsening,7.766727272727273,NA
TP_hypo,54,0.2921034241788959,NA,NA,Worsening,16.076666666666668,NA
