parameter,non_na_n,tau,p.value,slope,trend,mean_value,percent_change
CHL_comp,106,-0.24222268164157867,2.3816927568987012e-4,-0.042352941176470586,Improving,6.830168867924528,-0.6200862964804017
SPCD_epi,97,0.44336944818496704,0,1.6433463796477494,Worsening,408.5043298969072,0.4022837114266267
PH_epi,96,-0.14238813519477844,0.0417107492685318,-0.0018181818181818026,Worsening,7.1178125,-0.025544109488439073
TP_epi,97,0.0760197639465332,0.27990102767944336,0.011528239202657813,Stable,13.137731958762886,0.08774908210064722
TP_hypo,93,0.08804859966039658,0.21666359901428223,0.03186653771760157,Stable,18.320752688172043,0.1739368368755654
SECCHI,107,0.1537880301475525,0.020342469215393066,0.006944444444444444,Improving,3.82,0.1817917393833624
