STATIONID,parameter,n,tau,mk_p,sen_slope,sen_ci_lower,sen_ci_upper,trend
SUNSUN020,CHL_comp,19,-0.3705946470216767,0.029873372020508576,-0.04583333333333334,-0.0950000000000002,-0.0028571428571428597,Improving
