STATIONID,parameter,n,tau,mk_p,sen_slope,sen_ci_lower,sen_ci_upper,trend
NMOUHAVD,SPCD_epi,32,0.3951612903225807,0.0015657748645606993,0.7259615384615383,0.31190476190476246,1.3047058823529407,Worsening
NMOUHAVD,CHL_comp,32,-0.020161290322580648,0.883962377036416,-0.014583333333333337,-0.119,0.07076923076923083,Stable
NMOUHAVD,PH_epi,32,-0.14604732880638813,0.24920702447795406,-0.0038461538461538668,-0.016000000000000014,0.0033333333333332624,Stable
NMOUHAVD,SECCHI_NVS,32,-0.30598163644603205,0.014921348206311117,-0.038760504201680694,-0.07777777777777779,-0.007692307692307665,Worsening
NMOUHAVD,TP_hypo,32,0.01831205949146909,0.8966209434428513,0.0027777777777778173,-0.15266666666666667,0.22631578947368425,Stable
NMOUHAVD,TP_epi,32,0.10828329583342232,0.39786263183515413,0.027083333333333424,-0.06666666666666672,0.11466666666666671,Stable
