parameter,non_na_n,tau,p.value,slope,trend,mean_value,percent_change
CHL_comp,136,-0.16210070252418518,0.005440202075988054,-0.003936910084451068,Improving,1.8509191176470587,-0.21270027668501154
SPCD_epi,140,0.5205314755439758,0,0.16949293966623877,Worsening,88.42869047619048,0.19167188697866663
PH_epi,140,0.12591968476772308,0.028304219245910645,0.0010000000000000009,Improving,6.764654761904762,0.01478272040772152
TP_epi,138,-0.08228804916143417,0.21777594089508057,0,Stable,5.648550724637682,0
TP_hypo,137,-0.12368803471326828,0.050312984734773636,0,Stable,6.697080291970803,0
SECCHI,138,0.03469068184494972,0.549545168876648,0.0014705882352941124,Stable,8.285833333333333,0.017748223698611433
