parameter,non_na_n,tau,p.value,slope,trend,mean_value,percent_change
CHL_comp,59,0.18654975295066833,0.03755807876586914,0.023396226415094337,Worsening,4.330196610169492,0.5403040213035168
SPCD_epi,59,-0.020467840135097504,0.8240398168563843,-0.01804347826086953,Stable,37.043389830508474,-0.04870903646622844
PH_epi,59,0.17909257113933563,0.0473858118057251,0.004390243902439018,Improving,6.103203389830509,0.07193343596830284
TP_epi,59,-0.0505123995244503,0.5951780676841736,0,Stable,6.457457627118644,0
TP_hypo,59,0.3004230260848999,9.306669235229492e-4,0.05380952380952381,Worsening,8.390169491525423,0.6413401286335713
SECCHI,59,-0.18871580064296722,0.036269787698984146,-0.017857142857142856,Worsening,4.6074237288135595,-0.3875732710553449
