parameter,non_na_n,tau,p.value,slope,trend,mean_value,percent_change
CHL_comp,53,0.0602978877723217,0.5293142795562744,0.0067179487179487105,Stable,2.930441509433962,0.2292469819418554
PH_epi,57,0.045897793024778366,0.620053768157959,0.0014285714285714405,Stable,6.533315789473685,0.021865947929122286
SECCHI,56,0.07063622772693634,0.4491584300994873,0.005444444444444445,Stable,5.1162946428571425,0.10641381750844692
SPCD_epi,57,0.014433654025197029,0.8796107769012451,0.00870445344129557,Stable,35.04842105263158,0.02483550807673832
TP_epi,57,-0.006892230576441102,0.9442285491136246,-3.7867573139485897e-8,Stable,7.264736842105263,-5.212518218142666e-7
TP_hypo,57,0.10526315789473684,0.24899892259953638,0.07142853145487481,Stable,14.517368421052632,0.49202120786086406
