parameter,non_na_n,MK,SEN,tau,p.value,slope,significant,slope_dir,trend,mean_value,percent_change
CHL_comp,36,,,-0.08888889849185944,0.4537672996520996,1,FALSE,NA,Stable,3.4711319444444446,28.809046040456703
PH_epi,36,,,0.10810824483633041,0.36136388778686523,1,FALSE,NA,Stable,6.620671296296297,15.104208549961015
SECCHI,36,,,-0.057233776897192,0.6334904432296753,1,FALSE,NA,Stable,3.8642824074074076,25.878025842084142
SPCD_epi,36,,,-0.07478143274784088,0.5308325886726379,1,FALSE,NA,Stable,24.8475,4.024549753496327
TP_epi,36,,,-0.2084333598613739,0.07652591168880463,1,FALSE,NA,Stable,8.781944444444445,11.386999841847224
TP_hypo,36,,,-0.10828080028295517,0.361274778842926,1,FALSE,NA,Stable,16.543333333333333,6.044731009470079
