STATIONID,parameter,n,tau,mk_p,sen_slope,sen_ci_lower,sen_ci_upper,trend
SUNMIDD,SPCD_epi,27,0.6695156695156697,1.070708604553228e-6,2.6818750000000002,1.9454545454545453,3.344615384615385,Worsening
SUNMIDD,CHL_comp,27,0.17948717948717952,0.19618113273857266,0.07964285714285715,-0.05333333333333333,0.1966666666666667,Stable
SUNMIDD,PH_epi,27,0.0771431720135896,0.5876425954978421,0.004999999999999893,-0.010555555555555528,0.01823529411764709,Stable
SUNMIDD,SECCHI,17,-0.40001097438852284,0.02874812616343826,-0.06833333333333332,-0.13785714285714287,-0.004125000000000045,Worsening
SUNMIDD,TP_hypo,19,0.005953330219742443,1,0,-0.2469230769230769,0.2857142857142857,Stable
SUNMIDD,TP_epi,27,0.08882667346578034,0.5312870913218933,0.05000000000000012,-0.125,0.19899999999999993,Stable
