STATIONID,parameter,n,tau,mk_p,sen_slope,sen_ci_lower,sen_ci_upper,trend
SUNALTD,SPCD_epi,36,0.3129468818776237,0.007586413855844135,0.13756410256410262,0.03999999999999997,0.2588235294117646,Worsening
SUNALTD,CHL_comp,36,-0.2553910564396156,0.03018404460787977,-0.03865384615384615,-0.074,-0.0061290322580645,Improving
SUNALTD,PH_epi,36,-0.028754580630079782,0.8167387297610735,-4.5454545454544484e-4,-0.009062500000000001,0.0057142857142857195,Stable
SUNALTD,SECCHI_NVS,36,-0.20977594994559698,0.07621622562018497,-0.033333333333333263,-0.07058823529411766,8.333333333333452e-4,Stable
SUNALTD,TP_hypo,36,-0.0998494561401439,0.4048507522373221,-0.02594043887147334,-0.11363636363636363,0.02933333333333336,Stable
SUNALTD,TP_epi,36,0.01567910939613237,0.9101986461066894,0,-0.046499999999999986,0.023260869565217397,Stable
