STATIONID,PARAMETER,n,tau,mk_p,sen_slope,sen_ci_lower,sen_ci_upper,TREND
WAUMERWD,SPCD_epi,34,0.6815346155086262,1.6163407201691655e-8,2.011875,1.573333333333333,2.4299999999999997,Worsening
WAUMERWD,CHL_comp,34,-0.1304741060730468,0.28565046880971606,-0.010227272727272751,-0.03000000000000001,0.00909090909090906,Stable
WAUMERWD,PH_epi,34,0.010762543936073241,0.940863389421967,0,-0.006666666666666672,0.00473684210526315,Stable
WAUMERWD,SECCHI_NVS,34,0.29982819817795187,0.01377013713599775,0.039999999999999994,0.011612903225806461,0.07200000000000001,Improving
WAUMERWD,TP_epi,34,-0.0019131723197461639,1,0,-0.06812500000000005,0.037407407407407396,Stable
WAUMERWD,TP_hypo,34,0.16291520864911688,0.1858628449968389,0.05823529411764707,-0.04210526315789468,0.16666666666666666,Stable
