STATIONID,parameter,n,tau,mk_p,sen_slope,sen_ci_lower,sen_ci_upper,trend
LEAOSSD,SPCD_epi,36,0.5305799926250067,5.728268640671765e-6,0.39683947772657446,0.28866666666666657,0.541304347826087,Worsening
LEAOSSD,CHL_comp,36,-0.11278796250411818,0.3403109441922679,-0.012886904761904744,-0.034062499999999996,0.011550000000000013,Stable
LEAOSSD,PH_epi,36,-0.12779813613368793,0.28151744565808895,-0.0038035714285714456,-0.010000000000000675,0.002058823529411773,Stable
LEAOSSD,SECCHI_NVS,36,-0.44303140452661527,1.6017535001958797e-4,-0.0658125,-0.09,-0.03333333333333329,Worsening
LEAOSSD,TP_hypo,36,0.20325224576824746,0.08763498335337074,0.048611111111111105,0,0.11647058823529415,Stable
LEAOSSD,TP_epi,36,-0.07508140497854165,0.5306163222702345,-0.019399999999999966,-0.0884615384615385,0.04999999999999982,Stable
