STATIONID,parameter,n,tau,mk_p,sen_slope,sen_ci_lower,sen_ci_upper,trend
SUNSUN010,CHL_comp,20,-0.24934476475036613,0.1349668682836589,-0.03393939393939392,-0.07500000000000001,0.009999999999999981,Stable
