STATIONID,parameter,n,tau,mk_p,sen_slope,sen_ci_lower,sen_ci_upper,trend
CHEEPSD,SPCD_epi,23,0.2648221343873518,0.08131787390348359,0.46999999999999975,-0.11799999999999997,0.9137499999999998,Stable
CHEEPSD,CHL_comp,23,-0.3438735177865613,0.023128868664483777,-0.11249999999999993,-0.17357142857142854,-0.005249999999999977,Improving
CHEEPSD,PH_epi,23,0.49005539795167485,0.0012495015651255866,0.0216666666666667,0.010500000000000101,0.03200000000000003,Improving
CHEEPSD,SECCHI_NVS,23,-0.04382609249974328,0.7914148747989405,-0.007692307692307699,-0.057142857142857065,0.0363636363636364,Stable
CHEEPSD,TP_hypo,23,0.10041456377063093,0.5248257614342524,0.03749999999999998,-0.10999999999999996,0.16166666666666676,Stable
CHEEPSD,TP_epi,23,0.04041402040676246,0.8111898827706635,0,-0.10315789473684216,0.0923076923076924,Stable
