parameter,non_na_n,MK,SEN,tau,p.value,slope,significant,slope_dir,trend,mean_value,percent_change
CHL_comp,23,,,-0.1304347962141037,0.39803558588027954,1,FALSE,NA,Stable,6.664481884057971,15.004917372378014
PH_epi,23,,,-0.3485155403614044,0.02153269574046135,1,TRUE,increasing,Improving,6.135144927536232,16.299533455382978
SECCHI,23,,,0.36728376150131226,0.016035079956054688,1,TRUE,increasing,Improving,3.1715579710144928,31.530245044839205
SPCD_epi,23,,,-0.42772361636161804,0.004700026474893093,1,TRUE,increasing,Worsening,18.74623188405797,5.334405368421867
TP_epi,23,,,-0.43603140115737915,0.004249998833984137,1,TRUE,increasing,Worsening,9.357971014492755,10.686077125600123
TP_hypo,23,,,-0.3394777774810791,0.027587097138166428,1,TRUE,increasing,Worsening,20.195652173913043,4.951560818083962
