parameter,non_na_n,MK,SEN,tau,p.value,slope,significant,slope_dir,trend,mean_value,percent_change
CHL_comp,38,,,-0.09679717570543289,0.3995729684829712,1,FALSE,NA,Stable,1.5546222943722945,64.3243058857436
PH_epi,39,,,0.3439423739910126,0.0022002458572387695,1,TRUE,increasing,Improving,6.795174603174604,14.716325310210793
SECCHI,38,,,-0.13380786776542664,0.24229103326797485,1,FALSE,NA,Stable,8.462154078377763,11.817322052255813
SPCD_epi,39,,,0.680621325969696,0,1,TRUE,increasing,Worsening,87.90839438339438,1.137547792806573
TP_epi,36,,,0.2902550995349884,0.016395926475524902,1,TRUE,increasing,Worsening,4.904365079365079,20.38999919087305
TP_hypo,39,,,0.09413930773735046,0.41001105308532715,1,FALSE,NA,Stable,5.830799755799756,17.150305993707367
