parameter,non_na_n,tau,p.value,slope,trend,mean_value,percent_change
CHL_comp,88,-0.13863469660282135,0.056559789925813675,-0.00999999999999996,Stable,3.5784823863636364,-0.2794480710064835
PH_epi,87,0.022070229053497314,0.7664052248001099,1.9607843137254484e-4,Stable,6.868045977011494,0.0028549376639127396
SECCHI,86,-0.08694671839475632,0.2472158670425415,-0.002777777777777768,Stable,4.677093023255814,-0.059391116746361036
SPCD_epi,87,0.12424707412719727,0.08959329128265381,0.037058823529411776,Stable,43.40563218390805,0.08537791448905736
TP_epi,87,0.014434643143544507,0.8447396636383966,4.1183084196066236e-8,Stable,7.122068965517242,5.782460742160942e-7
TP_hypo,87,0.06629243517775996,0.36448556882821714,0.06446313858032227,Stable,16.85390804597701,0.3824818457800324
