STATIONID,parameter,n,tau,mk_p,sen_slope,sen_ci_lower,sen_ci_upper,trend
SUNSUN090,CHL_comp,19,-0.24118064329982133,0.16117254459568683,-0.020000000000000018,-0.05999999999999999,0.008333333333333323,Stable
