stationid,parameter,n,tau,mk_p,sen_slope,sen_ci_lower,sen_ci_upper,trend
BEADERD,SECCHI,132,-0.18884050728059068,0.0015141144826906034,-0.005840053763440859,-0.009374999999999994,-0.001960784313725492,Worsening
BEADERD,TP_epi,124,0.19916580297902703,0.0011930663094310329,0.03465463108320251,0.012121212121212132,0.055555555555555754,Worsening
BEADERD,SPCD_epi,124,0.21831543284471627,3.283935016593952e-4,0.2747549019607844,0.13625000000000007,0.41351351351351345,Worsening
BEADERD,PH_epi,124,0.061870384346695693,0.31197785681442436,6.666666666666524e-4,-6.956521739130441e-4,0.0019230769230769162,Stable
BEADERD,TP_hypo,121,0.16477410371898857,0.007903332818486836,0.06000000000000007,0.013235294117647064,0.11190476190476188,Worsening
BEADERD,CHL_comp,129,-0.15201848121028394,0.01073919663306295,-0.014666666666666635,-0.026265060240963853,-0.003783783783783787,Improving
BEADERD,Year,136,0.9886061136419717,5.642154842828837e-64,0.25925925925925924,0.25555555555555554,0.2621359223300971,Stable
