stationid,parameter,n,tau,mk_p,sen_slope,sen_ci_lower,sen_ci_upper,trend
PLEDEED,SECCHI,116,0.02871483980711547,0.651857501120988,8.774630541871969e-4,-0.004166666666666667,0.007000000000000029,Stable
PLEDEED,TP_epi,118,-0.05484154860070497,0.4036150557675179,0,-0.005333333333333338,0,Stable
PLEDEED,SPCD_epi,117,0.4121462443256753,4.5738808076229726e-11,0.1974155844155845,0.14616438356164385,0.2487692307692308,Worsening
PLEDEED,PH_epi,117,0.3272699584429803,1.89511640297743e-7,0.003943661971830989,0.0025757575757575746,0.005362318840579711,Improving
PLEDEED,TP_hypo,116,-0.053442834013477054,0.40182892823690813,-0.006820305862361947,-0.031034482758620672,0.00941176470588234,Stable
PLEDEED,CHL_comp,119,0.05657168314457551,0.36421701787114513,0.002771084337349403,-0.0027722772277227704,0.00815384615384615,Stable
PLEDEED,Year,125,0.9874698852084293,1.3982924592078295e-58,0.27522935779816515,0.27,0.2857142857142857,Stable
