STATIONID,parameter,n,tau,mk_p,sen_slope,sen_ci_lower,sen_ci_upper,trend
PEARIND,SPCD_epi,33,0.4356060606060606,3.878433774808656e-4,1.348684210526316,0.6428571428571429,1.8909090909090907,Worsening
PEARIND,CHL_comp,33,-0.45454545454545453,2.129266033469786e-4,-0.34896153846153843,-0.48578947368421044,-0.18187500000000006,Improving
PEARIND,PH_epi,33,0.34378107231990784,0.0052708174033586925,0.010454545454545414,0.003333333333333361,0.016666666666666757,Improving
PEARIND,SECCHI_NVS,33,-0.18766337155363322,0.13553964379773448,-0.005668402777777781,-0.012500000000000011,0.0021739130434782626,Stable
PEARIND,TP_hypo,33,0.1859585890539995,0.13275680641295518,1.1343910256410257,-0.20869565217391292,2.75,Stable
PEARIND,TP_epi,33,-0.21884167725399836,0.0771572199211964,-0.24800156739811918,-0.5452380952380954,0.02307692307692313,Stable
