parameter,non_na_n,tau,p.value,slope,trend,mean_value,percent_change
CHL_comp,106,0.12039532794249776,0.06761497424293816,0.012201614379882812,Stable,1.9948773584905661,0.6116473440309746
PH_epi,106,0.23755615453728662,3.072460285049594e-4,0.010476223826408407,Improving,6.50288679245283,0.16110112571184515
SECCHI,107,-0.23611356021865632,3.120074379105997e-4,-0.04442517161369359,Worsening,8.016530373831776,-0.5541695664088035
SPCD_epi,105,0.0749084249084249,0.2583521433687095,0.40285317897797557,Stable,134.5504761904762,0.29940672852593775
TP_epi,105,0.16153846153846155,0.014399357316825956,0.03250005841255188,Worsening,6.815714285714286,0.47684009408481065
TP_hypo,105,9.157509157509158e-4,0.9911430994712809,8.568167686462402e-8,Stable,11.626857142857142,7.36928955192864e-7
