parameter,non_na_n,MK,SEN,tau,p.value,slope,significant,slope_dir,trend,mean_value,percent_change
CHL_comp,10,,,-0.02222222276031971,1,1,FALSE,NA,Stable,1.8211733333333333,54.909655313790374
PH_epi,10,,,0.5111111402511597,0.04909801483154297,1,TRUE,increasing,Improving,6.396,15.634771732332709
SECCHI,10,,,-0.02222222276031971,1,1,FALSE,NA,Stable,5.523733333333333,18.10369798204113
SPCD_epi,10,,,0.15555556118488312,0.5915050506591797,1,FALSE,NA,Stable,16.727333333333334,5.978239209278227
TP_epi,10,,,0.34099718928337097,0.20682740211486816,1,FALSE,NA,Stable,5.108,19.57713390759593
TP_hypo,10,,,0.22473327815532684,0.418961763381958,1,FALSE,NA,Stable,6.181333333333333,16.17773943054357
