parameter,non_na_n,tau,p.value,slope,trend,mean_value,percent_change
CHL_comp,119,0.05471453070640564,0.3802170753479004,0.0026760563380281745,Stable,2.6060810924369746,0.10268507552563398
SPCD_epi,117,0.4006486237049103,0,0.19084928229665074,Worsening,71.46153846153847,0.2670657341072615
PH_epi,117,0.32756584882736206,2.384185791015625e-7,0.00395061728395061,Improving,6.377888888888889,0.06194239744177887
TP_epi,118,-0.02451743371784687,0.7148697376251221,0,Stable,6.184406779661017,0
TP_hypo,116,-0.06469787657260895,0.3100435137748718,-0.008975512243878058,Stable,11.327241379310346,-0.07923828885885831
SECCHI,116,0.031132932752370834,0.6245737075805664,0.0011237373737373849,Stable,6.617823275862069,0.016980468152362403
