parameter,non_na_n,MK,SEN,tau,p.value,slope,significant,slope_dir,trend,mean_value,percent_change
CHL_comp,21,,,0.3142857253551483,0.04966938495635986,1,TRUE,increasing,Worsening,5.6956396825396824,17.55729041402599
PH_epi,21,,,0.20000000298023224,0.21568870544433594,1,FALSE,NA,Stable,7.085674603174604,14.112982263565543
SECCHI,21,,,-0.24761904776096344,0.12354986369609833,1,FALSE,NA,Stable,3.278343253968254,30.50321221823112
SPCD_epi,21,,,0.3523809611797333,0.02749800682067871,1,TRUE,increasing,Worsening,213.03650793650795,0.4694031129622317
TP_epi,21,,,0.2571428716182709,0.10950171947479248,1,FALSE,NA,Stable,13.418650793650794,7.452314061806891
TP_hypo,21,,,0.20000000298023224,0.21568870544433594,1,FALSE,NA,Stable,29.59015873015873,3.3795019794225882
