stationid,parameter,n,tau,mk_p,sen_slope,sen_ci_lower,sen_ci_upper,trend
KEZSUTD,SECCHI,240,0.3374711839981615,1.7681226270758094e-14,0.004545454545454544,0.003418803418803418,0.005714285714285713,Improving
KEZSUTD,TP_epi,242,-0.06359501492463805,0.1541959069352383,0,-0.01098901098901099,0,Stable
KEZSUTD,SPCD_epi,243,0.40127275649660493,1.2808537288595454e-20,0.22469696969696978,0.18206278026905834,0.2682242990654206,Worsening
KEZSUTD,PH_epi,240,-0.1778697209836514,4.464140353367215e-5,-0.0011284259034683448,-0.0016379310344827543,-5.769230769230817e-4,Worsening
KEZSUTD,TP_hypo,243,0.028263436158174345,0.5208321282047506,0,-0.006578947368421052,0.015625,Stable
KEZSUTD,CHL_comp,246,-0.32893709945148675,1.6598239292341812e-14,-0.017121212121212124,-0.021333333333333333,-0.012864864864864864,Improving
KEZSUTD,Year,255,0.9809046059206366,3.2833882381312586e-116,0.08571428571428572,0.08280254777070063,0.09090909090909091,Stable
