parameter,non_na_n,MK,SEN,tau,p.value,slope,significant,slope_dir,trend,mean_value,percent_change
CHL_comp,37,,,0.0810810774564743,0.48819613456726074,1,FALSE,NA,Stable,2.902276126126126,34.45571532625915
PH_epi,37,,,0.42105308175086975,2.626180648803711e-4,1,TRUE,increasing,Improving,6.376272522522522,15.68314397585361
SECCHI,37,,,0.0917985737323761,0.4324920177459717,1,FALSE,NA,Stable,6.520659588159588,15.335871877376183
SPCD_epi,37,,,0.42042040824890137,2.63214111328125e-4,1,TRUE,increasing,Worsening,71.48919916344917,1.3988127041592007
TP_epi,37,,,-0.15245495736598969,0.190594881772995,1,FALSE,NA,Stable,5.44913963963964,18.35152090296096
TP_hypo,37,,,-0.12189646810293198,0.29529380798339844,1,FALSE,NA,Stable,11.48235842985843,8.709012230445843
