STATIONID,parameter,n,tau,mk_p,sen_slope,sen_ci_lower,sen_ci_upper,trend
MLNWASD,SPCD_epi,31,0.03225806451612904,0.8119200006410022,0.0259090909090906,-0.3060869565217391,0.29250000000000115,Stable
MLNWASD,CHL_comp,31,0.37459655717206125,0.003273606145447549,0.054722222222222214,0.030555555555555544,0.08355416666666667,Worsening
MLNWASD,PH_epi,31,0.42425136874910857,9.093188025959473e-4,0.017857142857142856,0.00866666666666666,0.027500000000000035,Improving
MLNWASD,SECCHI,20,-0.4485503740267567,0.0063960435139661185,-0.07928571428571438,-0.11624999999999996,-0.038076923076923085,Worsening
MLNWASD,TP_hypo,31,0.14301603061186366,0.2685911248705607,0.04400000000000001,-0.039999999999999994,0.17499999999999982,Stable
MLNWASD,TP_epi,27,0.24426195005282836,0.07948488393215018,0.09999999999999994,-0.009999999999999992,0.2231578947368421,Stable
