parameter,non_na_n,MK,SEN,tau,p.value,slope,significant,slope_dir,trend,mean_value,percent_change
CHL_comp,23,,,-0.27272728085517883,0.07250864058732986,1,FALSE,NA,Stable,3.819492028985507,26.181491999751845
PH_epi,23,,,-0.20319370925426483,0.18594273924827576,1,FALSE,NA,Stable,6.7386739130434785,14.83971494843199
SECCHI,23,,,0.011904855258762836,0.9578452110290527,1,FALSE,NA,Stable,2.56643115942029,38.96461420090776
SPCD_epi,23,,,0.343873530626297,0.023128867149353027,1,TRUE,increasing,Worsening,43.893152173913045,2.278259706748354
TP_epi,23,,,-0.17342235147953033,0.26509326696395874,1,FALSE,NA,Stable,15.494384057971015,6.453951291374856
TP_hypo,13,,,-0.15384617447853088,0.5021582245826721,1,FALSE,NA,Stable,15.22551282051282,6.5679232731835056
