parameter,non_na_n,tau,p.value,slope,significant,slope_dir,trend,mean_value,percent_change
CHL_comp,25,-0.1666666567325592,0.2524604797363281,-0.06548809523809526,FALSE,NA,Stable,8.127308,-0.805778435345323
PH_epi,25,0.16835874319076538,0.2516831159591675,0.00732057416267942,FALSE,NA,Stable,6.5472,0.11181228865285038
SECCHI,25,-0.20735900104045868,0.15403272211551666,-0.02291666666666664,FALSE,NA,Stable,2.6692,-0.8585593685998292
SPCD_epi,25,0.10666665434837341,0.46906328201293945,0.21062500000000028,FALSE,NA,Stable,93.0576,0.22633831089561765
TP_epi,25,0.05773502588272095,0.7072937488555908,0.009013157894736789,FALSE,NA,Stable,11.3172,0.07964123541809626
TP_hypo,24,0.1431310772895813,0.3446624279022217,0.10000000000000034,FALSE,NA,Stable,16.23375,0.6160006160006181
