parameter,non_na_n,tau,p.value,slope,trend,mean_value,percent_change
CHL_comp,179,0.1571778293892411,0.0016961381505959938,0.04000008478760719,Worsening,1.8006703910614525,2.221399595737679
PH_epi,9,NA,NA,NA,insufficient data,6.921111111111111,NA
SECCHI,171,-0.12232542139662883,0.017081869387302495,-0.033333268761634824,Worsening,6.887134502923977,-0.48399328846391737
SPCD_epi,9,NA,NA,NA,insufficient data,44.67777777777778,NA
TP_epi,12,0.3181818181818182,0.12294080811881347,0.3278784179687501,Stable,8,4.098480224609377
TP_hypo,8,NA,NA,NA,insufficient data,9.25,NA
