parameter,non_na_n,tau,p.value,slope,significant,slope_dir,trend,mean_value,percent_change
CHL_comp,127,6.264898693189025e-4,0.9933481216430664,0,FALSE,NA,Stable,3.493800787401575,0
PH_epi,127,0.03702645003795624,0.5412760972976685,2.857142857142923e-4,FALSE,increasing,Improving (weak),6.955984251968504,0.004107460215043425
SECCHI,123,0.021931614726781845,0.7244988679885864,0,FALSE,NA,Stable,5.630223577235772,0
SPCD_epi,126,-0.026335924863815308,0.6639691591262817,-0.007307692307692402,FALSE,decreasing,Improving (weak),64.53468253968254,-0.011323666624065105
TP_epi,125,-0.025515597313642502,0.692315936088562,0,FALSE,NA,Stable,6.51952,0
TP_hypo,127,-0.011060642078518867,0.8590034246444702,0,FALSE,NA,Stable,12.80236220472441,0
