parameter,non_na_n,MK,SEN,tau,p.value,slope,significant,slope_dir,trend,mean_value,percent_change
CHL_comp,19,,,-0.1461988389492035,0.40110254287719727,1,FALSE,NA,Stable,12.599377368421052,7.9369001400528685
PH_epi,19,,,0.08211179822683334,0.6490437984466553,1,FALSE,NA,Stable,7.120407894736842,14.044139251336505
SECCHI,19,,,0.05263158306479454,0.7795660495758057,1,FALSE,NA,Stable,2.070912280701754,48.28789752799851
SPCD_epi,19,,,0.4619883596897125,0.0063550472259521484,1,TRUE,increasing,Worsening,322.8236842105263,0.30976661531062255
TP_epi,19,,,-0.16959065198898315,0.3272855877876282,1,FALSE,NA,Stable,28.629473684210527,3.4929038899919105
TP_hypo,12,,,0.21212118864059448,0.37269139289855957,1,FALSE,NA,Stable,34.21083333333333,2.9230506905707254
