STATIONID,parameter,n,tau,mk_p,sen_slope,sen_ci_lower,sen_ci_upper,trend
CHANBYD,SPCD_epi,40,0.34615384615384615,0.0017236547566152074,0.43577380952380945,0.20064516129032253,0.6374999999999997,Worsening
CHANBYD,CHL_comp,40,0.2424631672626102,0.028484866665801776,0.045773809523809536,0.005833333333333283,0.08630555555555557,Worsening
CHANBYD,PH_epi,39,0.24135865019027877,0.03216544694022831,0.006666666666666623,3.33333333333267e-4,0.013571428571428599,Improving
CHANBYD,SECCHI,13,-0.026324906324632816,0.950924583799356,0,-0.0733333333333334,0.058888888888888866,Stable
CHANBYD,TP_hypo,34,0.16872073626636738,0.1749568502032182,0.04749999999999999,-0.019499999999999983,0.1388888888888889,Stable
CHANBYD,TP_epi,40,0.15071417218633604,0.19117223195808722,0.029437229437229435,0,0.08333333333333333,Stable
