parameter,non_na_n,tau,p.value,slope,trend,mean_value,percent_change
CHL_comp,116,-0.14239631593227386,0.023693054914474487,-0.01244263131055584,Improving,4.763077586206896,-0.2612309181481253
SPCD_epi,119,-0.1801714152097702,0.0037468329537659883,-0.03206896551724137,Improving,31.199117647058824,-0.10278805279053957
PH_epi,119,0.12323031574487686,0.04819071292877197,0.0015044247787610614,Improving,6.151067226890756,0.024457947267819385
TP_epi,117,-0.09093265235424042,0.15221846103668213,-0.010719148936170212,Stable,10.712222222222222,-0.10006466178356177
TP_hypo,118,-0.03968603163957596,0.5296902656555176,-0.0076923076923077335,Stable,17.70305084745763,-0.043451875942684993
SECCHI,116,0.0742921233177185,0.24283742904663086,0.0015719476744186025,Stable,3.022314655172414,0.052011383782570704
