STATIONID,PARAMETER,n,tau,mk_p,sen_slope,sen_ci_lower,sen_ci_upper,TREND
BERFRED,SPCD_epi,23,0.28063241106719367,0.06449652825042429,0.40500000000000047,-0.02176470588235321,0.8343749999999996,Stable
BERFRED,CHL_comp,23,-0.21739130434782608,0.15382082239203035,-0.03011333333333332,-0.057499999999999996,0.013846153846153859,Stable
BERFRED,PH_epi,22,0.21304549193288064,0.17555201012400382,0.0057142857142857195,-0.0030000000000000248,0.013000000000000018,Stable
BERFRED,SECCHI_NVS,23,-0.16996047430830039,0.2673270197885057,-0.028409090909090908,-0.09196428571428572,0.021428571428571415,Stable
BERFRED,TP_epi,23,-0.2613866510869666,0.08592826540014278,-0.06812499999999999,-0.16944444444444443,0.00749999999999984,Stable
BERFRED,TP_hypo,23,0.32806324110671936,0.030337374811837445,0.13545454545454547,0.017142857142857116,0.2688888888888889,Worsening
