stationid,parameter,n,tau,mk_p,sen_slope,sen_ci_lower,sen_ci_upper,trend
NORNORED,SECCHI,75,-0.09152267383488849,0.2506382226173797,-0.00392857142857144,-0.010869565217391304,0.002734375000000004,Stable
NORNORED,TP_epi,70,0.10529413722421889,0.20441672883967893,0.024999999999999467,-0.009756097560975618,0.06444444444444446,Stable
NORNORED,SPCD_epi,78,0.3401066144725759,1.0781586065567574e-5,0.4292307692307693,0.2671428571428571,0.5976595744680852,Worsening
NORNORED,PH_epi,77,0.17031176358256403,0.029713219600667987,0.00272727272727275,2.2222222222223722e-4,0.006078431372549012,Improving
NORNORED,TP_hypo,69,0.1624645817079545,0.05225977432411909,0.033333333333333465,0,0.062962962962963,Stable
NORNORED,CHL_comp,78,-0.10608858559126852,0.17136041180091996,-0.008307692307692308,-0.022682926829268295,0.003409090909090917,Stable
NORNORED,Year,83,0.9877295966495895,5.285607137558579e-39,0.3939393939393939,0.3829787234042553,0.4117647058823529,Stable
