STATIONID,parameter,n,tau,mk_p,sen_slope,sen_ci_lower,sen_ci_upper,trend
CHEEPSD,SPCD_epi,23,0.2648221343873518,0.08131787390348359,0.46999999999999975,-0.11799999999999997,0.9137499999999998,Stable
CHEEPSD,CHL_comp,23,-0.3438735177865613,0.023128868664483777,-0.11249999999999993,-0.17357142857142854,-0.005249999999999977,Improving
CHEEPSD,PH_epi,23,0.49005539795167485,0.0012495015651255866,0.0216666666666667,0.010500000000000101,0.03200000000000003,Improving
CHEEPSD,SECCHI,17,0.00738012404616746,1,0.004999999999999982,-0.08571428571428573,0.07777777777777779,Stable
CHEEPSD,TP_hypo,23,0.10844772887228142,0.49087487457050594,0.04444444444444448,-0.10999999999999996,0.1499999999999999,Stable
CHEEPSD,TP_epi,23,0.08082804081352492,0.6140322758798819,0.023684210526315752,-0.08999999999999997,0.1,Stable
