parameter,non_na_n,tau,p.value,slope,significant,slope_dir,trend,mean_value,percent_change
CHL_comp,30,0.22298851609230042,0.0867605209350586,0.08700000000000001,FALSE,increasing,Worsening (weak),6.064333333333333,1.4346177101082835
PH_epi,30,0.06728827953338623,0.6168690919876099,0.002499999999999991,FALSE,increasing,Improving (weak),6.474,0.03861600247142402
SECCHI,29,-0.08717858046293259,0.5228641033172607,-0.012500000000000028,FALSE,decreasing,Worsening (weak),4.6579310344827585,-0.2683594906721949
SPCD_epi,30,-0.15402300655841827,0.23899269104003906,-0.041666666666666664,FALSE,decreasing,Improving (weak),14.995666666666667,-0.2778580478804988
TP_epi,30,-0.12456823140382767,0.3441351056098938,-0.049523809523809526,FALSE,decreasing,Improving (weak),10.050666666666666,-0.4927415381116629
TP_hypo,30,0.2168409824371338,0.09691274166107178,0.16153846153846152,FALSE,increasing,Worsening (weak),18.25,0.8851422550052687
