stationid,parameter,n,tau,mk_p,sen_slope,sen_ci_lower,sen_ci_upper,trend
HAWCEND,SECCHI,32,-0.27935451618335755,0.026227705654025657,-0.033333333333333284,-0.05625000000000002,-0.004166666666666726,Worsening
HAWCEND,TP_epi,32,0.27648853632674225,0.02740307344232857,0.0870714285714286,0.014999999999999954,0.16000000000000014,Worsening
HAWCEND,SPCD_epi,32,0.16935483870967744,0.17831360778170335,0.24535087719298249,-0.11904761904761904,0.6555555555555562,Stable
HAWCEND,PH_epi,32,0.1325261706213821,0.29846858935475684,0.004999999999999982,-0.005555555555555536,0.016666666666666607,Stable
HAWCEND,TP_hypo,32,0.1373740177005568,0.277130426748613,0.4318627450980392,-0.2600000000000001,1.2333333333333325,Stable
HAWCEND,CHL_comp,32,0.16935483870967744,0.17831360778170335,0.058516483516483454,-0.04428571428571436,0.16722222222222227,Stable
HAWCEND,Year,33,0.9672673160021797,1.6137535760201958e-14,0.3333333333333333,0.3333333333333333,0.35,Stable
