STATIONID,parameter,n,tau,mk_p,sen_slope,sen_ci_lower,sen_ci_upper,trend
EASGTMD,SPCD_epi,39,0.6356275303643725,1.3040751846191707e-8,2.7833333333333314,2.174999999999997,3.460526315789474,Worsening
EASGTMD,CHL_comp,39,-0.43484142255685954,1.030142854334516e-4,-0.11289473684210524,-0.17153846153846158,-0.061451612903225816,Improving
EASGTMD,PH_epi,39,-0.020297773928529012,0.8654774597119534,-4.166666666666578e-4,-0.0062499999999999405,0.004200000000000017,Stable
EASGTMD,SECCHI,20,0.302396842356827,0.06879624925144469,0.06833333333333336,-0.005000000000000012,0.12916666666666665,Stable
EASGTMD,TP_hypo,39,-0.0013914721131862286,1,0,-0.1,0.1,Stable
EASGTMD,TP_epi,39,-0.23474535924426687,0.042883590910600844,-0.05555555555555555,-0.10294117647058823,0,Improving
