STATIONID,parameter,n,tau,mk_p,sen_slope,sen_ci_lower,sen_ci_upper,trend
SUNSUN080,CHL_comp,13,-0.19355241528469092,0.392153538341356,-0.0409722222222222,-0.11642857142857142,0.03722222222222224,Stable
