parameter,non_na_n,MK,SEN,tau,p.value,slope,significant,slope_dir,trend,mean_value,percent_change
CHL_comp,31,,,-0.10107527673244476,0.4343114495277405,1,FALSE,NA,Stable,5.798710215053764,17.245214244435704
PH_epi,31,,,0.1483871042728424,0.24778079986572266,1,FALSE,NA,Stable,6.888129032258065,14.517730363598899
SECCHI,31,,,-0.14439688622951508,0.26182514429092407,1,FALSE,NA,Stable,4.547204301075269,21.99153444158055
SPCD_epi,31,,,0.6774194240570068,1.1920928955078125e-7,1,TRUE,increasing,Worsening,74.38806451612903,1.3443016786425155
TP_epi,31,,,0.11219045519828796,0.385836124420166,1,FALSE,NA,Stable,8.947956989247313,11.175735435493173
TP_hypo,31,,,0.06054142862558365,0.646033525466919,1,FALSE,NA,Stable,27.776021505376345,3.6002276272951454
