parameter,non_na_n,tau,p.value,slope,trend,mean_value,percent_change
CHL_comp,29,-0.007398279849439859,0.9700682163238525,-0.00205263157894737,Stable,2.978913793103448,-0.06890537026279393
PH_epi,29,-0.2255309671163559,0.09104494750499725,-0.01154761904761904,Stable,6.4703448275862065,-0.1784699170650992
SECCHI,29,0.10238169133663177,0.45207762718200684,0.017261904761904756,Stable,5.171120689655172,0.33381361213319194
SPCD_epi,29,-0.06165233254432678,0.6525138020515442,-0.12000000000000194,Stable,68.40517241379311,-0.17542533081285727
TP_epi,29,-0.29064039408866993,0.026827848700549328,-0.1666666865348816,Improving,8.593103448275862,-1.9395400920993444
TP_hypo,29,-0.0049261083743842365,0.9848041575754081,3.725290298461914e-8,Stable,8.789655172413793,4.2382667185325816e-7
