parameter,non_na_n,tau,p.value,slope,trend,mean_value,percent_change
CHL_comp,127,0.015622545965015888,0.797608494758606,0,Worsening,1.7512992125984252,0
PH_epi,3,NA,NA,NA,insufficient data,6.69,NA
SECCHI,132,-0.042929526418447495,0.47335177659988403,-0.0011237373737373797,Worsening,7.891060606060606,-0.014240637980581606
SPCD_epi,3,NA,NA,NA,insufficient data,104.23333333333333,NA
TP_epi,3,NA,NA,NA,insufficient data,13.666666666666666,NA
TP_hypo,1,NA,NA,NA,insufficient data,13,NA
