STATIONID,parameter,n,tau,mk_p,sen_slope,sen_ci_lower,sen_ci_upper,trend
OTTSUND,SPCD_epi,40,0.5717948717948718,2.1635080411872433e-7,1.5049754901960792,1.0692307692307697,1.867142857142857,Worsening
OTTSUND,CHL_comp,40,0.1925547157779345,0.08252143306264847,0.013377192982456125,-0.0030882352941176464,0.03821428571428572,Stable
OTTSUND,PH_epi,40,0.015534712747612348,0.8978948240106158,0,-0.004333333333333359,0.005517241379310319,Stable
OTTSUND,SECCHI,20,0.10582158705422129,0.5371744986529663,0.011562499999999993,-0.02333333333333328,0.0571428571428572,Stable
OTTSUND,TP_hypo,40,0.14327930144045897,0.21286073233411193,0.026042510121457488,0,0.06904761904761901,Stable
OTTSUND,TP_epi,40,-0.14637809832636028,0.20039237923802697,-0.025,-0.06818181818181818,0.006153846153846159,Stable
