parameter,non_na_n,MK,SEN,tau,p.value,slope,significant,slope_dir,trend,mean_value,percent_change
CHL_comp,38,,,0.027027027681469917,0.8209725618362427,1,FALSE,NA,Stable,21.03924254385965,4.753022823494433
PH_epi,38,,,-0.41453033685684204,2.659101446624845e-4,1,TRUE,increasing,Improving,7.071894736842106,14.140481967164312
SECCHI,38,,,0.04985760152339935,0.6690062284469604,1,FALSE,NA,Stable,2.6761875,37.36658959807562
SPCD_epi,38,,,0.82846999168396,0,1,TRUE,increasing,Worsening,209.78478070175439,0.4766790024781036
TP_epi,38,,,0.04428612440824509,0.705909013748169,1,FALSE,NA,Stable,17.21526315789474,5.808798801553088
TP_hypo,38,,,-0.22523215413093567,0.04835250973701477,1,TRUE,increasing,Worsening,50.92368421052632,1.9637228050229962
