STATIONID,parameter,n,tau,mk_p,sen_slope,sen_ci_lower,sen_ci_upper,trend
SUNSUN020,CHL_comp,39,-0.3910704443563256,4.922853668506114e-4,-0.024900000000000002,-0.036250000000000004,-0.009705882352941191,Improving
