parameter,non_na_n,tau,p.value,slope,trend,mean_value,percent_change
CHL_comp,83,-0.11731845140457153,0.11751817166805267,-0.01806250000000001,Stable,5.959699397590361,-0.30307736674274344
SPCD_epi,82,0.6191625595092773,0,0.5449999999999999,Worsening,75.14865853658537,0.7252291798857222
PH_epi,82,0.08083680272102356,0.28661179542541504,0.0015277777777777822,Stable,6.886109756097561,0.022186369835667442
TP_epi,63,0.1710047870874405,0.049494385719299316,0.031851851851851895,Worsening,8.721428571428572,0.36521369854703234
TP_hypo,62,-0.013276806101202965,0.8840570449829102,-0.002439024390243937,Stable,28.74951612903226,-0.008483705879769314
SECCHI,83,-0.09381522238254547,0.21501421928405762,-0.0032608695652173603,Stable,4.53921686746988,-0.07183771254874943
