parameter,non_na_n,MK,SEN,tau,p.value,slope,significant,slope_dir,trend,mean_value,percent_change
CHL_comp,32,,,0.03027246706187725,0.8203768730163574,1,FALSE,NA,Stable,3.094169791666667,32.31884697126956
PH_epi,32,,,0.13737402856349945,0.2771303653717041,1,FALSE,NA,Stable,6.8181770833333335,14.666676851858925
SECCHI,31,,,0.058189794421195984,0.6584641933441162,1,FALSE,NA,Stable,5.2881182795698924,18.910318323691783
SPCD_epi,32,,,0.4072580635547638,0.001116037368774414,1,TRUE,increasing,Worsening,94.14203125,1.062224796642042
TP_epi,32,,,0.2566324472427368,0.042293548583984375,1,TRUE,increasing,Worsening,6.802395833333334,14.700702877356322
TP_hypo,32,,,0.4761965870857239,1.461505889892578e-4,1,TRUE,increasing,Worsening,13.0328125,7.672940894377173
