parameter,non_na_n,tau,p.value,slope,significant,slope_dir,trend,mean_value,percent_change
CHL_comp,46,0.030038883909583092,0.7763111591339111,0.0036666666666666774,FALSE,increasing,Worsening (weak),3.4756891304347826,0.10549466678592181
PH_epi,46,0.08066220581531525,0.4372591972351074,0.001612903225806446,FALSE,increasing,Improving (weak),6.650652173913043,0.0242518054414724
SECCHI,47,0.10806039720773697,0.2912485599517822,0.014112903225806451,FALSE,increasing,Improving (weak),5.9897446808510635,0.2356177763457055
SPCD_epi,45,-0.12481103837490082,0.23246484994888306,-0.03748275862068967,FALSE,decreasing,Improving (weak),28.006888888888888,-0.13383406764455055
TP_epi,46,-0.006237524561583996,0.9613972902297974,0,FALSE,NA,Stable,5.31,0
TP_hypo,47,0.13266249001026154,0.19809210300445557,0.02166666666666665,FALSE,increasing,Worsening (weak),8.296382978723404,0.2611579856213507
