parameter,non_na_n,MK,SEN,tau,p.value,slope,significant,slope_dir,trend,mean_value,percent_change
CHL_comp,31,,,-0.12258065491914749,0.34119874238967896,1,FALSE,NA,Stable,4.296337096774193,23.275641028047524
PH_epi,31,,,-0.15732796490192413,0.22091615200042725,1,FALSE,NA,Stable,7.100532258064517,14.083451263308291
SECCHI,31,,,-0.22198328375816345,0.08289404213428497,1,FALSE,NA,Stable,4.021397849462366,24.866975052808897
SPCD_epi,31,,,0.3032258152961731,0.017336249351501465,1,TRUE,increasing,Worsening,416.9050537634409,0.23986276754692865
TP_epi,31,,,0.27362871170043945,0.0333254337310791,1,TRUE,increasing,Worsening,12.67752688172043,7.887973808534279
TP_hypo,31,,,0.22486816346645355,0.07976257801055908,1,FALSE,NA,Stable,18.54978494623656,5.3908980772463515
