parameter,non_na_n,tau,p.value,slope,trend,mean_value,percent_change
CHL_comp,64,0.06365012377500534,0.4617732763290405,0.004250841750841749,Stable,2.299734375,0.1848405536331451
PH_epi,64,0.14171910285949707,0.10092520713806152,0.002444444444444442,Stable,6.88015625,0.03552890887390009
SECCHI,64,0.01351065095514059,0.8801637887954712,0,Stable,6.2078515625,0
SPCD_epi,65,-0.16301995515823364,0.0556739866733551,-0.2482482993197278,Stable,93.73092307692308,-0.2648520799437721
TP_epi,64,0.04513888888888889,0.6012005338557342,0.010303027927875519,Stable,7.16625,0.14377153919937932
TP_hypo,65,-0.09038461538461538,0.2890235383916344,-0.16538461905438706,Stable,28.724307692307693,-0.5757653790161728
