parameter,non_na_n,MK,SEN,tau,p.value,slope,significant,slope_dir,trend,mean_value,percent_change
CHL_comp,35,,,-0.0319327749311924,0.7982398271560669,1,FALSE,NA,Stable,3.6256978571428573,27.58089723416792
PH_epi,35,,,-0.06218487396836281,0.6091748476028442,1,FALSE,NA,Stable,6.85502380952381,14.587841381538045
SECCHI,35,,,-0.018549852073192596,0.8870234489440918,1,FALSE,NA,Stable,4.6504047619047615,21.503504559254957
SPCD_epi,35,,,0.4751489460468292,6.556510925292969e-5,1,TRUE,increasing,Worsening,43.72526190476191,2.2870074561888325
TP_epi,35,,,0.08453233540058136,0.4861435890197754,1,FALSE,NA,Stable,6.999380952380952,14.286977759937955
TP_hypo,35,,,0.1167539432644844,0.3337728977203369,1,FALSE,NA,Stable,17.224285714285713,5.805755992369578
