parameter,non_na_n,tau,p.value,slope,trend,mean_value,percent_change
CHL_comp,85,0.013445378151260505,0.8582485013077681,0.008181790467351329,Stable,5.9916776470588236,0.13655258091809364
PH_epi,87,0.039026998128842555,0.5944527373343071,0.001904713511466853,Stable,6.472183908045977,0.029429224177313383
SECCHI,86,-0.09931600547195622,0.17599033418146193,-0.008928526565432424,Stable,3.500843023255814,-0.2550393292735765
SPCD_epi,87,0.243785084202085,8.251035194917211e-4,0.24210519703104627,Worsening,41.182988505747126,0.5878767078723786
TP_epi,86,0.027359781121751026,0.7110976122051216,0.004000046942382046,Stable,11.441046511627906,0.03496224701400059
TP_hypo,86,0.06976744186046512,0.3423640010292188,0.04827589821070433,Stable,13.828720930232558,0.3490987955738034
