parameter,non_na_n,tau,p.value,slope,trend,mean_value,percent_change
CHL_comp,30,0.22298851609230042,0.0867605209350586,0.08700000000000001,Stable,6.064333333333333,1.4346177101082835
PH_epi,30,0.06728827953338623,0.6168690919876099,0.002499999999999991,Stable,6.474,0.03861600247142402
SECCHI,29,-0.08717858046293259,0.5228641033172607,-0.012500000000000028,Stable,4.6579310344827585,-0.2683594906721949
SPCD_epi,30,-0.15402300655841827,0.23899269104003906,-0.041666666666666664,Stable,14.995666666666667,-0.2778580478804988
TP_epi,30,-0.07586206896551724,0.5658774249537166,-0.07169252395629994,Stable,10.050666666666666,-0.7133111298384844
TP_hypo,30,0.08045977011494253,0.5418506076783776,0.1769050598144517,Stable,18.25,0.9693427935038449
