STATIONID,parameter,n,tau,mk_p,sen_slope,sen_ci_lower,sen_ci_upper,trend
ROBHUDD,SPCD_epi,26,0.19384615384615383,0.17175819814532312,1.3333333333333333,-0.49090909090908885,3.266666666666661,Stable
ROBHUDD,CHL_comp,26,0.26153846153846155,0.06409905424175921,0.16058823529411767,-0.0016666666666666312,0.36333333333333334,Stable
ROBHUDD,PH_epi,26,0.06163335513613657,0.6752956255842228,0.0026470588235294598,-0.014000000000000058,0.012499999999999987,Stable
ROBHUDD,SECCHI_NVS,26,-0.4370061315065945,0.0029708947264536953,-0.02692307692307693,-0.046875,-0.005882352941176476,Worsening
ROBHUDD,TP_hypo,26,0.4560868280074106,0.0011915493139349647,2.5166666666666657,0.9199999999999998,4.4523809523809526,Worsening
ROBHUDD,TP_epi,26,0.5446816491962003,1.299598303833934e-4,0.25,0.13333333333333325,0.35714285714285715,Worsening
