parameter,non_na_n,tau,p.value,slope,trend,mean_value,percent_change
CHL_comp,18,0.12418300658464432,0.49536633491516113,0.014615384615384577,Stable,3.1017027777777777,0.4712051947754905
SPCD_epi,18,0.15032680332660675,0.40467023849487305,0.13333333333333286,Stable,41.274166666666666,0.3230430656786922
PH_epi,18,0.2549019753932953,0.15005064010620117,0.016666666666666607,Stable,6.835,0.24384296513045514
TP_epi,18,0.20261438190937042,0.25581789016723633,0.10230769230769224,Stable,7.501666666666667,1.3637994975475525
TP_hypo,0,NA,NA,NA,insufficient data,NA,NA
SECCHI,17,-0.07520710676908493,0.7091022729873657,-0.0022569444444444763,Stable,3.3529411764705883,-0.06731237816764228
