parameter,non_na_n,MK,SEN,tau,p.value,slope,significant,slope_dir,trend,mean_value,percent_change
CHL_comp,19,,,-0.029239768162369728,0.8887056112289429,1,FALSE,NA,Stable,4.266836842105263,23.436565235679332
PH_epi,19,,,-0.09941521286964417,0.5756368637084961,1,FALSE,NA,Stable,6.558947368421053,15.246348900657999
SECCHI,19,,,0.04093567654490471,0.8337352275848389,1,FALSE,NA,Stable,3.867368421052632,25.857376156777352
SPCD_epi,19,,,-0.1642235964536667,0.3445623517036438,1,FALSE,NA,Stable,20.87421052631579,4.790600337863393
TP_epi,19,,,-0.0469210259616375,0.8064184784889221,1,FALSE,NA,Stable,8.016315789473683,12.474558466285865
TP_hypo,18,,,0.006579089444130659,1,1,FALSE,NA,Stable,18.63888888888889,5.365126676602086
