parameter,non_na_n,tau,p.value,slope,significant,slope_dir,trend,mean_value,percent_change
CHL_comp,44,0.023255813866853714,0.831795334815979,0.01238125000000003,FALSE,increasing,Worsening (weak),8.678697727272727,0.1426625328946769
PH_epi,44,0.03289147466421127,0.7614810466766357,8.846153846153659e-4,FALSE,increasing,Improving (weak),6.665909090909091,0.013270738807731367
SECCHI,45,-0.08518265187740326,0.42150920629501343,-0.004379795396419438,FALSE,decreasing,Worsening (weak),1.7852222222222223,-0.24533614593748018
SPCD_epi,44,0.08879492431879044,0.4011979103088379,0.25019354838709673,FALSE,increasing,Worsening (weak),58.43784090909091,0.42813619479253423
TP_epi,42,0.10151802748441696,0.35106444358825684,0.1733333333333333,FALSE,increasing,Worsening (weak),27.43809523809524,0.6317250954529676
TP_hypo,0,NA,NA,NA,FALSE,NA,Stable,NA,NA
