parameter,non_na_n,tau,p.value,slope,trend,mean_value,percent_change
CHL_comp,27,-0.3789173364639282,0.0059270127676427364,-0.16249999999999995,Improving,6.686296296296296,-2.4303439871489494
SPCD_epi,27,0.18830262124538422,0.17530810832977295,0.10681818181818171,Stable,22.69703703703704,0.4706261070283127
PH_epi,27,0.2251272052526474,0.1077049970626831,0.008124999999999993,Stable,6.495925925925926,0.1250783967158902
TP_epi,27,-0.03443416953086853,0.8184034824371338,-0.009999999999999964,Stable,8.888518518518518,-0.11250468769532024
TP_hypo,25,0.4388664960861206,0.002372145652770996,0.4358974358974359,Worsening,20.284,2.148971780208223
SECCHI,27,0.19142933189868927,0.16866862773895264,0.020833333333333332,Stable,3.060277777777778,0.6807660887718979
