stationid,parameter,n,tau,mk_p,sen_slope,sen_ci_lower,sen_ci_upper,trend
LEEMOUD,SECCHI,79,-0.018612584501266377,0.8125224358735614,-4.999999999999983e-4,-0.006923076923076919,0.005743243243243241,Stable
LEEMOUD,TP_epi,79,0.09116734955465582,0.24052055219506993,0.018000000000000006,-0.008823529411764727,0.05090909090909089,Stable
LEEMOUD,SPCD_epi,79,0.5929534718679036,1.1095626064681006e-14,0.4757575757575758,0.3976470588235297,0.5690909090909095,Worsening
LEEMOUD,PH_epi,79,-0.019895867592514348,0.7994337919580262,-1.9607843137254484e-4,-0.002631578947368412,0.00194444444444444,Stable
LEEMOUD,TP_hypo,79,0.12591907822852988,0.10301699423625618,0.07733333333333334,-0.013725490196078487,0.17179487179487177,Stable
LEEMOUD,CHL_comp,78,-0.04165279165587397,0.5926373154787106,-0.00588235294117645,-0.03107692307692307,0.01909090909090909,Stable
LEEMOUD,Year,79,0.9889030507345139,2.7232252628297848e-37,0.34545454545454546,0.3333333333333333,0.36363636363636365,Stable
