parameter,non_na_n,MK,SEN,tau,p.value,slope,significant,slope_dir,trend,mean_value,percent_change
CHL_comp,38,,,0.17496444284915924,0.125085711479187,1,FALSE,NA,Stable,4.455017794486215,22.44659945550963
PH_epi,37,,,-0.007535848300904036,0.9582594633102417,1,FALSE,NA,Stable,7.348783783783784,13.607693863665618
SECCHI,38,,,-0.36894625425338745,0.0011783724185079336,1,TRUE,increasing,Improving,3.966809210526316,25.20917813103797
SPCD_epi,37,,,0.6135345101356506,1.1920928955078125e-7,1,TRUE,increasing,Worsening,329.59731231231234,0.3034005322993783
TP_epi,37,,,0.6014872789382935,2.384185791015625e-7,1,TRUE,increasing,Worsening,11.48081081081081,8.710186209656538
TP_hypo,37,,,0.42598965764045715,2.346038818359375e-4,1,TRUE,increasing,Worsening,23.53996138996139,4.248095327915235
