parameter,non_na_n,MK,SEN,tau,p.value,slope,significant,slope_dir,trend,mean_value,percent_change
CHL_comp,39,,,0.24696356058120728,0.027691364288330078,1,TRUE,increasing,Worsening,3.4274324786324786,29.176358870211587
PH_epi,39,,,-0.00540175661444664,0.9710485339164734,1,FALSE,NA,Stable,6.735083638583639,14.84762556282517
SECCHI,39,,,-0.4402431547641754,8.432220056420192e-5,1,TRUE,increasing,Improving,3.5671064713064715,28.03392632218642
SPCD_epi,39,,,0.5897436141967773,1.1920928955078125e-7,1,TRUE,increasing,Worsening,116.0027148962149,0.8620487898879594
TP_epi,39,,,-0.16249246895313263,0.14983204007148743,1,FALSE,NA,Stable,9.270930402930404,10.786403915662174
TP_hypo,39,,,0.02166566252708435,0.8559528589248657,1,FALSE,NA,Stable,9.470070818070818,10.559583124677346
