STATIONID,parameter,n,tau,mk_p,sen_slope,sen_ci_lower,sen_ci_upper,trend
ARMPIED,SPCD_epi,38,-0.3490032031024304,0.0021547519150651347,-0.12631578947368433,-0.1866666666666667,-0.057222222222222285,Improving
ARMPIED,CHL_comp,38,-0.2309342414128742,0.04291290367485796,-0.020000000000000018,-0.043636363636363654,-4.7619047619046605e-4,Improving
ARMPIED,PH_epi,38,0.16690510155836563,0.1446195673560213,0.005000000000000071,-0.0018750000000000155,0.010999999999999944,Stable
ARMPIED,SECCHI,20,-0.4787504959281433,0.0038080497745382426,-0.0731283422459893,-0.1166666666666667,-0.03125,Worsening
ARMPIED,TP_hypo,38,0.10044017305828924,0.3958132452329504,0.0013636363636363345,-0.014230769230769234,0.053076923076923035,Stable
ARMPIED,TP_epi,38,0.06621435707042876,0.5770239371953091,0,-0.03806451612903225,0.04666666666666669,Stable
