STATIONID,parameter,n,tau,mk_p,sen_slope,sen_ci_lower,sen_ci_upper,trend
NUBNELD,SPCD_epi,37,-0.6186186186186187,7.640429943255867e-8,-0.155078125,-0.20636363636363633,-0.11666666666666596,Improving
NUBNELD,CHL_comp,36,-0.19888680350539145,0.09113109987396066,-0.011715686274509803,-0.025805555555555564,0.001633333333333331,Stable
NUBNELD,PH_epi,39,0.274324574803415,0.014528409835868025,0.010517241379310335,0.002391304347826152,0.01730769230769228,Improving
NUBNELD,SECCHI_NVS,13,-0.11613144917081454,0.6248544649570991,-0.10777777777777792,-0.4833333333333334,0.2124999999999999,Stable
NUBNELD,TP_hypo,36,-0.18911130650630897,0.11050749499934466,-0.05385752688172045,-0.13000000000000006,0.014999999999999986,Stable
NUBNELD,TP_epi,36,-0.5385106375307686,2.16951968333542e-5,-0.06666666666666667,-0.11290322580645161,0,Improving
