parameter,non_na_n,MK,SEN,tau,p.value,slope,significant,slope_dir,trend,mean_value,percent_change
CHL_comp,19,,,-0.12280702590942383,0.48410749435424805,1.3125,FALSE,NA,Stable,2.6733140350877194,49.0963643916579
PH_epi,19,,,0.4619883596897125,0.0063550472259521484,1.3125,TRUE,increasing,Improving,6.439122807017544,20.383211181647276
SECCHI,19,,,0.18128655850887299,0.293917179107666,1.3125,FALSE,NA,Stable,6.575581140350877,19.9602129756392
SPCD_epi,19,,,0.42690062522888184,0.011770129203796387,1.3125,TRUE,increasing,Worsening,35.41710526315789,3.7058364602295946
TP_epi,17,,,-0.4662840664386749,0.011359765194356441,1.3125,TRUE,increasing,Worsening,6.922058823529412,18.961121733588275
TP_hypo,17,,,-0.09594161808490753,0.6207897067070007,1.3125,FALSE,NA,Stable,14.792058823529413,8.873004195414868
