parameter,non_na_n,tau,p.value,slope,trend,mean_value,percent_change
CHL_comp,72,-0.04499217527386541,0.579212507078869,-0.010769220665097029,Stable,4.492279166666667,-0.23972732471762076
PH_epi,73,-0.15943683409436835,0.04630971617831481,-0.00539987802505476,Worsening,7.066712328767124,-0.07641287452827213
SECCHI,71,0.1601609657947686,0.048343822770670064,0.023076893016695785,Improving,4.8630774647887325,0.47453270452269714
SPCD_epi,72,0.4843505477308294,1.77358860931065e-9,1.0349999524652909,Worsening,112.48513888888888,0.9201215046617386
TP_epi,73,0.001902587519025875,0.9847572666585258,-6.06104715103264e-8,Stable,9.338493150684931,-6.490390958404348e-7
TP_hypo,74,0.021843761569788966,0.78595631584232,-3.914348827643617e-8,Stable,11.980945945945946,-3.2671450529063906e-7
