parameter,non_na_n,tau,p.value,slope,trend,mean_value,percent_change
CHL_comp,97,-0.3368421494960785,1.0403944088466233e-6,-0.10343193779904308,Improving,11.55539175257732,-0.8950967653344473
SPCD_epi,95,0.40649864077568054,0,0.4406779661016949,Worsening,91.38624561403509,0.4822147612485085
PH_epi,96,0.08998824656009674,0.19749724864959717,0.0013712060166532344,Stable,6.049079861111111,0.02266800981532037
TP_epi,101,-0.16673743724822998,0.0142355440184474,-0.08145502645502642,Improving,28.99079207920792,-0.28096861318061617
TP_hypo,97,-0.006457182578742504,0.9279755353927612,-0.00681448804272114,Stable,76.5553264604811,-0.008901389828490733
SECCHI,96,0.1432393342256546,0.043462514877319336,0.0023255813953488367,Improving,1.2860833333333332,0.18082664902602244
