parameter,non_na_n,tau,p.value,slope,trend,mean_value,percent_change
CHL_comp,39,0.07562459260225296,0.5058095455169678,0.010588235294117657,Stable,3.1077820512820513,0.3407007029257312
PH_epi,38,0.22016002237796783,0.05427086353302002,0.006999999999999939,Stable,6.708157894736842,0.10435055509787677
SECCHI,41,0.24708840250968933,0.024537205696105957,0.0290922619047619,Improving,4.461890243902439,0.652016529194527
SPCD_epi,38,-0.07117439806461334,0.5378470420837402,-0.09499999999999952,Stable,79.60078947368422,-0.11934554999785049
TP_epi,38,0.14082503556187767,0.21050121963726087,0.00480842590332068,Stable,6.230526315789474,0.07717527636686342
TP_hypo,38,0.03698435277382646,0.7522870846567056,3.457832336429841e-4,Stable,9.181052631578947,0.003766270029360639
