parameter,non_na_n,tau,p.value,slope,trend,mean_value,percent_change
CHL_comp,132,0.09131418168544769,0.12110614776611328,0.012326470588235293,Stable,6.823865151515151,0.18063766376594295
SPCD_epi,134,0.5226088166236877,0,0.24468085106382978,Worsening,60.51231343283582,0.4043488625425094
PH_epi,134,-0.0237064640969038,0.6876034736633301,-2.173913043478311e-4,Stable,6.840522388059702,-0.0031779927323575888
TP_epi,132,0.045911990106105804,0.45519566535949707,0,Stable,11.026439393939395,0
TP_hypo,88,-0.055780548602342606,0.4612293839454651,0,Stable,11.055681818181819,0
SECCHI,135,-0.16798216104507446,0.0047764647752046585,-0.003000000000000007,Worsening,2.333562962962963,-0.12855877675530375
