STATIONID,parameter,n,tau,mk_p,sen_slope,sen_ci_lower,sen_ci_upper,trend
LOOPLYD,SPCD_epi,36,-0.10342113782280356,0.3832193297222562,-0.034057971014493,-0.13333333333333286,0.048333333333333485,Stable
LOOPLYD,CHL_comp,36,-0.088959519721558,0.4537254112246721,-0.014131944444444457,-0.05647058823529411,0.03052631578947371,Stable
LOOPLYD,PH_epi,35,0.14827343059464276,0.2164962834498905,0.002857142857142881,-0.0024999999999999836,0.008399999999999998,Stable
LOOPLYD,SECCHI_NVS,36,-0.3191833434567715,0.006919422329470845,-0.030769230769230747,-0.054545454545454515,-0.009230769230769239,Worsening
LOOPLYD,TP_hypo,36,-0.04029481153247641,0.7430900600936055,-0.024456521739130405,-0.16666666666666666,0.08705882352941179,Stable
LOOPLYD,TP_epi,36,-0.07755667343294814,0.5209697104408275,-0.016810661764705914,-0.1111111111111111,0.045000000000000005,Stable
