parameter,non_na_n,tau,p.value,slope,trend,mean_value,percent_change
CHL_comp,100,0.04286293312907219,0.5297386646270752,0.0049127988748241865,Worsening,5.529281,0.08885059151134092
PH_epi,101,0.015745224431157112,0.8189069032669067,1.515151515151483e-4,Improving,6.168425742574257,0.0024563017832799064
SECCHI,101,-0.07060348987579346,0.30236220359802246,-0.001680790960451979,Worsening,2.5073663366336634,-0.06703412006035676
SPCD_epi,100,0.069774530827999115,0.3055858612060547,0.013900966183574885,Worsening,28.8654,0.04815788516207946
TP_epi,98,-0.12623606143488322,NA,NA,Improving,11.663163265306123,NA
TP_hypo,51,-0.08705882352941176,NA,NA,Improving,12.034313725490197,NA
