parameter,non_na_n,tau,p.value,slope,trend,mean_value,percent_change
CHL_comp,88,-0.13863469660282135,0.056559789925813675,-0.00999999999999996,Improving,3.5784823863636364,-0.2794480710064835
PH_epi,87,0.022070229053497314,0.7664052248001099,1.9607843137254484e-4,Improving,6.868045977011494,0.0028549376639127396
SECCHI,86,-0.08694671839475632,0.2472158670425415,-0.002777777777777768,Worsening,4.677093023255814,-0.059391116746361036
SPCD_epi,87,0.12424707412719727,0.08959329128265381,0.037058823529411776,Worsening,43.40563218390805,0.08537791448905736
TP_epi,87,0.014434643143544507,NA,NA,Worsening,7.122068965517242,NA
TP_hypo,87,0.06629243517775996,NA,NA,Worsening,16.85390804597701,NA
