STATIONID,parameter,n,tau,mk_p,sen_slope,sen_ci_lower,sen_ci_upper,trend
WHIHOLD,SPCD_epi,37,0.4646621795041463,5.60182753032715e-5,0.4143500948766603,0.27230769230769225,0.6040000000000001,Worsening
WHIHOLD,CHL_comp,37,-0.16679193287500582,0.15020719803509863,-0.03394688644688647,-0.08187499999999999,0.014565217391304385,Stable
WHIHOLD,PH_epi,37,0.112952319606328,0.3329602295532722,0.0035248447204969053,-0.005999999999999872,0.010714285714285612,Stable
WHIHOLD,SECCHI_NVS,37,0.01524567391058357,0.9060840429197304,0,-0.018518518518518517,0.015000000000000036,Stable
WHIHOLD,TP_hypo,37,-0.06991398206342482,0.5554863459248767,-0.037980769230769235,-0.16666666666666666,0.09090909090909091,Stable
WHIHOLD,TP_epi,37,0.013817697433267736,0.9162848413657612,0,-0.0664285714285714,0.08750000000000002,Stable
