parameter,non_na_n,tau,p.value,slope,significant,slope_dir,trend,mean_value,percent_change
CHL_comp,81,-0.009901020675897598,0.8993749618530273,-2.8126635269492097e-4,FALSE,NA,Stable,1.9519185185185186,-0.014409738420249148
PH_epi,81,0.08183585852384567,0.283297061920166,0.0013636363636363683,FALSE,NA,Stable,6.695222222222222,0.020367305496004306
SECCHI,80,-0.09095239639282227,0.2347050905227661,-0.0068181818181818205,FALSE,NA,Stable,4.0705625,-0.16749974526080413
SPCD_epi,81,-0.009273581206798553,0.9058424234390259,-0.0025543478260869534,FALSE,NA,Stable,45.14716049382716,-0.00565782609171224
TP_epi,81,0.08210750669240952,0.2814744710922241,0.00891176470588237,FALSE,NA,Stable,8.528271604938272,0.1044967271061353
TP_hypo,81,-0.06689416617155075,0.3804478645324707,-0.004853565365025479,FALSE,NA,Stable,9.628518518518518,-0.05040822589363694
