STATIONID,PARAMETER,n,tau,mk_p,sen_slope,sen_ci_lower,sen_ci_upper,TREND
ISLDERD,SPCD_epi,36,0.49044834704040036,2.871487167432557e-5,1.8896638655462188,1.2262500000000003,2.949999999999998,Worsening
ISLDERD,CHL_comp,36,0.2462272420864552,0.03592172886603796,0.05147129186602872,0.005499999999999972,0.09214285714285715,Worsening
ISLDERD,PH_epi,34,0.12208573338982472,0.32013284476927373,0.004210526315789477,-0.0033333333333333045,0.010909090909090919,Stable
ISLDERD,SECCHI_NVS,36,-0.17669576235880047,0.1426155166402206,-0.015587044534412956,-0.0352941176470588,2.960594732333751e-17,Stable
ISLDERD,TP_epi,36,0.1555818307301851,0.19041651937455353,0.04794642857142857,-0.021874999999999978,0.12777777777777782,Stable
ISLDERD,TP_hypo,36,0.17832159544272927,0.13611829039536086,0.040312500000000015,-0.01850000000000005,0.10499999999999998,Stable
