STATIONID,parameter,n,tau,mk_p,sen_slope,sen_ci_lower,sen_ci_upper,trend
SUNSUN110,CHL_comp,19,-0.38824201116556606,0.022795143127099637,-0.027142857142857166,-0.057499999999999996,-0.0027272727272727297,Improving
