parameter,non_na_n,tau,p.value,slope,significant,slope_dir,trend,mean_value,percent_change
CHL_comp,97,0.04431065544486046,0.5228468179702759,0.0031909090909090936,FALSE,increasing,Worsening (weak),4.971723711340206,0.0641811427218053
PH_epi,98,0.16569970548152924,0.016478776931762695,0.001749999999999996,TRUE,increasing,Improving (significant),6.412367346938775,0.027291012902363354
SECCHI,100,-0.05255475267767906,0.4453734755516052,-0.0012899340770791082,FALSE,decreasing,Worsening (weak),3.142275,-0.041050960755475194
SPCD_epi,98,0.00463597709313035,0.9486037492752075,9.836065573770865e-4,FALSE,increasing,Worsening (weak),40.76867346938776,0.0024126528377619487
TP_epi,98,0.01776808127760887,0.8009090423583984,0,FALSE,NA,Stable,10.640612244897959,0
TP_hypo,93,0.06682422757148743,0.3534066677093506,0.009918032786885224,FALSE,increasing,Worsening (weak),11.655591397849463,0.0850924886463948
