STATIONID,parameter,n,tau,mk_p,sen_slope,sen_ci_lower,sen_ci_upper,trend
BEELTUFD,SPCD_epi,26,0.6615384615384615,2.394748911058414e-6,0.8050000000000002,0.5666666666666665,1.0545454545454545,Worsening
BEELTUFD,CHL_comp,25,-0.5199999999999999,2.9458014258526615e-4,-0.07897368421052631,-0.14125000000000001,-0.042857142857142864,Improving
BEELTUFD,PH_epi,24,0.37818431858227297,0.010575330141116949,0.01633928571428569,0.004249999999999999,0.02937500000000004,Improving
BEELTUFD,SECCHI_NVS,26,0.09273670016027795,0.5223863184544746,0.01499999999999999,-0.03799999999999999,0.0733333333333333,Stable
BEELTUFD,TP_hypo,26,0.12442416956500056,0.388882261959707,0.05555555555555555,-0.0625,0.225,Stable
BEELTUFD,TP_epi,26,-0.0946253275913626,0.527755367584823,0,-0.2278571428571428,0.036000000000000004,Stable
