parameter,non_na_n,tau,p.value,slope,trend,mean_value,percent_change
CHL_comp,178,0.15586484968662262,0.0020372867584228516,0.009636170212765959,Worsening,5.5444876404494385,0.17379730712114722
SPCD_epi,179,0.1363138109445572,0.006861090660095215,0.022400000000000034,Worsening,45.28256983240223,0.04946715719294617
PH_epi,178,0.1082625612616539,0.03313708305358887,7.142857142857149e-4,Improving,6.602483146067415,0.010818440554614051
TP_epi,179,0.23326358199119568,4.887580871582031e-6,0.02567567567567568,Worsening,14.395810055865923,0.17835519901996416
TP_hypo,176,0.1531153917312622,0.0026379823684692383,0.1008002048524422,Worsening,53.106818181818184,0.1898065225962878
SECCHI,180,0.048431895673274994,0.34099650382995605,8.064516129032248e-4,Stable,3.452872222222222,0.023355964570974
