parameter,non_na_n,MK,SEN,tau,p.value,slope,significant,slope_dir,trend,mean_value,percent_change
CHL_comp,40,,,0.1051282063126564,0.3453056812286377,1,FALSE,NA,Stable,4.4658179166666665,22.39231465904482
PH_epi,40,,,-0.005141404923051596,0.9721095561981201,1,FALSE,NA,Stable,6.839789583333333,14.620332801417197
SECCHI,40,,,-0.25785765051841736,0.01978687196969986,1,TRUE,increasing,Improving,4.147355208333334,24.11175194231464
SPCD_epi,40,,,0.1794871836900711,0.10534107685089111,1,FALSE,NA,Stable,48.65871666666666,2.055130238741055
TP_epi,40,,,0.01797177456319332,0.8795938491821289,1,FALSE,NA,Stable,12.108291666666666,8.258803368215307
TP_hypo,40,,,-0.09499366581439972,0.39496880769729614,1,FALSE,NA,Stable,39.692875,2.5193438368976797
