stationid,parameter,n,tau,mk_p,sen_slope,sen_ci_lower,sen_ci_upper,trend
CRYMAND,SECCHI,107,0.1668118523064203,0.011846968558606749,0.007692307692307699,0.001041666666666663,0.014272727272727275,Improving
CRYMAND,TP_epi,97,0.07601975561949015,0.2799011264323084,0.01165158371040723,-0.010416666666666666,0.04210526315789474,Stable
CRYMAND,SPCD_epi,97,0.45197434325044505,5.930172832760316e-11,1.6644144144144144,1.2222222222222223,2.142857142857143,Worsening
CRYMAND,PH_epi,96,-0.1432725365654877,0.04045598342638172,-0.001818181818181843,-0.003584905660377366,0,Worsening
CRYMAND,TP_hypo,93,0.08899282176542334,0.21176272584694897,0.03204365079365078,-0.01818181818181818,0.08108108108108109,Stable
CRYMAND,CHL_comp,106,-0.23754726519208916,3.137486806201928e-4,-0.042142857142857135,-0.06653061224489795,-0.019622641509433963,Improving
CRYMAND,Year,109,0.9797473444656168,9.499184091977566e-50,0.3835616438356164,0.36538461538461536,0.4,Stable
