parameter,non_na_n,tau,p.value,slope,trend,mean_value,percent_change
CHL_comp,25,-0.1666666567325592,0.2524604797363281,-0.06548809523809526,Stable,8.127308,-0.805778435345323
PH_epi,25,0.16835874319076538,0.2516831159591675,0.00732057416267942,Stable,6.5472,0.11181228865285038
SECCHI,25,-0.20735900104045868,0.15403272211551666,-0.02291666666666664,Stable,2.6692,-0.8585593685998292
SPCD_epi,25,0.10666665434837341,0.46906328201293945,0.21062500000000028,Stable,93.0576,0.22633831089561765
TP_epi,25,0.26666666666666666,0.06326909577079043,0.18137588500976531,Stable,11.3172,1.6026568851815408
TP_hypo,24,0.2210144927536232,0.13500412862728473,0.20999994957819548,Stable,16.23375,1.2936009830026671
