STATIONID,parameter,n,tau,mk_p,sen_slope,sen_ci_lower,sen_ci_upper,trend
SILHARD,SPCD_epi,35,-0.37268340125785127,0.0017745718358857163,-0.08800000000000012,-0.14464285714285716,-0.038461538461538464,Improving
SILHARD,CHL_comp,35,-0.059022258117759255,0.6290417223506388,-0.004545454545454539,-0.0254,0.01416666666666667,Stable
SILHARD,PH_epi,35,0.3361529649209443,0.004896336486158428,0.009999999999999985,0.0030769230769230114,0.017380952380952393,Improving
SILHARD,SECCHI_NVS,35,-0.06844560431151236,0.5786929333498652,-0.010526315789473694,-0.044642857142857144,0.022727272727272728,Stable
SILHARD,TP_hypo,35,-0.18782156083409823,0.11790451583197127,-0.07315789473684209,-0.14076923076923079,0.0181818181818182,Stable
SILHARD,TP_epi,35,-0.2103421064339185,0.10707375971124554,0,-0.021739130434782608,0,Stable
