parameter,non_na_n,tau,p.value,slope,trend,mean_value,percent_change
CHL_comp,35,-0.0016806722689075631,1,-0.0022016906738275507,Stable,6.459142857142857,-0.03408642172069017
PH_epi,33,-0.10416666666666667,0.40017149393859386,-0.0055555760860445565,Stable,6.9806060606060605,-0.07958587030711511
SECCHI,35,-0.04201680672268908,0.7302145838812737,-5.066394801871029e-8,Stable,3.1514285714285712,-1.6076502091159203e-6
SPCD_epi,33,0.5871212121212122,1.5025604396257108e-6,2.187500009629881,Worsening,88.11181818181818,2.4826408701679363
TP_epi,32,-0.18951612903225806,0.1267299552464649,-0.24999995809048414,Stable,10.3125,-2.424242017847119
TP_hypo,31,-0.24301075268817204,0.05482861419600793,-0.4545454066246748,Stable,12.35483870967742,-3.679088147614861
