STATIONID,parameter,n,tau,mk_p,sen_slope,sen_ci_lower,sen_ci_upper,trend
ROCWIND,SPCD_epi,39,0.4807563553734224,1.7492657355960197e-5,1.1571428571428577,0.6299999999999992,1.568,Worsening
ROCWIND,CHL_comp,39,-0.03646185841315282,0.7531096496310892,-0.005769230769230766,-0.05928571428571429,0.04846153846153845,Stable
ROCWIND,PH_epi,39,-0.1417004048582996,0.20836472630402939,-0.004999999999999893,-0.013181818181818183,0.003124999999999989,Stable
ROCWIND,SECCHI,18,-0.18954248366013077,0.2888828040271638,-0.071875,-0.13392857142857145,0.043749999999999956,Stable
ROCWIND,TP_hypo,39,0.1167706793137072,0.3034738218050125,0.0625,-0.08333333333333333,0.1941176470588235,Stable
ROCWIND,TP_epi,38,0.1023140792931704,0.37785948717010054,0.03499999999999996,-0.03571428571428571,0.11562499999999998,Stable
