parameter,non_na_n,tau,p.value,slope,significant,slope_dir,trend,mean_value,percent_change
CHL_comp,13,-0.12820513546466827,0.5829505324363708,-0.17958333333333332,FALSE,decreasing,Improving (weak),7.422307692307692,-2.4195080664663005
PH_epi,13,0.25641027092933655,0.24638724327087402,0.027840909090909055,FALSE,increasing,Improving (weak),7.124615384615384,0.390770695510492
SECCHI,13,0.1935524195432663,0.3921535015106201,0.02578124999999995,FALSE,increasing,Improving (weak),3.2551923076923077,0.7920038990961171
SPCD_epi,13,0.07692308723926544,0.7603323459625244,1.4666666666666655,FALSE,increasing,Worsening (weak),152.58461538461538,0.9612152987833562
TP_epi,13,0.10256411135196686,0.6693340539932251,0.20857142857142869,FALSE,increasing,Worsening (weak),12.348461538461539,1.6890478860204154
TP_hypo,12,-0.060606054961681366,0.837011456489563,-1.6416666666666662,FALSE,decreasing,Improving (weak),55.458333333333336,-2.9601803155522153
