parameter,non_na_n,tau,p.value,slope,trend,mean_value,percent_change
CHL_comp,20,0.1644614338874817,0.32962512969970703,0.012196969696969678,Stable,1.84876,0.6597378619707089
SPCD_epi,20,0.15303483605384827,0.36339306831359863,0.07303571428571426,Stable,16.823,0.43414203344061264
PH_epi,20,0.2480219602584839,0.13537883758544922,0.019615384615384403,Stable,6.288,0.3119495008807952
TP_epi,20,0.24916616082191467,0.18341028690338135,0,Stable,5.264,0
TP_hypo,20,0.01253432035446167,0.9715101718902588,0,Stable,6.084,0
SECCHI,19,-0.13450293242931366,0.4414881467819214,-0.025000000000000015,Stable,5.587052631578947,-0.4474631196186675
