parameter,non_na_n,tau,p.value,slope,significant,slope_dir,trend,mean_value,percent_change
CHL_comp,32,-0.02016128972172737,0.8839623928070068,-0.01369047619047625,FALSE,NA,Stable,6.90921875,-0.1981479626835704
PH_epi,32,0.06728252023458481,0.6031601428985596,0.0026785714285714793,FALSE,NA,Stable,6.733125,0.03978199466921347
SECCHI,32,0.0202430821955204,0.8839017152786255,0.0014852941176470976,FALSE,NA,Stable,4.21375,0.03524874797145292
SPCD_epi,32,0,1,-0.0037715517241382066,FALSE,NA,Stable,112.71125,-0.0033462069883336454
TP_epi,32,0.03027246706187725,0.8203768730163574,0.01681250000000007,FALSE,NA,Stable,9.0134375,0.18652706029192603
TP_hypo,32,0.04444453865289688,0.7333782911300659,0.144570135746606,FALSE,NA,Stable,53.159375,0.2719560486680026
