STATIONID,parameter,n,tau,mk_p,sen_slope,sen_ci_lower,sen_ci_upper,trend
CRYGLMD,SPCD_epi,36,0.3579962463097046,0.0022737531952432806,0.1150000000000011,0.05925925925925931,0.1999999999999993,Worsening
CRYGLMD,CHL_comp,36,-0.2902744550580696,0.013611104285837478,-0.04936647173489279,-0.09105263157894737,-0.014000000000000058,Improving
CRYGLMD,PH_epi,36,-0.027178960756033953,0.8273172965949219,-6.060606060605932e-4,-0.007499999999999951,0.005000000000000071,Stable
CRYGLMD,SECCHI_NVS,36,-0.2682925656096132,0.02350874144302627,-0.02350877192982457,-0.04999999999999997,-0.002777777777777768,Worsening
CRYGLMD,TP_hypo,36,0.14337116209512815,0.2336248272821385,0.04226190476190475,-0.02666666666666669,0.13199999999999995,Stable
CRYGLMD,TP_epi,36,0.05475615336717569,0.6523949233014659,0.005500000000000116,-0.06555555555555553,0.07833333333333332,Stable
