stationid,parameter,n,tau,mk_p,sen_slope,sen_ci_lower,sen_ci_upper,trend
COBWINND,SECCHI,67,-0.294195193794261,4.869565296715268e-4,-0.0157258064516129,-0.024019607843137256,-0.006874999999999987,Worsening
COBWINND,TP_epi,71,0.5208017798568083,2.146731574637157e-10,0.14772727272727273,0.1111111111111111,0.18727272727272729,Worsening
COBWINND,SPCD_epi,81,0.6067348914020758,1.1820004732256722e-15,3,2.5546875,3.452857142857143,Worsening
COBWINND,PH_epi,66,0.18194919851804758,0.03214297216768683,0.003750000000000031,3.333333333333262e-4,0.007000000000000029,Improving
COBWINND,TP_hypo,71,0.5932136155202004,3.356749977312968e-13,0.8545454545454547,0.5714285714285714,1.25,Worsening
COBWINND,CHL_comp,71,0.1312663819055078,0.10669252097910974,0.015000000000000005,-0.0035897435897435928,0.037297297297297305,Stable
COBWINND,Year,90,0.9822392821968773,1.8556555501728715e-41,0.4,0.36,0.4342105263157895,Stable
