STATIONID,parameter,n,tau,mk_p,sen_slope,sen_ci_lower,sen_ci_upper,trend
LEDSUND,SPCD_epi,25,-0.4466666666666666,0.0018950157955627224,-0.13440476190476186,-0.2081249999999999,-0.05062499999999992,Improving
LEDSUND,CHL_comp,25,0.3338902816470889,0.020735139153999108,0.05259374999999999,0.008611111111111125,0.11071428571428564,Worsening
LEDSUND,PH_epi,25,0.49916878157874195,5.414468818748929e-4,0.025424836601307232,0.013611111111111067,0.038749999999999986,Improving
LEDSUND,SECCHI,20,-0.2577519936403284,0.1309681037982119,-0.016145833333333352,-0.039285714285714333,0,Stable
LEDSUND,TP_hypo,22,0.043961246778333116,0.7990117049823964,0.020000000000000018,-0.1388888888888889,0.2,Stable
LEDSUND,TP_epi,25,0.30589315368103054,0.035273627057264924,0.10690476190476195,0.004166666666666726,0.1875,Worsening
