parameter,non_na_n,MK,SEN,tau,p.value,slope,significant,slope_dir,trend,mean_value,percent_change
CHL_comp,36,,,-0.02539682760834694,0.8381085991859436,1,FALSE,NA,Stable,4.289372800925926,23.31343173958055
PH_epi,36,,,-0.06523486971855164,0.5857621431350708,1,FALSE,NA,Stable,6.456310185185186,15.488722990642945
SECCHI,36,,,0.01111994031816721,0.934859037399292,1,FALSE,NA,Stable,3.717673611111111,26.898542061661175
SPCD_epi,36,,,-0.30793654918670654,0.008567851968109608,1,TRUE,increasing,Worsening,33.307314814814816,3.002343495895407
TP_epi,36,,,-0.022364675998687744,0.8593401908874512,1,FALSE,NA,Stable,8.84851851851852,11.301326859486835
TP_hypo,36,,,0.10223851352930069,0.39041757583618164,1,FALSE,NA,Stable,9.633657407407409,10.380273635546668
