STATIONID,parameter,n,tau,mk_p,sen_slope,sen_ci_lower,sen_ci_upper,trend
GOVRAYD,SPCD_epi,31,0.4279569892473119,7.646309234956979e-4,1.809375000000001,0.9000000000000057,2.7375000000000007,Worsening
GOVRAYD,CHL_comp,31,-0.4580645161290323,3.142746175727516e-4,-0.13277777777777772,-0.20607142857142852,-0.06593749999999998,Improving
GOVRAYD,PH_epi,31,0.09041985862773892,0.48583172566981336,0.0033333333333333045,-0.006153846153846091,0.010999999999999944,Stable
GOVRAYD,SECCHI,14,0.28729720245711154,0.17047543147055036,0.019999999999999997,-0.015000000000000036,0.04714285714285709,Stable
GOVRAYD,TP_hypo,14,-0.1767982784351456,0.41084549327857567,-0.5,-1.5714285714285714,0.6666666666666666,Stable
GOVRAYD,TP_epi,31,-0.18594866252769657,0.1482501612666664,-0.18571428571428555,-0.4039999999999999,0.08333333333333333,Stable
