parameter,non_na_n,MK,SEN,tau,p.value,slope,significant,slope_dir,trend,mean_value,percent_change
CHL_comp,37,,,-0.07663413137197495,0.5131118297576904,1,FALSE,NA,Stable,3.968759009009009,25.196793197319835
PH_epi,37,,,0.07674962282180786,0.5130397081375122,1,FALSE,NA,Stable,6.630923423423424,15.08085580460102
SECCHI,37,,,0.1281094253063202,0.2716987133026123,1,FALSE,NA,Stable,4.005045045045045,24.968508187871155
SPCD_epi,37,,,0.6626598238945007,0,1,TRUE,increasing,Worsening,55.49460810810811,1.8019768660261855
TP_epi,37,,,-0.09667850285768509,0.4095827341079712,1,FALSE,NA,Stable,9.427837837837838,10.60688587564143
TP_hypo,37,,,0.27357643842697144,0.018985986709594727,1,TRUE,increasing,Worsening,17.180675675675676,5.820492854165192
