parameter,non_na_n,tau,p.value,slope,trend,mean_value,percent_change
CHL_comp,80,-0.03956322371959686,0.606425404548645,-0.014890757575757588,Improving,13.28171375,-0.11211473049370295
PH_epi,82,0.05711732804775238,0.4514458179473877,0.0010344827586206981,Improving,7.134390243902439,0.014499946361987153
SECCHI,83,0.040670402348041534,0.5990310907363892,0,Improving,2.039774096385542,0
SPCD_epi,82,-0.03143440932035446,0.6799311637878418,-0.10526315789473684,Improving,315.4939024390244,-0.033364561749360935
TP_epi,82,0.04185486299307437,NA,NA,Worsening,29.140243902439025,NA
TP_hypo,54,0.1488469601677149,NA,NA,Worsening,34.55740740740741,NA
