stationid,parameter,n,tau,mk_p,sen_slope,sen_ci_lower,sen_ci_upper,trend
SPOCHED,SECCHI,115,-0.07007485949685405,0.27116066787261695,-0.003823529411764781,-0.011999999999999993,0.003205128205128205,Stable
SPOCHED,TP_epi,116,0.022264401299416023,0.7360100784351358,0,0,0.005909090909090905,Stable
SPOCHED,SPCD_epi,114,0.5945908530553007,7.60608574981609e-21,0.35964912280701755,0.30781250000000004,0.4140625,Worsening
SPOCHED,PH_epi,116,0.05489463065026401,0.3862688931469595,5.555555555555561e-4,-7.407407407407414e-4,0.0017241379310344767,Stable
SPOCHED,TP_hypo,117,0.14880936319102345,0.01810372764555273,0.053749999999999964,0.00785714285714286,0.10348837209302326,Worsening
SPOCHED,CHL_comp,115,-0.1192937957606352,0.05967827851859314,-0.002978723404255322,-0.006206896551724136,3.00060276925718e-18,Stable
SPOCHED,Year,120,0.9898646032529445,9.523084271647907e-57,0.3220338983050847,0.3181818181818182,0.3253012048192771,Stable
