parameter,non_na_n,tau,p.value,slope,trend,mean_value,percent_change
CHL_comp,18,-0.1111111119389534,0.5444860458374023,-0.025,Stable,3.1017027777777777,-0.8060088858001833
PH_epi,18,0.04575163498520851,0.8202167749404907,0.005714285714285593,Stable,6.835,0.08360330233044028
SECCHI,17,0.31586983799934387,0.08922410011291504,0.02482142857142855,Stable,3.3529411764705883,0.7402882205513778
SPCD_epi,18,-0.006535947788506746,1,-0.02428571428571453,Stable,41.274166666666666,-0.05883998696290544
TP_epi,18,0.1895424836601307,0.28819004565806816,0.0999999386072152,Stable,7.501666666666667,1.33303628447743
TP_hypo,0,NA,NA,NA,insufficient data,NA,NA
