parameter,non_na_n,tau,p.value,slope,significant,slope_dir,trend,mean_value,percent_change
CHL_comp,103,-0.1530691385269165,0.0222849752753973,-0.01290322580645161,TRUE,decreasing,Improving (significant),5.285252427184466,-0.24413641513287856
PH_epi,104,0.010333694517612457,0.8794056177139282,0,FALSE,NA,Stable,7.018557692307692,0
SECCHI,104,0.06524120271205902,0.3334238529205322,0.0025486583522297823,FALSE,increasing,Improving (weak),4.165817307692308,0.06118027181661585
SPCD_epi,104,0.03383496403694153,0.6131346225738525,0.0534705882352951,FALSE,increasing,Worsening (weak),172.40490384615384,0.03101454021459261
TP_epi,103,-0.03683299943804741,0.587822437286377,-0.0038095238095238342,FALSE,decreasing,Improving (weak),10.955922330097087,-0.03477136561162601
TP_hypo,101,-0.0307768601924181,0.6569473147392273,0,FALSE,NA,Stable,12.24,0
