STATIONID,parameter,n,tau,mk_p,sen_slope,sen_ci_lower,sen_ci_upper,trend
HILALTD,SPCD_epi,37,0.3771601365011393,0.001075474893388888,0.22187500000000016,0.09411764705882361,0.49499999999999744,Worsening
HILALTD,CHL_comp,37,-0.012012012012012012,0.927053855932963,-0.0036617647058823496,-0.07777777777777779,0.064,Stable
HILALTD,PH_epi,37,-0.1757648389175168,0.13207702400373297,-0.005675287356321779,-0.013000000000000018,0.0018518518518518452,Stable
HILALTD,SECCHI,18,-0.04636168270832022,0.8196222478757333,-0.012500000000000011,-0.075,0.08333333333333333,Stable
HILALTD,TP_hypo,37,0.08498203264368663,0.47129963948436376,0.037750000000000034,-0.0625,0.14347826086956517,Stable
HILALTD,TP_epi,37,0.17161325734415564,0.14231596505815972,0.06098684210526316,-0.02666666666666657,0.15999999999999998,Stable
