parameter,non_na_n,MK,SEN,tau,p.value,slope,significant,slope_dir,trend,mean_value,percent_change
CHL_comp,37,,,-0.012012012302875519,0.9270538687705994,1,FALSE,NA,Stable,4.9621234234234235,20.152662774963567
PH_epi,37,,,0.13092583417892456,0.2605583667755127,1,FALSE,NA,Stable,6.415693693693694,15.586779041258625
SECCHI,37,,,-0.0316985547542572,0.7935031652450562,1,FALSE,NA,Stable,3.149740990990991,31.748642280753813
SPCD_epi,37,,,-0.027067698538303375,0.8240188360214233,1,FALSE,NA,Stable,40.42801801801802,2.473532092407593
TP_epi,37,,,-0.20346790552139282,0.07952991873025894,1,FALSE,NA,Stable,10.575945945945946,9.45541897728144
TP_hypo,37,,,-0.051282573491334915,0.6658687591552734,1,FALSE,NA,Stable,11.576081081081082,8.638502037052168
