parameter,non_na_n,tau,p.value,slope,trend,mean_value,percent_change
CHL_comp,22,-0.1515151560306549,0.3376949429512024,-0.06299999999999999,Improving,4.7588954545454545,-1.3238366045596903
PH_epi,23,-0.1230168417096138,0.42785537242889404,-0.006176470588235267,Worsening,6.227608695652174,-0.09917884841652608
SECCHI,24,-0.12750646471977234,0.39859724044799805,-0.010416666666666654,Worsening,2.012395833333333,-0.5176251358765976
SPCD_epi,23,-0.36758896708488464,0.01510873343795538,-0.5950000000000006,Improving,40.58195652173913,-1.4661688370822346
TP_epi,22,0.4069264069264069,NA,NA,Worsening,12.365454545454545,NA
TP_hypo,5,NA,NA,NA,insufficient data,18.4,NA
