parameter,non_na_n,MK,SEN,tau,p.value,slope,significant,slope_dir,trend,mean_value,percent_change
CHL_comp,37,,,-0.2620493769645691,0.023601803928613663,1,TRUE,increasing,Worsening,2.5559933333333333,39.12373271709107
PH_epi,37,,,0.03461257740855217,0.7734928131103516,1,FALSE,NA,Stable,7.100630630630631,14.083256150322898
SECCHI,37,,,0.19277195632457733,0.09659576416015625,1,FALSE,NA,Stable,4.774752252252252,20.943495016485926
SPCD_epi,37,,,0.6957176923751831,0,1,TRUE,increasing,Worsening,68.67852252252253,1.4560592791903155
TP_epi,37,,,-0.05199652165174484,0.6650957465171814,1,FALSE,NA,Stable,7.19490990990991,13.898714681926036
TP_hypo,37,,,-0.20355676114559174,0.08332644402980804,1,FALSE,NA,Stable,7.783738738738738,12.8472965700033
