parameter,non_na_n,tau,p.value,slope,trend,mean_value,percent_change
CHL_comp,218,0.04867083579301834,0.28904247283935547,0.0014444444444444433,Stable,3.0324091743119266,0.04763356003142937
SPCD_epi,72,0.2922361493110657,3.0803680419921875e-4,0.05921690921690913,Worsening,37.31166666666667,0.15870882891921864
PH_epi,72,0.3089657127857208,0.00013494491577148438,0.005771939328277356,Improving,6.859861111111111,0.08414076079366072
TP_epi,71,0.028206417337059975,0.7467136383056641,0,Stable,7.326478873239437,0
TP_hypo,72,0.09138231724500656,0.28284406661987305,0,Stable,8.624305555555555,0
SECCHI,226,-0.01048605889081955,0.8168710470199585,0,Stable,5.028637168141593,0
