parameter,non_na_n,MK,SEN,tau,p.value,slope,significant,slope_dir,trend,mean_value,percent_change
CHL_comp,24,,,0.5942029356956482,5.269050598144531e-5,1,TRUE,increasing,Worsening,3.753922222222222,26.638804450456266
PH_epi,24,,,0.5480952858924866,1.977682113647461e-4,1,TRUE,increasing,Improving,6.182222222222222,16.175413371675056
SECCHI,23,,,-0.47593045234680176,0.002652798779308796,1,TRUE,increasing,Improving,2.655253623188406,37.66118578153783
SPCD_epi,24,,,0.07971015572547913,0.602441668510437,1,FALSE,NA,Stable,19.272777777777776,5.188665648150818
TP_epi,24,,,0.4464617073535919,0.0024694204330444336,1,TRUE,increasing,Worsening,9.79326388888889,10.211100316969572
TP_hypo,7,,,NA,NA,NA,FALSE,NA,Stable,8.814285714285713,NA
