stationid,parameter,n,tau,mk_p,sen_slope,sen_ci_lower,sen_ci_upper,trend
BAPSPRD,SECCHI,63,-0.2503911840132756,0.004000385717667171,-0.009333333333333341,-0.016129032258064516,-0.003605769230769231,Worsening
BAPSPRD,TP_epi,63,0.12686693333271193,0.15731521912510885,0.024390243902439025,0,0.06666666666666667,Stable
BAPSPRD,SPCD_epi,63,0.16342215259230802,0.05927436067568355,0.3354838709677421,-0.012121212121212293,0.609375,Stable
BAPSPRD,PH_epi,63,0.18832229100706857,0.030334226057618072,0.003877551020408171,4.5454545454544484e-4,0.008108108108108128,Improving
BAPSPRD,TP_hypo,63,0.4308218704165243,1.0440038500368456e-6,0.1464285714285715,0.09523809523809523,0.2,Worsening
BAPSPRD,CHL_comp,63,0.1358278519934645,0.11736355510378439,0.029354838709677426,-0.007000000000000029,0.07627906976744186,Stable
BAPSPRD,Year,65,0.9844951849708404,3.233901950208368e-30,0.3333333333333333,0.3333333333333333,0.34375,Stable
