STATIONID,parameter,n,tau,mk_p,sen_slope,sen_ci_lower,sen_ci_upper,trend
MLNWASD,SPCD_epi,31,0.03225806451612904,0.8119200006410022,0.0259090909090906,-0.3060869565217391,0.29250000000000115,Stable
MLNWASD,CHL_comp,31,0.3624614450120655,0.004516555313508052,0.054722222222222214,0.023928571428571428,0.08369565217391303,Worsening
MLNWASD,PH_epi,31,0.47135823757020756,2.2347165825059923e-4,0.018666666666666623,0.010000000000000142,0.027500000000000035,Improving
MLNWASD,SECCHI_NVS,31,-0.3512939192886241,0.005883305211181268,-0.060526315789473706,-0.09999999999999998,-0.022777777777777786,Worsening
MLNWASD,TP_hypo,31,0.14301603061186366,0.2685911248705607,0.04999999999999997,-0.036428571428571414,0.17600000000000007,Stable
MLNWASD,TP_epi,31,0.04504230332770205,0.7432245522759678,0,-0.0625,0.13181818181818175,Stable
