parameter,non_na_n,MK,SEN,tau,p.value,slope,significant,slope_dir,trend,mean_value,percent_change
CHL_comp,31,,,0.3358452022075653,0.008418083190917969,1,TRUE,increasing,Worsening,2.6301338709677418,38.020878368143904
PH_epi,31,,,0.42025962471961975,9.728670120239258e-4,1,TRUE,increasing,Improving,6.311559139784946,15.843945653562757
SECCHI,31,,,-0.40645164251327515,0.001396728097461164,1,TRUE,increasing,Improving,6.1207930107526884,16.337752285418773
SPCD_epi,31,,,0.019354840740561485,0.8918439149856567,1,FALSE,NA,Stable,36.49010752688172,2.740468767496272
TP_epi,31,,,-0.11752746254205704,0.3666953444480896,1,FALSE,NA,Stable,5.820537634408601,17.180543496332973
TP_hypo,31,,,0.05597420036792755,0.6708571910858154,1,FALSE,NA,Stable,8.520698924731182,11.736126447297853
