parameter,non_na_n,tau,p.value,slope,trend,mean_value,percent_change
CHL_comp,97,0.05249577388167381,0.4488027095794678,0.0022629629629629614,Worsening,2.2665845360824743,0.09984021892579517
PH_epi,100,0.05242927744984627,0.4438953399658203,5.985074626865699e-4,Improving,6.59078,0.009080980744108739
SECCHI,97,-0.15156124532222748,0.02842876873910427,-0.008443752193752197,Worsening,4.203505154639175,-0.20087407730268383
SPCD_epi,100,-0.07705534994602203,0.2577424645423889,-0.025543735224586264,Improving,44.4643,-0.057447739477707434
TP_epi,101,-0.0702970297029703,NA,NA,Improving,7.267524752475247,NA
TP_hypo,99,0.0867862296433725,NA,NA,Worsening,7.541717171717171,NA
