parameter,non_na_n,MK,SEN,tau,p.value,slope,significant,slope_dir,trend,mean_value,percent_change
CHL_comp,34,,,0.048128340393304825,0.6999146938323975,1,FALSE,NA,Stable,5.842323529411765,17.116477630274016
PH_epi,34,,,0.04821436479687691,0.69985198974609375,1,FALSE,NA,Stable,6.444117647058824,15.518028297581013
SECCHI,34,,,-0.1427297592163086,0.24149435758590698,1,FALSE,NA,Stable,3.3285637254901963,30.042987981332107
SPCD_epi,34,,,-0.10516934096813202,0.38988953828811646,1,FALSE,NA,Stable,22.812892156862745,4.383486289787122
TP_epi,34,,,0.13966120779514313,0.253373384475708,1,FALSE,NA,Stable,10.136372549019608,9.865462177558975
TP_hypo,34,,,-0.20053917169570923,0.09965287148952484,1,FALSE,NA,Stable,16.34294117647059,6.118849656264622
