STATIONID,parameter,n,tau,mk_p,sen_slope,sen_ci_lower,sen_ci_upper,trend
NORNORED,SPCD_epi,32,0.3830645161290323,0.002177357691510153,1.0384677419354835,0.4475000000000004,1.6949999999999992,Worsening
NORNORED,CHL_comp,32,-0.1029263894355026,0.4174062788267232,-0.013257575757575735,-0.06699999999999999,0.028928571428571446,Stable
NORNORED,PH_epi,31,0.26537355795526224,0.03803642763786437,0.008809523809523833,0.0012499999999999734,0.020000000000000018,Improving
NORNORED,SECCHI_NVS,32,-0.24925588852221742,0.04931023892913674,-0.022236111111111116,-0.039999999999999945,0,Worsening
NORNORED,TP_hypo,32,0.09776474334756886,0.4449571919763537,0.04078054298642539,-0.1111111111111111,0.15769230769230774,Stable
NORNORED,TP_epi,32,0.1422811251066269,0.26262320420558455,0.06583333333333333,-0.05238095238095236,0.15999999999999978,Stable
