parameter,non_na_n,MK,SEN,tau,p.value,slope,significant,slope_dir,trend,mean_value,percent_change
CHL_comp,13,,,-0.3333333730697632,0.12720368802547455,1,FALSE,NA,Stable,3.6390128205128205,27.47998012986052
PH_epi,13,,,-0.11613145470619202,0.6248544454574585,1,FALSE,NA,Stable,6.6545,15.02742505071756
SECCHI,13,,,-0.11613145470619202,0.6248544454574585,1,FALSE,NA,Stable,5.0442307692307695,19.824628288219596
SPCD_epi,13,,,0.46153849363327026,0.032735586166381836,1,TRUE,increasing,Worsening,33.34046794871795,2.9993580220233627
TP_epi,13,,,-0.29678037762641907,0.17872199416160583,1,FALSE,NA,Stable,9.398076923076923,10.640474728872519
TP_hypo,13,,,-0.24516640603542328,0.27124083042144775,1,FALSE,NA,Stable,10.416666666666666,9.6
