parameter,non_na_n,tau,p.value,slope,significant,slope_dir,trend,mean_value,percent_change
CHL_comp,70,0.13894668221473694,0.09036898612976074,0.009285714285714277,FALSE,increasing,Worsening (weak),1.9512657142857142,0.4758815889466614
PH_epi,70,-0.015397611074149609,0.8551327586174011,-2.499999999999947e-4,FALSE,decreasing,Worsening (weak),6.644228571428571,-0.0037626640521525945
SECCHI,67,-0.08527419716119766,0.3138044476509094,-0.006060606060606066,FALSE,decreasing,Worsening (weak),5.654082089552238,-0.10718991985993646
SPCD_epi,70,-0.04974095895886421,0.546290397644043,-0.010967741935483753,FALSE,decreasing,Improving (weak),37.167142857142856,-0.029509241476106497
TP_epi,70,-0.006504968274384737,0.9449083805084229,0,FALSE,NA,Stable,5.298571428571429,0
TP_hypo,70,0.07463283836841583,0.3710871934890747,0.01033333333333335,FALSE,increasing,Worsening (weak),9.141285714285715,0.11304026212838683
