STATIONID,parameter,n,tau,mk_p,sen_slope,sen_ci_lower,sen_ci_upper,trend
PEABMADD,SPCD_epi,31,0.6086021505376344,1.6431415848551853e-6,0.7712500000000002,0.533636363636364,1.0350000000000013,Worsening
PEABMADD,CHL_comp,31,-0.11219044726563933,0.3858362072026494,-0.012777777777777777,-0.03833333333333333,0.01571428571428573,Stable
PEABMADD,PH_epi,31,0.18790672072545278,0.1435940872824693,0.006956521739130441,-0.004444444444444449,0.012307692307692318,Stable
PEABMADD,SECCHI_NVS,31,-0.09719313140971696,0.4542509186754354,-0.008333333333333451,-0.04642857142857145,0.022727272727272728,Stable
PEABMADD,TP_hypo,31,-0.0585705345499781,0.6581246938969779,-0.020000000000000018,-0.12300000000000004,0.06833333333333332,Stable
PEABMADD,TP_epi,31,0.11905012898571923,0.35825691741307863,0.027777777777777776,-0.040000000000000036,0.092,Stable
