stationid,parameter,n,tau,mk_p,sen_slope,sen_ci_lower,sen_ci_upper,trend
SILHARD,SECCHI,100,0.1145926805420312,0.09718385903528465,0.006330128205128205,0,0.015151515151515152,Stable
SILHARD,TP_epi,100,-0.2776473723064856,2.8974413191464857e-4,0,0,0,Improving
SILHARD,SPCD_epi,100,-0.3301565378992596,1.2930844870359634e-6,-0.027084942084941922,-0.03855421686746987,-0.0176470588235294,Improving
SILHARD,PH_epi,100,0.3067281556755465,6.942176301270561e-6,0.003920807453416158,0.002333333333333313,0.005806451612903226,Improving
SILHARD,TP_hypo,100,-0.14282254420628074,0.03746043163291639,-0.017249999999999995,-0.03354166666666667,0,Improving
SILHARD,CHL_comp,98,0.07867563695903992,0.25348155851114945,0.0028313253012048176,-0.0019354838709677437,0.008000000000000007,Stable
SILHARD,Year,101,0.9895493523781819,9.709243331112168e-48,0.3448275862068966,0.34146341463414637,0.34831460674157305,Stable
