parameter,non_na_n,tau,p.value,slope,significant,slope_dir,trend,mean_value,percent_change
CHL_comp,63,-0.013336773961782455,0.882108211517334,-0.0012499999999999972,FALSE,decreasing,Improving (weak),3.551593650793651,-0.03519546780698485
PH_epi,63,-0.054513249546289444,0.5333024263381958,-0.001176470588235269,FALSE,decreasing,Worsening (weak),6.711571428571428,-0.01752898856483873
SECCHI,65,-0.06239533796906471,0.46841269731521606,-0.0027452718676122877,FALSE,decreasing,Worsening (weak),3.119307692307692,-0.08800901156311741
SPCD_epi,63,0.04045058786869049,0.6436331272125244,0.10416666666666667,FALSE,increasing,Worsening (weak),118.42952380952381,0.08795667103601901
TP_epi,65,0.035482075065374374,0.6832181215286255,0.007692307692307665,FALSE,increasing,Worsening (weak),15.893846153846154,0.04839802536056512
TP_hypo,34,0.10308492928743362,0.4053056240081787,0.058823529411764705,FALSE,increasing,Worsening (weak),16.273529411764706,0.3614675582866438
