STATIONID,PARAMETER,n,tau,mk_p,sen_slope,sen_ci_lower,sen_ci_upper,TREND
HALALTD,SPCD_epi,37,0.6666666666666666,6.875224190989255e-9,0.9666666666666666,0.7477777777777767,1.1519999999999997,Worsening
HALALTD,CHL_comp,37,-0.09781815742147824,0.402444609734133,-0.011878205128205171,-0.0426315789473684,0.021562499999999984,Stable
HALALTD,PH_epi,37,0.11019021697637779,0.3460403321352867,0.002752525252525259,-0.004210526315789477,0.009999999999999985,Stable
HALALTD,SECCHI_NVS,37,-0.12323878122377577,0.3034976890014929,-0.004653679653679658,-0.021739130434782608,0.008333333333333325,Stable
HALALTD,TP_epi,37,-0.10926261339902567,0.3522986684808294,-0.025775862068966576,-0.08260869565217392,0.025624999999999898,Stable
HALALTD,TP_hypo,37,0.18788655194631107,0.10721977632242957,0.15633333333333332,-0.030434782608695622,0.3130434782608697,Stable
