parameter,non_na_n,tau,p.value,slope,trend,mean_value,percent_change
CHL_comp,32,-0.09292948991060257,0.4654315114021301,-0.00697916666666667,Stable,1.343453125,-0.5194946170277932
PH_epi,32,-0.15197764337062836,0.2297850251197815,-0.007154882154882166,Stable,6.22671875,-0.11490613984905239
SECCHI,32,-0.010525033809244633,0.9476045370101929,0,Stable,5.22265625,0
SPCD_epi,32,0.03027246706187725,0.8203768730163574,0.00966666666666646,Stable,16.69796875,0.05789127295298394
TP_epi,31,0.35913978494623655,0.004544871441866327,0.09234380349516869,Worsening,8.092903225806452,1.1410466790299063
TP_hypo,27,0.35327635327635326,0.010166575578682169,0.1716667074710131,Worsening,9.956296296296296,1.724202478133083
