parameter,non_na_n,tau,p.value,slope,trend,mean_value,percent_change
CHL_comp,32,-0.06060618907213211,0.638068675994873,-0.004875000000000002,Stable,1.343453125,-0.3628708668194138
SPCD_epi,32,-0.5388498902320862,1.6022273484850302e-5,-0.1823832528180354,Improving,16.69796875,-1.09224813837333
PH_epi,32,0.16413584351539612,0.19418978691101074,0.00861904761904763,Stable,6.22671875,0.13842037781211222
TP_epi,31,0.3537261486053467,0.006551027297973633,0.10100000000000002,Worsening,8.092903225806452,1.2480070153061227
TP_hypo,27,0.3602544665336609,0.009600400924682617,0.17999999999999997,Worsening,9.956296296296296,1.807901197827542
SECCHI,32,-0.15366549789905548,0.23685920238494873,-0.010702614379084943,Stable,5.22265625,-0.20492664779698921
