parameter,non_na_n,MK,SEN,tau,p.value,slope,significant,slope_dir,trend,mean_value,percent_change
CHL_comp,39,,,-0.03241053968667984,0.780821681022644,1,FALSE,NA,Stable,4.338214957264958,23.050955516285743
PH_epi,39,,,-0.11883864551782608,0.2925679087638855,1,FALSE,NA,Stable,7.047863247863248,14.188697550327431
SECCHI,39,,,0.2097436785697937,0.06238424777984619,1,FALSE,NA,Stable,4.926200854700855,20.299618905017734
SPCD_epi,39,,,0.48178136348724365,1.6570091247558594e-5,1,TRUE,increasing,Worsening,114.8232905982906,0.8709034506757876
TP_epi,39,,,0.08961470425128937,0.4313676357269287,1,FALSE,NA,Stable,9.112692307692308,10.973705313805764
TP_hypo,39,,,0.111036516726017,0.3269611597061157,1,FALSE,NA,Stable,11.937008547008547,8.377308234822394
