parameter,non_na_n,tau,p.value,slope,trend,mean_value,percent_change
CHL_comp,19,-0.029239768162369728,0.8887056112289429,-0.01770000000000005,Stable,4.266836842105263,-0.4148272046715253
SPCD_epi,19,-0.1642235964536667,0.3445623517036438,-0.09583333333333321,Stable,20.87421052631579,-0.4590991990452412
PH_epi,19,-0.09941521286964417,0.5756368637084961,-0.010000000000000009,Stable,6.558947368421053,-0.15246348900658013
TP_epi,19,-0.0469210259616375,0.8064184784889221,-0.02124999999999999,Stable,8.016315789473683,-0.26508436740857455
TP_hypo,18,0.006579089444130659,1,0,Stable,18.63888888888889,0
SECCHI,19,0.04093567654490471,0.8337352275848389,0.008333333333333352,Stable,3.8673684210526313,0.21547813463981177
