parameter,non_na_n,MK,SEN,tau,p.value,slope,significant,slope_dir,trend,mean_value,percent_change
CHL_comp,11,,,-0.01818181946873665,1,1,FALSE,NA,Stable,6.066136363636364,16.48495747630287
PH_epi,11,,,-0.20000001788139343,0.4362748861312866,1,FALSE,NA,Stable,6.4783333333333335,15.436068947774634
SECCHI,11,,,0.4909091293811798,0.042960166931152344,1,TRUE,increasing,Improving,4.673295454545455,21.398176291793312
SPCD_epi,11,,,-0.3090909421443939,0.21291190385818481,1,FALSE,NA,Stable,15.582121212121212,6.4176114816903604
TP_epi,11,,,-0.16363637149333954,0.5334165096282959,1,FALSE,NA,Stable,10.045909090909092,9.954300710375096
TP_hypo,11,,,0.3090909421443939,0.21291184425354004,1,FALSE,NA,Stable,18.286363636363635,5.468555804126274
