parameter,non_na_n,MK,SEN,tau,p.value,slope,significant,slope_dir,trend,mean_value,percent_change
CHL_comp,26,,,0.19384616613388062,0.17175817489624023,1.375,FALSE,NA,Stable,7.563703296703297,18.178925667262824
PH_epi,26,,,-0.28086555004119873,0.047177400439977646,1.375,TRUE,increasing,Improving,7.247075091575092,18.97317169513632
SECCHI,26,,,-0.15740816295146942,0.27019500732421875,1.375,FALSE,NA,Stable,1.8923654761904762,72.66038285416275
SPCD_epi,26,,,0.4030769467353821,0.0041648149490356445,1.375,TRUE,increasing,Worsening,147.15703296703296,0.934376001117144
TP_epi,26,,,0.4327712655067444,0.002169370651245117,1.375,TRUE,increasing,Worsening,18.82456043956044,7.30428741969662
TP_hypo,11,,,-0.01818181946873665,1,1.375,FALSE,NA,Stable,18.907359307359307,7.272300576975914
