parameter,non_na_n,tau,p.value,slope,significant,slope_dir,trend,mean_value,percent_change
CHL_comp,118,-0.06410911679267883,0.30499643087387085,-0.003030303030303033,FALSE,decreasing,Improving (weak),3.2635381355932203,-0.09285330535143903
PH_epi,119,0.03281331807374954,0.6003968715667725,3.5087719298246425e-4,FALSE,increasing,Improving (weak),6.574008403361344,0.005337340195717698
SECCHI,121,0.034846626222133636,0.5778989791870117,5.883167220376501e-4,FALSE,increasing,Improving (weak),4.997971074380165,0.011771110982482258
SPCD_epi,119,0.014403890818357468,0.8183331489562988,0.0027777777777778173,FALSE,increasing,Worsening (weak),39.51806722689076,0.007029133691760183
TP_epi,119,-0.026946475729346275,0.6744641065597534,0,FALSE,NA,Stable,6.80109243697479,0
TP_hypo,121,0.0035126700531691313,0.9570395946502686,0,FALSE,NA,Stable,11.069752066115703,0
