STATIONID,parameter,n,tau,mk_p,sen_slope,sen_ci_lower,sen_ci_upper,trend
THOJAFD,SPCD_epi,36,-0.3325387354610145,0.004597871852567718,-0.14682971014492768,-0.2354347826086956,-0.038461538461538464,Improving
THOJAFD,CHL_comp,36,-0.0253968253968254,0.83810858978553,-0.002481481481481484,-0.04857142857142855,0.03666666666666666,Stable
THOJAFD,PH_epi,36,-0.06554925829396424,0.585530019840379,-0.0015692307692307707,-0.01181818181818185,0.00636363636363639,Stable
THOJAFD,SECCHI_NVS,36,-0.05826341199074592,0.6323719818190081,-0.004347826086956516,-0.02386363636363634,0.014705882352941176,Stable
THOJAFD,TP_hypo,36,0.19615770439241734,0.09871979220552894,0.04590357142857144,-0.008125000000000012,0.10303030303030304,Stable
THOJAFD,TP_epi,36,0.10204520145747113,0.3965612762163093,0.014365079365079334,-0.015652173913043455,0.07571428571428562,Stable
