STATIONID,PARAMETER,n,tau,mk_p,sen_slope,sen_ci_lower,sen_ci_upper,TREND
SUNSUN040,SPCD_epi,16,0.7333333333333333,8.96730039833286e-5,3.0964285714285715,2.1499999999999986,3.6625000000000014,Worsening
SUNSUN040,CHL_comp,18,-0.41176470588235303,0.01885337736701918,-0.022499999999999992,-0.05874999999999999,-0.0050000000000000044,Improving
SUNSUN040,PH_epi,16,0.17573375583870182,0.3673946317396471,0.006770833333333318,-0.0142857142857143,0.03142857142857152,Stable
SUNSUN040,SECCHI,19,0.11870742829929377,0.5049195142369907,0.02499999999999991,-0.05178571428571426,0.10269230769230776,Stable
SUNSUN040,TP_epi,16,0.4377975178854566,0.02961834572407095,0.7403846153846154,0,1.1875,Worsening
