STATIONID,parameter,n,tau,mk_p,sen_slope,sen_ci_lower,sen_ci_upper,trend
CANCAND,SPCD_epi,38,0.6975090734689687,7.83932067832427e-10,1.1217391304347826,0.85,1.3482758620689659,Worsening
CANCAND,CHL_comp,38,-0.24393822535453435,0.03251573406924686,-0.02799999999999998,-0.048750000000000016,-0.004482758620689659,Improving
CANCAND,PH_epi,38,0.055714797383141806,0.632679341784771,0.0016249999999999876,-0.0050000000000001155,0.007272727272727279,Stable
CANCAND,SECCHI_NVS,38,0.062329904104961774,0.5963804007439593,0.0038461538461538325,-0.015625,0.0285714285714286,Stable
CANCAND,TP_hypo,38,-0.2322091997645623,0.0489251678392883,-0.05,-0.125,0,Improving
CANCAND,TP_epi,38,-0.190530625447846,0.10716148642498123,-0.045454545454545456,-0.10526315789473684,0,Stable
