STATIONID,parameter,n,tau,mk_p,sen_slope,sen_ci_lower,sen_ci_upper,trend
GREANTD,SPCD_epi,25,-0.5399999999999999,1.6981157303570078e-4,-0.32045454545454566,-0.4886666666666668,-0.16846153846153855,Improving
GREANTD,CHL_comp,25,0.039999999999999994,0.7972523796379415,0.00869696969696968,-0.09615384615384616,0.11247058823529417,Stable
GREANTD,PH_epi,25,0.18920646595185608,0.19764975194328946,0.009705882352941172,-0.0036666666666666475,0.022000000000000065,Stable
GREANTD,SECCHI_NVS,24,-0.29617325094824165,0.04687681163259815,-0.037587719298245656,-0.08124999999999999,0,Worsening
GREANTD,TP_hypo,25,0.27320621922872834,0.0610210623578806,0.3345238095238095,0,0.6,Stable
GREANTD,TP_epi,25,0.25175311245271553,0.08659135425795375,0.12250000000000003,0,0.3068421052631579,Stable
