STATIONID,parameter,n,tau,mk_p,sen_slope,sen_ci_lower,sen_ci_upper,trend
COLANDD,SPCD_epi,29,-0.4926108374384236,1.8932211420739467e-4,-0.16784090909090899,-0.274285714285714,-0.09833333333333331,Improving
COLANDD,CHL_comp,28,-0.09827435232305014,0.4766806191500657,-0.009692513368983958,-0.03823529411764706,0.02200000000000001,Stable
COLANDD,PH_epi,28,0.23702256346154738,0.08177132826813288,0.013076923076923071,-0.0013043478260869672,0.02928571428571423,Stable
COLANDD,SECCHI_NVS,30,-0.3500082100843305,0.00885663932585385,-0.03260869565217391,-0.05937500000000001,-0.004999999999999982,Worsening
COLANDD,TP_hypo,25,0.2895770627716337,0.04672421193337254,0.18687499999999996,0,0.4249999999999998,Worsening
COLANDD,TP_epi,28,0.35488487356360665,0.009388206718544167,0.13032894736842104,0.0181818181818182,0.25,Worsening
