parameter,non_na_n,MK,SEN,tau,p.value,slope,significant,slope_dir,trend,mean_value,percent_change
CHL_comp,24,,,-0.47826093435287476,0.0011565816821530461,1,TRUE,increasing,Worsening,2.462848611111111,40.603388916741054
PH_epi,24,,,0.17391306161880493,0.2436925172805786,1,FALSE,NA,Stable,7.2856250000000005,13.725658402676503
SECCHI,24,,,0.12363718450069427,0.4127582311630249,1,FALSE,NA,Stable,5.887027777777778,16.98650045061411
SPCD_epi,24,,,0.6061716079711914,3.802776336669922e-5,1,TRUE,increasing,Worsening,325.907705026455,0.3068353354575728
TP_epi,24,,,0.22711996734142303,0.12923669815063477,1,FALSE,NA,Stable,8.1,12.34567901234568
TP_hypo,24,,,0.30965855717658997,0.03702437877655029,1,TRUE,increasing,Worsening,15.47888888888889,6.460412030722848
