STATIONID,parameter,n,tau,mk_p,sen_slope,sen_ci_lower,sen_ci_upper,trend
LONLEMD,SPCD_epi,31,-0.7204301075268819,1.3723514943740798e-8,-0.30090909090909096,-0.36571428571428566,-0.24200000000000016,Improving
LONLEMD,CHL_comp,32,0.050454112468383626,0.697094134497386,0.002404761904761907,-0.01718750000000001,0.02044615384615385,Stable
LONLEMD,PH_epi,31,0.43487646292388715,6.336800924528653e-4,0.03142857142857144,0.014400000000000013,0.045588235294117666,Improving
LONLEMD,SECCHI_NVS,35,-0.494938787546918,3.330440343183332e-5,-0.11000000000000014,-0.14687499999999998,-0.07142857142857142,Worsening
LONLEMD,TP_hypo,31,0.008843153765707637,0.9590434350319559,0,-0.12749999999999995,0.09823529411764706,Stable
LONLEMD,TP_epi,31,-0.3262096684116744,0.023446778165093843,0,0,0,Improving
