STATIONID,parameter,n,tau,mk_p,sen_slope,sen_ci_lower,sen_ci_upper,trend
BERFRED,SPCD_epi,23,0.2885375494071146,0.057229635732857526,0.40500000000000047,-0.01382352941176509,0.8343749999999996,Stable
BERFRED,CHL_comp,23,-0.21739130434782608,0.15382082239203035,-0.03011333333333332,-0.057499999999999996,0.013846153846153859,Stable
BERFRED,PH_epi,23,0.027833497037064045,0.8739613420876371,5.26315789473673e-4,-0.012777777777777801,0.009999999999999964,Stable
BERFRED,SECCHI,20,-0.14248070704379331,0.39867180001558994,-0.030208333333333347,-0.08125000000000004,0.03045454545454537,Stable
BERFRED,TP_hypo,23,0.2885375494071146,0.057229635732857526,0.10166666666666667,-0.004999999999999893,0.22142857142857153,Stable
BERFRED,TP_epi,23,-0.2341288275521957,0.1253063996357491,-0.05187499999999989,-0.14500000000000002,0.010000000000000049,Stable
