stationid,parameter,n,tau,mk_p,sen_slope,sen_ci_lower,sen_ci_upper,trend
CRYGLMD,SECCHI,107,-0.0967967497313949,0.1429024312225514,-0.003409090909090917,-0.00817307692307692,7.352941176470692e-4,Stable
CRYGLMD,TP_epi,108,0.04798939260429941,0.46815608713371787,0.004444444444444444,-0.010425531914893602,0.023188405797101443,Stable
CRYGLMD,SPCD_epi,108,0.336604278725784,2.6629768737922874e-7,0.04228060671722644,0.028571428571428532,0.057352941176470565,Worsening
CRYGLMD,PH_epi,107,-0.03816880743410584,0.5644092909743368,-4.444444444444547e-4,-0.002040816326530605,0.0010256410256410265,Stable
CRYGLMD,TP_hypo,108,0.07298929036062211,0.26997950065022425,0.010596491228070186,-0.007017543859649129,0.0355263157894737,Stable
CRYGLMD,CHL_comp,107,-0.220005489988529,8.031389508497509e-4,-0.01697674418604652,-0.025581395348837212,-0.007826086956521766,Improving
CRYGLMD,Year,109,0.9904402038919659,1.1242881994543108e-51,0.3333333333333333,0.3333333333333333,0.3333333333333333,Stable
