STATIONID,parameter,n,tau,mk_p,sen_slope,sen_ci_lower,sen_ci_upper,trend
SUNSUN110,CHL_comp,39,-0.2288435590600371,0.04205065669370932,-0.009655172413793104,-0.01825,-2.0833333333333814e-4,Improving
