STATIONID,parameter,n,tau,mk_p,sen_slope,sen_ci_lower,sen_ci_upper,trend
SUNSUN080,CHL_comp,28,-0.3421762700675863,0.011412036386001651,-0.02854166666666666,-0.04800000000000001,-0.006578947368421052,Improving
