parameter,non_na_n,tau,p.value,slope,trend,mean_value,percent_change
CHL_comp,114,0.010877169668674469,0.8658134937286377,7.142857142857149e-4,Worsening,4.05510350877193,0.017614487835898255
PH_epi,117,0.08360181748867035,0.18533599376678467,8.246087425795964e-4,Improving,6.7847863247863245,0.012153790894889622
SECCHI,115,0.00247374689206481,0.9710469245910645,0,Improving,3.2072173913043476,0
SPCD_epi,118,-0.07791652530431747,0.21247804164886475,-0.12023809523809517,Improving,176.31389830508473,-0.06819547204953814
TP_epi,115,0.22807017543859648,NA,NA,Worsening,12.333565217391305,NA
TP_hypo,116,-0.03253373313343328,NA,NA,Improving,28.076724137931034,NA
