STATIONID,parameter,n,tau,mk_p,sen_slope,sen_ci_lower,sen_ci_upper,trend
GREANTD,SPCD_epi,25,-0.5399999999999999,1.6981157303570078e-4,-0.32045454545454566,-0.4886666666666668,-0.16846153846153855,Improving
GREANTD,CHL_comp,25,-0.01333333333333333,0.944141999801307,-0.0035128205128204847,-0.10799999999999998,0.08499999999999996,Stable
GREANTD,PH_epi,25,0.14190484946389206,0.3368783253687053,0.00789743589743592,-0.00777777777777776,0.022000000000000065,Stable
GREANTD,SECCHI_NVS,24,-0.29617325094824165,0.04687681163259815,-0.037587719298245656,-0.08124999999999999,0,Worsening
GREANTD,TP_hypo,25,0.27320621922872834,0.0610210623578806,0.3345238095238095,0,0.6,Stable
GREANTD,TP_epi,23,0.2862873980955159,0.06050337678521276,0.16249999999999998,-0.018000000000000148,0.33888888888888896,Stable
