parameter,non_na_n,tau,p.value,slope,significant,slope_dir,trend,mean_value,percent_change
CHL_comp,136,0.025733301416039467,0.6584007740020752,0.0016500000000000006,FALSE,increasing,Worsening (weak),4.511653676470588,0.03657195605693688
PH_epi,133,0.027775363996624947,0.6391052007675171,2.210012210012163e-4,FALSE,increasing,Improving (weak),6.838112781954887,0.0032319037144929365
SECCHI,135,-0.013494433835148811,0.8193533420562744,0,FALSE,NA,Stable,4.040266666666667,0
SPCD_epi,133,-0.016087645664811134,0.7853700518608093,-0.0029705882352941953,FALSE,decreasing,Improving (weak),49.08481203007519,-0.0060519499055513544
TP_epi,133,0.07457026094198227,0.20980393886566162,0.009868527836390193,FALSE,increasing,Worsening (weak),12.086917293233082,0.08164635859562915
TP_hypo,134,0.007106694392859936,0.9050494432449341,0,FALSE,NA,Stable,38.75380597014925,0
