parameter,non_na_n,tau,p.value,slope,trend,mean_value,percent_change
CHL_comp,47,0.05002320930361748,0.6268994808197021,0.015454545454545448,Stable,7.362553191489361,0.20990742005653568
SPCD_epi,47,0.44763749837875366,9.7751617431640625e-06,0.25537037037037025,Worsening,34.94776595744681,0.7307201572807686
PH_epi,47,-0.28744637966156006,0.004709749482572079,-0.007777777777777711,Worsening,6.6953191489361705,-0.11616739403697482
TP_epi,45,-0.017631877213716507,0.8751644492149353,0,Stable,13.28888888888889,0
TP_hypo,45,0.020388217642903328,0.8524069786071777,0.016194331983805668,Stable,25.3,0.06400921732729513
SECCHI,46,-0.06239534914493561,0.5555518865585327,-0.003030303030303033,Stable,2.868478260869565,-0.10564148495182987
