STATIONID,PARAMETER,n,tau,mk_p,sen_slope,sen_ci_lower,sen_ci_upper,TREND
EMERIND,SPCD_epi,20,0.47368421052631576,0.00388265634802251,1.327083333333332,0.605714285714287,2.1888888888888878,Worsening
EMERIND,CHL_comp,20,0.06315789473684211,0.721176307474874,0.09500000000000003,-0.24785714285714278,0.4975000000000002,Stable
EMERIND,PH_epi,20,0.31746476116266387,0.05533570967441701,0.018666666666666713,0,0.03333333333333336,Stable
EMERIND,SECCHI_NVS,20,-0.23532440241230698,0.16150576049325202,-0.035416666666666624,-0.07499999999999996,0.011363636363636364,Stable
EMERIND,TP_epi,20,0.3636831673644744,0.02898056216898991,0.20000000000000007,0.011111111111111072,0.4222222222222221,Worsening
EMERIND,TP_hypo,19,0.19527994725570028,0.2615439306235934,0.1789999999999999,-0.1700000000000001,0.6666666666666666,Stable
