parameter,non_na_n,tau,p.value,slope,significant,slope_dir,trend,mean_value,percent_change
CHL_comp,115,0.005952381528913975,0.9268150329589844,6.451612903225812e-4,FALSE,NA,Stable,5.852674782608696,0.011023357939513177
PH_epi,115,-0.083015076816082,0.1916673481464386,-8.823529411764692e-4,FALSE,NA,Stable,6.257773913043478,-0.014100108975450911
SECCHI,115,-0.13263387978076935,0.03808636963367462,-0.0029687500000000013,TRUE,decreasing,Worsening,3.0059260869565216,-0.09876324015025398
SPCD_epi,113,-0.08357085287570953,0.19096270203590393,-0.01520128824476652,FALSE,NA,Stable,30.595309734513275,-0.04968502811925643
TP_epi,114,0.07096986472606659,0.27089691162109375,0.007352941176470588,FALSE,NA,Stable,11.214649122807018,0.06556550361898575
TP_hypo,113,-0.04175310581922531,0.5184601545333862,-0.005303828591499828,FALSE,NA,Stable,13.97433628318584,-0.03795406439360906
