stationid,parameter,n,tau,mk_p,sen_slope,sen_ci_lower,sen_ci_upper,trend
ROCWIND,SECCHI,71,0.17082578759099723,0.03774330124804649,0.011968085106382979,0,0.022452830188679235,Improving
ROCWIND,TP_epi,73,7.777893582833233e-4,0.9961915143497534,0,-0.03333333333333341,0.03333333333333334,Stable
ROCWIND,SPCD_epi,72,0.49383223197853693,9.038040486522461e-10,0.5371459694989107,0.36599999999999994,0.7301886792452829,Worsening
ROCWIND,PH_epi,73,-0.1592066033415065,0.04802838020604893,-0.002771867612293138,-0.005757575757575743,0,Worsening
ROCWIND,TP_hypo,74,0.024992144572932282,0.760996424867048,0,-0.04444444444444445,0.06315789473684207,Stable
ROCWIND,CHL_comp,72,-0.05053873507276062,0.5337472494630768,-0.0064575471698113205,-0.02980666666666667,0.014042553191489365,Stable
ROCWIND,Year,74,0.9916347633516329,2.704422257430186e-35,0.5166666666666667,0.5,0.5441176470588235,Stable
