parameter,non_na_n,MK,SEN,tau,p.value,slope,significant,slope_dir,trend,mean_value,percent_change
CHL_comp,25,,,-0.2799999713897705,0.052566856145858765,1.0909090909090908,FALSE,NA,Stable,4.7632053333333335,22.90283568660818
PH_epi,25,,,0.059999994933605194,0.6913421154022217,1.0909090909090908,FALSE,NA,Stable,6.633866666666667,16.44454351774366
SECCHI,25,,,-0.12353939563035965,0.40034329891204834,1.0909090909090908,FALSE,NA,Stable,1.9500333333333333,55.9430996517542
SPCD_epi,25,,,0.4533332884311676,0.0016164779663085938,1.0909090909090908,TRUE,increasing,Worsening,179.54,0.6076133958500005
TP_epi,25,,,0.3305513560771942,0.022055506706237793,1.0909090909090908,TRUE,increasing,Worsening,16.028666666666666,6.805987756784246
TP_hypo,8,,,NA,NA,NA,FALSE,NA,Stable,17.864583333333336,NA
