STATIONID,parameter,n,tau,mk_p,sen_slope,sen_ci_lower,sen_ci_upper,trend
CONOSSD,SPCD_epi,19,-0.1759538357694467,0.31000904181779154,-0.07769230769230767,-0.23000000000000043,0.1850000000000005,Stable
CONOSSD,CHL_comp,19,-0.09439897672063849,0.5990621077852525,-0.01833333333333333,-0.044000000000000004,0.014090909090909093,Stable
CONOSSD,PH_epi,19,0.3519076715388934,0.038883927858706716,0.026249999999999996,0.002857142857142923,0.04666666666666671,Improving
CONOSSD,SECCHI_NVS,19,0.21114460292333603,0.2204828964900307,0.07142857142857142,-0.06500000000000039,0.20454545454545456,Stable
CONOSSD,TP_hypo,7,0.047619047619047616,1,0.020000000000000018,-0.5999999999999996,0.39999999999999947,Stable
