parameter,non_na_n,MK,SEN,tau,p.value,slope,significant,slope_dir,trend,mean_value,percent_change
CHL_comp,25,,,0.13999998569488525,0.3382878303527832,1,FALSE,NA,Stable,4.515844666666667,22.144251492559455
PH_epi,25,,,0.2237064689397812,0.12311041355133057,1,FALSE,NA,Stable,6.117146666666667,16.3474909870833
SECCHI,25,,,-0.2199999839067459,0.12899602949619293,1,FALSE,NA,Stable,4.6054433333333336,21.713436201943644
SPCD_epi,25,,,0.019999997690320015,0.9070384502410889,1,FALSE,NA,Stable,37.310433333333336,2.680215453586262
TP_epi,25,,,-0.2252180278301239,0.12263298034667969,1,FALSE,NA,Stable,5.825133333333333,17.166989024571684
TP_hypo,25,,,0.37458401918411255,0.009491682052612305,1,TRUE,increasing,Worsening,8.277066666666666,12.081574793002352
