parameter,non_na_n,tau,p.value,slope,significant,slope_dir,trend,mean_value,percent_change
CHL_comp,114,0.058677226305007935,0.35711097717285156,0.0019626168224299062,FALSE,NA,Stable,1.9536701754385966,0.10045794050110332
PH_epi,114,-0.016218483448028564,0.8008185625076294,-2.0408163265305687e-4,FALSE,NA,Stable,6.621710526315789,-0.0030820077658484492
SECCHI,110,-0.06490328907966614,0.3197528123855591,-0.0029411764705882353,FALSE,NA,Stable,6.0085,-0.048950261639148465
SPCD_epi,114,0.04647189378738403,0.465511679649353,0.006329113924050633,FALSE,NA,Stable,27.781929824561402,0.02278140490605948
TP_epi,114,-0.056430332362651825,0.4059661030769348,0,FALSE,NA,Stable,5.114035087719298,0
TP_hypo,113,-0.0773387998342514,0.2392154335975647,-0.0022859216255442663,FALSE,NA,Stable,6.878672566371681,-0.03323201683882491
