parameter,non_na_n,tau,p.value,slope,significant,slope_dir,trend,mean_value,percent_change
CHL_comp,75,-0.022402973845601082,0.7801793217658997,-0.0015217391304347889,FALSE,NA,Stable,3.043204,-0.05000450612035174
PH_epi,76,0.06171831861138344,0.4350137710571289,0.0010000000000000083,FALSE,NA,Stable,6.822631578947369,0.014657100979711606
SECCHI,72,0.07804711908102036,0.3379344940185547,0.005263157894736846,FALSE,NA,Stable,5.301840277777778,0.09927039705056627
SPCD_epi,75,-0.1839495748281479,0.01988893188536167,-0.19090909090909092,TRUE,decreasing,Improving,92.69613333333334,-0.2059515149597296
TP_epi,76,-0.0729505866765976,0.3633968234062195,-0.0040454545454545535,FALSE,NA,Stable,6.752894736842105,-0.05990696883491409
TP_hypo,76,-0.05664050951600075,0.47788965702056885,-0.012499999999999997,FALSE,NA,Stable,12.671052631578947,-0.09865005192107994
