parameter,non_na_n,tau,p.value,slope,trend,mean_value,percent_change
CHL_comp,88,-0.03818993642926216,0.6012319326400757,-0.0030456349206349214,Stable,3.5784823863636364,-0.08510968035614166
SPCD_epi,87,0.51573246717453,0,0.1365957446808511,Worsening,43.40563218390805,0.3146958996060696
PH_epi,87,-0.10173837095499039,0.1667547971010208,-0.0011666666666666566,Stable,6.868045977011494,-0.016986879100281016
TP_epi,87,0.028697753325104713,0.7099560499191284,0,Stable,7.122068965517242,0
TP_hypo,87,0.06597704440355301,0.3725835084915161,0.025,Stable,16.85390804597701,0.1483335492978879
SECCHI,86,-0.050485193729400635,0.502656102180481,-3.676470588235346e-4,Stable,4.677093023255814,-0.00786058898113616
