parameter,non_na_n,tau,p.value,slope,trend,mean_value,percent_change
CHL_comp,33,0.1254761815071106,0.31359779834747314,0.029999999999999985,Stable,4.175454545454546,0.7184846505551923
PH_epi,31,-0.049784597009420395,0.7081947326660156,-0.0023076923076922585,Stable,6.890967741935484,-0.033488653468055435
SECCHI,33,-0.019863802939653397,0.8879667520523071,0,Stable,3.912121212121212,0
SPCD_epi,31,0.008611415512859821,0.9593281745910645,0.03333333333333333,Stable,80.83548387096774,0.04123601633478324
TP_epi,30,-0.1471264367816092,0.2548945140000378,-0.19187408447265578,Stable,8.5,-2.2573421702665386
TP_hypo,27,-0.20797720797720798,0.12684486614519908,-0.333333283662796,Stable,9.407407407407407,-3.543306558620273
