parameter,non_na_n,tau,p.value,slope,significant,slope_dir,trend,mean_value,percent_change
CHL_comp,116,-4.503493837546557e-4,0.9961921572685242,0,FALSE,NA,Stable,3.5883706896551724,0
PH_epi,114,0.022495154291391373,0.7261029481887817,2.1978021978022485e-4,FALSE,increasing,Improving (weak),6.551850877192982,0.003354475306287581
SECCHI,116,0.06185956299304962,0.33094286918640137,0.0020000000000000018,FALSE,increasing,Improving (weak),5.793788793103448,0.0345197257169725
SPCD_epi,115,-0.0198853500187397,0.7551497220993042,-0.00309278350515461,FALSE,decreasing,Improving (weak),49.03217391304348,-0.006307661395229045
TP_epi,113,0.023236017674207687,0.7263514995574951,0,FALSE,NA,Stable,5.9507079646017695,0
TP_hypo,112,-0.040380656719207764,0.5341553688049316,-0.006056618819776736,FALSE,decreasing,Improving (weak),13.935267857142858,-0.04346252172449107
