parameter,non_na_n,MK,SEN,tau,p.value,slope,significant,slope_dir,trend,mean_value,percent_change
CHL_comp,35,,,-0.2840336263179779,0.01704014465212822,1,TRUE,increasing,Worsening,5.962447857142857,16.771635139786188
PH_epi,33,,,0.04360191524028778,0.7331652641296387,1,FALSE,NA,Stable,7.163785353535354,13.959100540421643
SECCHI,35,,,-0.206722691655159,0.0831712856888771,1,FALSE,NA,Stable,3.491559761904762,28.64049502777139
SPCD_epi,33,,,0.24242424964904785,0.04909217357635498,1,TRUE,increasing,Worsening,176.05335858585858,0.5680096125586352
TP_epi,33,,,0.2234848439693451,0.06985557079315186,1,FALSE,NA,Stable,14.72409090909091,6.791590775784892
TP_hypo,34,,,0.3053576350212097,0.011711835861206055,1,TRUE,increasing,Worsening,25.88073529411765,3.8638778560023637
