STATIONID,parameter,n,tau,mk_p,sen_slope,sen_ci_lower,sen_ci_upper,trend
PLENWLD,SPCD_epi,29,0.01728400330446471,0.9103572041170771,0.01083333333333335,-0.19608695652173905,0.19999999999999574,Stable
PLENWLD,CHL_comp,29,-0.2712702432112904,0.040855986782665756,-0.061729166666666675,-0.1264285714285714,-0.0036842105263158046,Improving
PLENWLD,PH_epi,29,0.2694703324018033,0.04266846989750934,0.008181818181818169,2.631578947368365e-4,0.01833333333333335,Improving
PLENWLD,SECCHI_NVS,29,-0.4189851898834764,0.0016896477788749364,-0.06801948051948052,-0.10576923076923077,-0.025,Worsening
PLENWLD,TP_hypo,29,-0.1089546402110351,0.4339745079053127,-0.003907563025210116,-0.07142857142857142,0.015000000000000124,Stable
PLENWLD,TP_epi,29,-0.02363988636491535,0.8786550888645088,0,-0.078125,0.045454545454545456,Stable
