parameter,non_na_n,MK,SEN,tau,p.value,slope,significant,slope_dir,trend,mean_value,percent_change
CHL_comp,38,,,-0.4110952913761139,2.937974641099572e-4,1,TRUE,increasing,Worsening,5.628911111414901,17.76542532306283
PH_epi,38,,,-0.12678076326847076,0.26850903034210205,1,FALSE,NA,Stable,6.889605120756436,14.51461995967348
SECCHI,38,,,0.31436699628829956,0.005678057670593262,1,TRUE,increasing,Improving,3.5306683114035087,28.323249645687635
SPCD_epi,38,,,0.641536295413971,0,1,TRUE,increasing,Worsening,161.61442754613807,0.6187566389854133
TP_epi,38,,,-0.23995466530323029,0.036576174199581146,1,TRUE,increasing,Worsening,8.575142857142858,11.66161330090294
TP_hypo,38,,,-0.021398089826107025,0.8602449893951416,1,FALSE,NA,Stable,15.645592105263159,6.391576574871853
