stationid,parameter,n,tau,mk_p,sen_slope,sen_ci_lower,sen_ci_upper,trend
MASBRAD,SECCHI,121,-0.1300101007783915,0.037322045117302124,-0.005357142857142855,-0.010275000000000005,0,Worsening
MASBRAD,TP_epi,119,0.11235060631867844,0.0786482246717985,0.005542168674698794,0,0.018604651162790694,Stable
MASBRAD,SPCD_epi,119,0.0677410712007863,0.27627415117858556,0.015098039215686197,-0.012444444444444338,0.04299999999999997,Stable
MASBRAD,PH_epi,119,-0.053733599493830185,0.3901944934869733,-5.593220338983113e-4,-0.0018181818181818197,7.246376811594177e-4,Stable
MASBRAD,TP_hypo,121,0.012224091183232992,0.8469353642024925,0,-0.01571428571428572,0.018518518518518517,Stable
MASBRAD,CHL_comp,118,0.09253760024192469,0.13842585617488673,0.004523809523809533,-0.001273015873015881,0.010153846153846156,Stable
MASBRAD,Year,129,0.9894673024590853,6.733863368824892e-61,0.3157894736842105,0.3076923076923077,0.32432432432432434,Stable
