parameter,non_na_n,MK,SEN,tau,p.value,slope,significant,slope_dir,trend,mean_value,percent_change
CHL_comp,27,,,0.18518516421318054,0.1821376085281372,1,FALSE,NA,Stable,7.053833333333333,14.17668879805307
PH_epi,27,,,0.3960113525390625,0.004016399383544922,1,TRUE,increasing,Improving,6.596932098765432,15.15856135895567
SECCHI,27,,,-0.3651929497718811,0.008093767799437046,1,TRUE,increasing,Improving,2.6224148148148148,38.13279250676504
SPCD_epi,27,,,-0.1111111044883728,0.4282541871070862,1,FALSE,NA,Stable,58.506574074074074,1.7092096329788833
TP_epi,27,,,0.45780104398727417,0.00090885162353515625,1,TRUE,increasing,Worsening,13.095432098765432,7.636250506726499
TP_hypo,17,,,0.34686586260795593,0.05789780616760254,1,FALSE,NA,Stable,15.344117647058823,6.517155453325667
