parameter,non_na_n,MK,SEN,tau,p.value,slope,significant,slope_dir,trend,mean_value,percent_change
CHL_comp,13,,,0.12820513546466827,0.5829505920410156,1,FALSE,NA,Stable,6.42474358974359,15.564823498892503
PH_epi,13,,,-0.1935524195432663,0.3921535611152649,1,FALSE,NA,Stable,7.000192307692308,14.285321831817807
SECCHI,13,,,-0.07792864739894867,0.759462833404541,1,FALSE,NA,Stable,3.1705128205128204,31.54063890012131
SPCD_epi,13,,,0.6923077702522278,0.0012229681015014648,1,TRUE,increasing,Worsening,87.97935897435897,1.1366302410676163
TP_epi,13,,,-0.2709733843803406,0.22153562307357788,1,FALSE,NA,Stable,9.76923076923077,10.236220472440943
TP_hypo,13,,,-0.3791578710079193,0.0854276493191719,1,FALSE,NA,Stable,11.666666666666668,8.57142857142857
