parameter,non_na_n,tau,p.value,slope,trend,mean_value,percent_change
CHL_comp,101,-0.26705148816108704,8.01086935098283e-5,-0.01709864603481625,Improving,2.748608910891089,-0.6220836280878144
SPCD_epi,108,-0.12266891449689865,0.06085728481411934,-0.031909090909090915,Stable,47.2787962962963,-0.06749133524702403
PH_epi,108,0.22303877770900726,6.754398345947266e-4,0.0025925925925925812,Improving,6.764259259259259,0.03832781230322758
TP_epi,109,0.018330557271838188,0.8070237636566162,0,Stable,5.762201834862386,0
TP_hypo,105,-0.12232721596956253,0.09040649235248566,0,Stable,6.302476190476191,0
SECCHI,110,-0.1929578185081482,0.0031509629916399717,-0.011170212765957446,Worsening,6.502363636363636,-0.1717869591834185
