STATIONID,PARAMETER,n,tau,mk_p,sen_slope,sen_ci_lower,sen_ci_upper,TREND
FLIHLSD,SPCD_epi,26,0.37846153846153846,0.007165156593093652,1.2999999999999994,0.44166666666666643,2.505555555555555,Worsening
FLIHLSD,CHL_comp,27,0.15099715099715103,0.27834736625111567,0.08499999999999996,-0.06727272727272729,0.24117647058823533,Stable
FLIHLSD,PH_epi,26,-0.31889156216620157,0.024398769695376916,-0.013333333333333345,-0.025000000000000022,-0.0012499999999999734,Worsening
FLIHLSD,SECCHI_NVS,27,-0.2911902324227551,0.0382264677628738,-0.016666666666666607,-0.029166666666666636,0,Worsening
FLIHLSD,TP_epi,27,0.415479601694779,0.0026595856068905525,0.4166666666666667,0.17500000000000004,0.688888888888889,Worsening
FLIHLSD,TP_hypo,11,-0.018521694664415903,1,0,-1.6,2.2,Stable
