STATIONID,parameter,n,tau,mk_p,sen_slope,sen_ci_lower,sen_ci_upper,trend
LEEMOUD,SPCD_epi,35,0.6067226890756302,3.178968293201212e-7,1.0005263157894735,0.6769230769230767,1.3480000000000003,Worsening
LEEMOUD,CHL_comp,34,-0.0767858367122097,0.5334399500946118,-0.011111111111111072,-0.06235294117647056,0.04090909090909092,Stable
LEEMOUD,PH_epi,35,-0.055743959006990765,0.6492879224220954,-0.001363636363636375,-0.008999999999999985,0.005199999999999995,Stable
LEEMOUD,SECCHI,20,-0.22812393370778178,0.17231069531226312,-0.029062499999999998,-0.08000000000000007,0.013333333333333345,Stable
LEEMOUD,TP_hypo,35,0.23330924082035295,0.05153821048038055,0.23235294117647054,0,0.4666666666666667,Stable
LEEMOUD,TP_epi,35,0.07502919284914039,0.5405649729337292,0.02580645161290319,-0.054545454545454515,0.12608695652173907,Stable
