STATIONID,parameter,n,tau,mk_p,sen_slope,sen_ci_lower,sen_ci_upper,trend
RESDORD,SPCD_epi,23,-0.4308300395256917,0.004340011649314312,-0.21285714285714313,-0.33749999999999947,-0.07999999999999995,Improving
RESDORD,CHL_comp,24,0.10144927536231885,0.5030370130775136,0.0392017857142857,-0.053000000000000116,0.13249999999999984,Stable
RESDORD,PH_epi,23,0.04365113734023988,0.79155725659086,0.0025000000000001688,-0.019166666666666627,0.019999999999999993,Stable
RESDORD,SECCHI_NVS,24,-0.06973052257644044,0.6544880928916921,-0.007793522267206478,-0.04615384615384616,0.039999999999999945,Stable
RESDORD,TP_hypo,23,0.3705296911341932,0.014944295673191506,0.2421052631578947,0.03000000000000005,0.4526315789473685,Worsening
RESDORD,TP_epi,18,0.05245929835764225,0.7907519318066429,0.03588235294117649,-0.24400000000000005,0.2,Stable
