parameter,non_na_n,tau,p.value,slope,trend,mean_value,percent_change
CHL_comp,60,-0.12843011319637299,0.14942701160907745,-0.016532716927453773,Stable,3.69201,-0.4477971871000829
PH_epi,60,-0.003983031027019024,0.9694554805755615,0,Stable,7.005166666666667,0
SECCHI,60,-0.0487014465034008,0.5915327668190002,-0.0018362533692722464,Stable,3.3074583333333334,-0.055518563930679284
SPCD_epi,63,0.10043558478355408,0.24742627143859863,0.06900000000000006,Stable,64.6631746031746,0.1067067931994365
TP_epi,60,0.1288135593220339,0.14394032305523674,0.10000004991889,Stable,10.716666666666667,0.9331264378123483
TP_hypo,60,-0.16610169491525423,0.05922980645598819,-0.14285711757838726,Stable,14.15,-1.0095909369497331
