parameter,non_na_n,tau,p.value,slope,trend,mean_value,percent_change
CHL_comp,35,0.038655463606119156,0.7547125816345215,0.02333333333333337,Stable,9.502828571428571,0.2455409266614355
PH_epi,35,-0.2979802191257477,0.012420859187841415,-0.011428571428571439,Worsening,6.295285714285714,-0.18154174325458977
SECCHI,35,-0.20560529828071594,0.09197236597537994,-0.007352941176470588,Stable,1.6419428571428571,-0.44781955379771454
SPCD_epi,35,0.0016806722851470113,1,0.001666666666666335,Stable,47.191428571428574,0.0035317147988933656
TP_epi,35,0.3411764705882353,0.003969456779595593,0.3076923070475459,Worsening,20.70285714285714,1.4862311270582538
TP_hypo,17,0.33088235294117646,0.06719952456428069,0.76953125,Stable,20.294117647058822,3.7918931159420293
