STATIONID,parameter,n,tau,mk_p,sen_slope,sen_ci_lower,sen_ci_upper,trend
LONLEMD,SPCD_epi,31,-0.7204301075268819,1.3723514943740798e-8,-0.30090909090909096,-0.36571428571428566,-0.24200000000000016,Improving
LONLEMD,CHL_comp,32,0.050454112468383626,0.697094134497386,0.002404761904761907,-0.01718750000000001,0.02044615384615385,Stable
LONLEMD,PH_epi,31,0.43487646292388715,6.336800924528653e-4,0.03142857142857144,0.014400000000000013,0.045588235294117666,Improving
LONLEMD,SECCHI,20,-0.5224292591605755,0.0014665893753391605,-0.14843749999999994,-0.25777777777777783,-0.07227272727272727,Worsening
LONLEMD,TP_hypo,25,0.13423121104280483,0.361765960094209,0.051470588235294115,-0.07272727272727271,0.17571428571428577,Stable
LONLEMD,TP_epi,14,0.03538237759560128,0.9104670112955906,0,-0.3125,0.22250000000000003,Stable
