parameter,non_na_n,tau,p.value,slope,trend,mean_value,percent_change
CHL_comp,81,0.1500926911830902,0.04791820049285889,0.018544973544973548,Worsening,5.028217283950617,0.368818062102578
SPCD_epi,73,0.582905113697052,0,0.5584638047138046,Worsening,62.27931506849315,0.8967083277965098
PH_epi,73,-0.016845643520355225,0.837672233581543,-2.302631578947226e-4,Stable,6.782671232876712,-0.003394874231535793
TP_epi,73,-0.038353536278009415,0.6470038890838623,0,Stable,7.623013698630137,0
TP_hypo,73,0.19801196455955505,0.014444231986999512,0.08172541743970316,Worsening,14.51095890410959,0.5631979111770349
SECCHI,93,-0.09445586055517197,0.1850987821817398,-0.004807692307692308,Stable,5.528575268817204,-0.08696078237026293
