STATIONID,parameter,n,tau,mk_p,sen_slope,sen_ci_lower,sen_ci_upper,trend
DORMAND,SPCD_epi,27,0.16809116809116811,0.2266164478008149,5.6200000000000045,-3.8333333333333335,16.984615384615385,Stable
DORMAND,CHL_comp,27,-0.03133903133903134,0.8348627075364896,-0.021853333333333325,-0.21983076923076925,0.17237499999999994,Stable
DORMAND,PH_epi,27,-0.08034640021680102,0.5731086790292766,-0.003333333333333558,-0.01695652173913046,0.00909090909090906,Stable
DORMAND,SECCHI_NVS,27,-0.30149487349831744,0.031207092013732066,-0.020833333333333332,-0.03406250000000001,0,Worsening
DORMAND,TP_hypo,10,0,1,0,-4,3.4,Stable
DORMAND,TP_epi,27,0.2117329944123375,0.1278043801986115,0.20000000000000018,-0.05357142857142857,0.4733333333333332,Stable
