parameter,non_na_n,tau,p.value,slope,trend,mean_value,percent_change
CHL_comp,97,-0.20094694197177887,0.003636434907093644,-0.008915032679738567,Improving,2.2665845360824743,-0.3933245170350962
SPCD_epi,100,0.4702196717262268,0,0.15267942583732066,Worsening,44.4643,0.3433753052163661
PH_epi,100,-0.07640855759382248,0.26392287015914917,-0.0010300618921308547,Stable,6.59078,-0.01562883136944117
TP_epi,101,-0.0657966360449791,0.33535945415496826,-0.004824172576832151,Stable,7.267524752475247,-0.06637985753249875
TP_hypo,99,0.08804221451282501,0.20245099067687988,0.0065384615384615355,Stable,7.541717171717171,0.08669725195983179
SECCHI,97,-0.2609264552593231,1.60134382895194e-4,-0.015625,Worsening,4.203505154639175,-0.37171359199489873
