STATIONID,parameter,n,tau,mk_p,sen_slope,sen_ci_lower,sen_ci_upper,trend
PEABMADD,SPCD_epi,31,0.6086021505376344,1.6431415848551853e-6,0.7712500000000002,0.533636363636364,1.0350000000000013,Worsening
PEABMADD,CHL_comp,31,-0.1251354988732131,0.3324375114403484,-0.017153846153846145,-0.039999999999999994,0.014000000000000012,Stable
PEABMADD,PH_epi,29,0.3118850098877657,0.0189552663585963,0.008284313725490098,0.0016666666666669272,0.014565217391304385,Improving
PEABMADD,SECCHI_NVS,31,-0.09719313140971696,0.4542509186754354,-0.008333333333333451,-0.04642857142857145,0.022727272727272728,Stable
PEABMADD,TP_hypo,31,-0.0585705345499781,0.6581246938969779,-0.020000000000000018,-0.12300000000000004,0.06833333333333332,Stable
PEABMADD,TP_epi,31,0.11905012898571923,0.35825691741307863,0.027777777777777776,-0.040000000000000036,0.092,Stable
