parameter,non_na_n,tau,p.value,slope,trend,mean_value,percent_change
CHL_comp,88,-0.04597701149425287,0.5279070301266506,-0.009411773309111526,Stable,2.330280681818182,-0.40389011429164273
PH_epi,87,0.1635926222935044,0.024954092939725392,0.007142824232578206,Improving,6.586781609195402,0.1084417953467069
SECCHI,87,0.0590751136059877,0.41947122126717895,0.0096908569335939,Stable,4.6931034482758625,0.20649144090685015
SPCD_epi,87,0.561881849772788,1.2878587085651816e-14,0.7666666684672236,Worsening,50.823793103448274,1.50847983130013
TP_epi,88,0.08829676071055381,0.22281365133761333,0.015714347697794437,Stable,6.898409090909091,0.22779669182715223
TP_hypo,88,0.0851619644723093,0.240558123842173,0.03590903850272298,Stable,9.909772727272728,0.3623598592114788
