STATIONID,parameter,n,tau,mk_p,sen_slope,sen_ci_lower,sen_ci_upper,trend
SUNSUN020,CHL_comp,39,-0.3606820278124391,0.0013390758283897794,-0.022000000000000006,-0.03249999999999997,-0.008000000000000007,Improving
