STATIONID,parameter,n,tau,mk_p,sen_slope,sen_ci_lower,sen_ci_upper,trend
HAWCEND,SPCD_epi,11,0.16363636363636364,0.5334165134726944,0.4199999999999989,-1.5428571428571425,3.5,Stable
HAWCEND,CHL_comp,11,0.01818181818181818,1,0.20999999999999996,-0.27,0.46799999999999997,Stable
HAWCEND,PH_epi,11,0.07339758434175737,0.8147826383183654,0.01571428571428576,-0.05833333333333298,0.09499999999999997,Stable
HAWCEND,SECCHI,11,-0.5097970656333187,0.040039352981979505,-0.11250000000000004,-0.2357142857142857,0,Worsening
HAWCEND,TP_hypo,11,0.09090909090909091,0.7554968749288828,0.6399999999999999,-1.7799999999999998,3.3444444444444437,Stable
HAWCEND,TP_epi,11,0.2727272727272727,0.2757578478275093,0.31400000000000006,-0.26000000000000023,0.662857142857143,Stable
