STATIONID,PARAMETER,n,tau,mk_p,sen_slope,sen_ci_lower,sen_ci_upper,TREND
STEMAND,SPCD_epi,26,0.018490006540840973,0.9122233744854279,1.3571428571428572,-13.5,14.431818181818182,Stable
STEMAND,CHL_comp,26,0.08923076923076922,0.537126940170827,0.09428571428571426,-0.1457142857142857,0.34136363636363637,Stable
STEMAND,PH_epi,25,0.07382716607354266,0.6234333413821048,0.0016025641025640685,-0.006111111111111178,0.009999999999999998,Stable
STEMAND,SECCHI_NVS,26,-0.3361270558691758,0.01964072977778752,-0.018421052631578953,-0.03333333333333331,0,Worsening
STEMAND,TP_epi,26,-0.015577533458581927,0.9295851665900259,0,-0.4071428571428571,0.2299999999999997,Stable
STEMAND,TP_hypo,26,0.28086553529475394,0.047177410120719535,1.0294117647058822,0,2.491666666666667,Worsening
