parameter,non_na_n,tau,p.value,slope,trend,mean_value,percent_change
CHL_comp,93,-0.014984801411628723,0.8343656063079834,-8.62637362637364e-4,Improving,2.9193870967741935,-0.02954857763091931
PH_epi,94,-0.087867870926857,0.2131885290145874,-0.0011290322580645208,Worsening,6.978829787234043,-0.016177959521663534
SECCHI,94,-0.03238312527537346,0.6495301723480225,-0.0011160714285714285,Worsening,5.121755319148936,-0.021790799423758538
SPCD_epi,94,0.13325706124305725,0.057724952697753906,0.06056603773584894,Worsening,57.3281914893617,0.10564791276746989
TP_epi,92,-0.05327281414237936,NA,NA,Improving,7.878695652173913,NA
TP_hypo,92,-0.08074534161490683,NA,NA,Improving,16.220652173913045,NA
