parameter,non_na_n,tau,p.value,slope,trend,mean_value,percent_change
CHL_comp,99,-0.002481144154444337,0.9734677076339722,0,Stable,2.960138383838384,0
PH_epi,98,0.04635002464056015,0.503280758857727,5.263157894736885e-4,Stable,6.915204081632653,0.007610994314276658
SECCHI,99,0.007936354726552963,0.9108250141143799,0,Stable,3.778939393939394,0
SPCD_epi,98,-0.06467247754335403,0.34759628772735596,-0.03076923076923066,Stable,70.46285714285715,-0.043667305041078304
TP_epi,96,0.026973684210526316,0.6972522881472738,-1.2842937790605819e-8,Stable,8.561458333333333,-1.5000876358415364e-7
TP_hypo,97,0.07066151202749141,0.3044718114494813,0.035714312456548214,Stable,11.373092783505154,0.3140246293281463
