stationid,parameter,n,tau,mk_p,sen_slope,sen_ci_lower,sen_ci_upper,trend
WAUMERWD,SECCHI,106,0.28435052874948097,1.742533502034238e-5,0.015211267605633804,0.008611111111111125,0.021794871794871787,Improving
WAUMERWD,TP_epi,112,0.08705075187023542,0.1922418093802812,0,0,0.012168674698795179,Stable
WAUMERWD,SPCD_epi,112,0.6637695929116747,3.4891197521110245e-25,0.6465476190476191,0.5791803278688527,0.7212500000000002,Worsening
WAUMERWD,PH_epi,112,0.021383962839837022,0.7417602859726593,1.7862838915470115e-4,-0.0012499999999999734,0.0015094339622641355,Stable
WAUMERWD,TP_hypo,112,0.116008392462621,0.07310570536856043,0.022827050997782705,0,0.057407407407407365,Stable
WAUMERWD,CHL_comp,106,-0.07488085828931659,0.2572022259966687,-0.0029999999999999914,-0.008250000000000002,0.0022222222222222244,Stable
WAUMERWD,Year,114,0.9879730103351777,1.5236687703359244e-53,0.328125,0.32142857142857145,0.3333333333333333,Stable
