STATIONID,parameter,n,tau,mk_p,sen_slope,sen_ci_lower,sen_ci_upper,trend
RUSWOLD,SPCD_epi,38,0.7695590327169276,1.1304766586170349e-11,1.3499999999999979,1.1023076923076927,1.5772727272727274,Worsening
RUSWOLD,CHL_comp,38,-0.16096882428805973,0.15904937892643248,-0.015370370370370371,-0.03799999999999999,0.008399999999999998,Stable
RUSWOLD,PH_epi,38,-0.08639955984720347,0.45749595893001627,-0.0020000000000000018,-0.008823529411764727,0.0034482758620689533,Stable
RUSWOLD,SECCHI_NVS,38,-0.2326016583110903,0.042682726857281326,-0.016666666666666705,-0.03513513513513513,0,Worsening
RUSWOLD,TP_hypo,37,0.1954474107620856,0.09585365260465659,0.08544973544973544,-0.002857142857142847,0.18333333333333326,Stable
RUSWOLD,TP_epi,38,-0.16151479454561418,0.16192799779909728,-0.02666666666666669,-0.07357142857142855,0.00933333333333337,Stable
