parameter,non_na_n,tau,p.value,slope,trend,mean_value,percent_change
CHL_comp,44,-0.22433875501155853,0.03281597048044205,-0.04984374999999999,Improving,4.719736363636364,-1.0560706395388029
PH_epi,45,0.1956423819065094,0.06025886535644531,0.00999999999999995,Stable,6.082777777777777,0.16439857521234735
SECCHI,44,0.1687014400959015,0.1098794937133789,0.013480769230769213,Stable,3.8424431818181817,0.35083847939659923
SPCD_epi,45,-0.06980281323194504,0.5058628916740417,-0.034233409610983936,Stable,33.01577777777778,-0.10368803013335558
TP_epi,45,-0.10606060606060606,0.3076448763290327,-0.032857211343943156,Stable,8.563777777777778,-0.38367659923643305
TP_hypo,43,0.20930232558139536,0.04835259743043974,0.19122722625732386,Worsening,13.04232558139535,1.4662049729084066
