parameter,non_na_n,tau,p.value,slope,trend,mean_value,percent_change
CHL_comp,30,-0.11494252873563218,0.3795400234365789,-0.1288684082031248,Stable,6.064333333333333,-2.1250218469157067
PH_epi,30,-0.2,0.12247178963464012,-0.024199218750000414,Stable,6.474,-0.3737908364226199
SECCHI,29,0.1896551724137931,0.15111343199444027,0.07812491487711665,Stable,4.6579310344827585,1.6772449892185244
SPCD_epi,30,-0.2942528735632184,0.022752726934829992,-0.2684209060668934,Improving,14.995666666666667,-1.7899898152814817
TP_epi,30,-0.07586206896551724,0.5658774249537166,-0.07169252395629994,Stable,10.050666666666666,-0.7133111298384844
TP_hypo,30,0.08045977011494253,0.5418506076783776,0.1769050598144517,Stable,18.25,0.9693427935038449
