parameter,non_na_n,tau,p.value,slope,significant,slope_dir,trend,mean_value,percent_change
CHL_comp,54,-0.10979023575782776,0.24446964263916016,-0.015208333333333332,FALSE,NA,Stable,3.734719865319865,-0.4072148348944719
PH_epi,51,-0.03778063878417015,0.7025609612464905,-0.0013043478260869672,FALSE,NA,Stable,6.398627450980392,-0.020384806524204126
SECCHI,54,-0.06041530892252922,0.5257434844970703,-0.0036363636363636394,FALSE,NA,Stable,4.263981481481482,-0.08528094345991902
SPCD_epi,51,-0.1616320163011551,0.09589116275310516,-0.3409090909090909,FALSE,NA,Stable,74.22019607843137,-0.4593211941246274
TP_epi,52,-0.05714588239789009,0.5587584972381592,-0.013541666666666667,FALSE,NA,Stable,7.928846153846154,-0.17078987792060799
TP_hypo,53,-0.045490652322769165,0.6393799781799316,-0.008554006968641125,FALSE,NA,Stable,10.294339622641509,-0.08309427590505492
