STATIONID,parameter,n,tau,mk_p,sen_slope,sen_ci_lower,sen_ci_upper,trend
WINPLACD,SPCD_epi,39,0.7139001349527665,1.6900728155112487e-10,1.0878947368421046,0.8255555555555547,1.3033333333333332,Worsening
WINPLACD,CHL_comp,39,-0.009472294499980206,0.9421196277086187,-0.0010000000000000009,-0.020000000000000018,0.012857142857142869,Stable
WINPLACD,PH_epi,39,-0.052918011424085365,0.6455517787697482,-0.0014705882352941384,-0.007826086956521766,0.004999999999999974,Stable
WINPLACD,SECCHI,20,-0.49076687981751027,0.002822403324126813,-0.125,-0.19333333333333336,-0.047916666666666684,Worsening
WINPLACD,TP_hypo,39,-0.2933326141484294,0.009523850430296273,-0.07692307692307693,-0.13947368421052628,-0.01857142857142853,Improving
WINPLACD,TP_epi,33,-0.10040481175152167,0.427733430386803,-0.013333333333333315,-0.07142857142857142,0.03749999999999998,Stable
