parameter,non_na_n,tau,p.value,slope,trend,mean_value,percent_change
CHL_comp,179,0.15645356476306915,0.002379894256591797,0.00277777777777778,Worsening,1.8006703910614525,0.15426353382421898
SPCD_epi,9,NA,NA,NA,insufficient data,44.67777777777778,NA
PH_epi,9,NA,NA,NA,insufficient data,6.921111111111111,NA
TP_epi,12,0.5241454243659973,0.03052687644958496,0.4,Worsening,8,5
TP_hypo,8,NA,NA,NA,insufficient data,9.25,NA
SECCHI,171,-0.12014323472976685,0.02229994907975197,-0.0024096385542168694,Worsening,6.887134502923977,-0.03498753441208157
