STATIONID,PARAMETER,n,tau,mk_p,sen_slope,sen_ci_lower,sen_ci_upper,TREND
WILPFDD,SPCD_epi,16,0.4166666666666667,0.027376765789661653,0.6333333333333346,0.11666666666666654,1.125,Worsening
WILPFDD,CHL_comp,16,-0.06666666666666667,0.7526419827681854,-0.02157142857142863,-0.17666666666666667,0.09916666666666663,Stable
WILPFDD,PH_epi,16,0.09205101496312953,0.6522186325347028,0.003678571428571426,-0.02055555555555551,0.0433333333333333,Stable
WILPFDD,SECCHI_NVS,16,-0.48333333333333334,0.010279478485213048,-0.09710416666666667,-0.18045454545454548,-0.026500000000000058,Worsening
WILPFDD,TP_epi,16,0.25941649671427414,0.176360434203354,0.14091666666666663,-0.04642857142857145,0.28222222222222215,Stable
WILPFDD,TP_hypo,16,0.23333333333333334,0.22413430196016673,0.2716666666666666,-0.25250000000000017,0.6649999999999998,Stable
