parameter,non_na_n,tau,p.value,slope,trend,mean_value,percent_change
CHL_comp,75,0.026334792375564575,0.7418762445449829,0.002571428571428574,Stable,3.4499393333333335,0.07453547216275419
PH_epi,75,-0.1269291192293167,0.1102379634976387,-0.0022857142857142876,Stable,6.45908,-0.0353876138043543
SECCHI,75,0.06457609683275223,0.41786694526672363,0.0022692307692307755,Stable,4.22298,0.05373529519985355
SPCD_epi,75,-0.018782785162329674,0.8155099153518677,-0.005172413793103522,Stable,27.9544,-0.018503039926106524
TP_epi,75,0.20756756756756756,0.008409610198666151,0.06602443695068382,Worsening,9.733333333333333,0.678333256342642
TP_hypo,75,0.3153153153153153,6.178319243277386e-5,0.29090906836092634,Worsening,14.1884,2.050330328725764
