STATIONID,PARAMETER,n,tau,mk_p,sen_slope,sen_ci_lower,sen_ci_upper,TREND
TOMWRND,SPCD_epi,39,0.45374757136367955,5.061933719451365e-5,1.5523809523809522,0.9249999999999972,2.1036486486486483,Worsening
TOMWRND,CHL_comp,39,-0.18758434547908232,0.09504439020170477,-0.09263157894736841,-0.1995833333333333,0.016617647058823567,Stable
TOMWRND,PH_epi,39,-0.1059082905403391,0.3512751901336555,-0.00250000000000001,-0.00823529411764704,0.003809523809523813,Stable
TOMWRND,SECCHI_NVS,39,-0.14882693163970728,0.20488855776757836,-0.0035714285714285587,-0.015625,0,Stable
TOMWRND,TP_epi,39,-0.01796075304218695,0.8841610169983134,0,-0.05999999999999996,0.05263157894736842,Stable
TOMWRND,TP_hypo,39,0.05766119985520788,0.6189978429980575,0.01538461538461533,-0.07692307692307693,0.12666666666666668,Stable
