STATIONID,PARAMETER,n,tau,mk_p,sen_slope,sen_ci_lower,sen_ci_upper,TREND
ASHWASD,SPCD_epi,37,-0.2118708336520344,0.06707069782529972,-0.13124999999999995,-0.25099999999999995,0.009375000000000133,Stable
ASHWASD,CHL_comp,37,-0.15615615615615616,0.17794005428478227,-0.022703947368421035,-0.06526470588235292,0.011722222222222238,Stable
ASHWASD,PH_epi,37,0.5018875114307049,1.3988178960850454e-5,0.020000000000000018,0.011296296296296318,0.02833333333333336,Improving
ASHWASD,SECCHI_NVS,37,-0.2657727436745773,0.022610400538589905,-0.018377192982456145,-0.029545454545454562,-0.0015789473684210658,Worsening
ASHWASD,TP_epi,37,-0.14308800746947764,0.22290476694948985,-0.03831736909323115,-0.0982258064516129,0.026071428571428586,Stable
ASHWASD,TP_hypo,37,0.12168317249238458,0.3006257541786204,0.03696428571428566,-0.033333333333333215,0.1111111111111111,Stable
