parameter,non_na_n,tau,p.value,slope,significant,slope_dir,trend,mean_value,percent_change
CHL_comp,23,-0.0988142341375351,0.5261780619621277,-0.02792857142857143,FALSE,NA,Stable,3.493817391304348,-0.7993712406974095
PH_epi,24,0.05861160159111023,0.7092738151550293,0.0030952380952380294,FALSE,NA,Stable,6.4191666666666665,0.04821869030618766
SECCHI,24,0.10021468251943588,0.5170423984527588,0.01449579831932777,FALSE,NA,Stable,4.685416666666667,0.30938120023465226
SPCD_epi,24,0.20689690113067627,0.1646885871887207,0.6210000000000009,FALSE,NA,Stable,72.29291666666667,0.8590053197927425
TP_epi,24,-0.011264195665717125,0.9601016044616699,0,FALSE,NA,Stable,8.229166666666666,0
TP_hypo,24,-0.022312387824058533,0.9007495641708374,0,FALSE,NA,Stable,8.4625,0
