stationid,parameter,n,tau,mk_p,sen_slope,sen_ci_lower,sen_ci_upper,trend
BROOSSD,SECCHI,97,-0.24176601699639,4.698499701675566e-4,-0.01458333333333333,-0.023114754098360658,-0.006250000000000001,Worsening
BROOSSD,TP_epi,101,-0.07846930052339247,0.24970790886518546,-0.005643093465674123,-0.018750000000000044,0.0033333333333333535,Stable
BROOSSD,SPCD_epi,100,0.49287117153825505,4.014605138477887e-13,0.1594625587178779,0.12281249999999999,0.1913043478260869,Worsening
BROOSSD,PH_epi,100,-0.07112499038633328,0.29847458101007607,-9.740670461733055e-4,-0.0030208333333333337,8.000000000000007e-4,Stable
BROOSSD,TP_hypo,99,0.0957681882310651,0.16476526670857236,0.008055555555555557,-0.002564102564102578,0.021428571428571415,Stable
BROOSSD,CHL_comp,97,-0.197934888709056,0.004177300417896081,-0.008822875816993477,-0.014833333333333336,-0.002857142857142849,Improving
BROOSSD,Year,102,0.9856276437212786,1.6239987659524486e-47,0.27586206896551724,0.25862068965517243,0.3,Stable
