parameter,non_na_n,tau,p.value,slope,significant,slope_dir,trend,mean_value,percent_change
CHL_comp,80,-0.03956322371959686,0.606425404548645,-0.014890757575757588,FALSE,NA,Stable,13.28171375,-0.11211473049370295
PH_epi,82,0.05711732804775238,0.4514458179473877,0.0010344827586206981,FALSE,NA,Stable,7.134390243902439,0.014499946361987153
SECCHI,83,0.040670402348041534,0.5990310907363892,0,FALSE,NA,Stable,2.039774096385542,0
SPCD_epi,82,-0.03143440932035446,0.6799311637878418,-0.10526315789473684,FALSE,NA,Stable,315.4939024390244,-0.033364561749360935
TP_epi,82,-0.004244452342391014,0.9584591388702393,0,FALSE,NA,Stable,29.140243902439025,0
TP_hypo,54,0.15704697370529175,0.09738707542419434,0.16216216216216217,FALSE,NA,Stable,34.55740740740741,0.46925442134702083
