parameter,non_na_n,tau,p.value,slope,trend,mean_value,percent_change
CHL_comp,75,-0.022402973845601082,0.7801793217658997,-0.0015217391304347889,Improving,3.043204,-0.05000450612035174
PH_epi,76,0.06171831861138344,0.4350137710571289,0.0010000000000000083,Improving,6.822631578947369,0.014657100979711606
SECCHI,72,0.07804711908102036,0.3379344940185547,0.005263157894736846,Improving,5.301840277777778,0.09927039705056627
SPCD_epi,75,-0.1839495748281479,0.01988893188536167,-0.19090909090909092,Improving,92.69613333333334,-0.2059515149597296
TP_epi,76,0.14947368421052631,NA,NA,Worsening,6.950263157894737,NA
TP_hypo,76,0.3526315789473684,NA,NA,Worsening,12.703947368421053,NA
