parameter,non_na_n,tau,p.value,slope,trend,mean_value,percent_change
CHL_comp,107,-0.004062892869114876,0.9527707695960999,-1.2499999999999735e-4,Stable,2.476456074766355,-0.005047535519554517
SPCD_epi,110,0.671062707901001,0,0.6466197183098593,Worsening,104.31263636363636,0.6198862773017523
PH_epi,110,0.06002204865217209,0.35756897926330566,6.097560975609734e-4,Stable,6.889272727272727,0.008850805037041392
TP_epi,111,0.11546120047569275,0.09194731712341309,0,Stable,6.502072072072072,0
TP_hypo,110,0.021781114861369133,0.7406412363052368,0,Stable,11.26990909090909,0
SECCHI,108,0.20703136920928955,0.0015902519226074219,0.010165334302325585,Improving,6.963125,0.145988105948487
