parameter,non_na_n,tau,p.value,slope,trend,mean_value,percent_change
CHL_comp,134,0.1868477163056896,0.0013612954918222897,0.04800002729520152,Worsening,3.838245895522388,1.250571969638456
PH_epi,135,0.19889441680486455,6.186366041045499e-4,0.007499988079070981,Improving,6.487037037037037,0.11561500321719466
SECCHI,135,-0.412824765063571,8.946177132429511e-13,-0.022222206220618546,Worsening,-0.8762222222222221,2.536138168723902
SPCD_epi,136,0.45838779956427017,2.4424906541753444e-15,0.5550000734627234,Worsening,42.00033088235294,1.321418336006288
TP_epi,137,0.10412194074710177,0.06935145144640176,0.02702699946239591,Stable,8.314014598540146,0.3250776041112746
TP_hypo,107,0.0722976547346147,0.26619325608356936,8.010305464267731e-8,Stable,8.218878504672897,9.74622688449941e-7
