stationid,parameter,n,tau,mk_p,sen_slope,sen_ci_lower,sen_ci_upper,trend
ARMPIED,SECCHI,110,-0.14796604736898572,0.023109246467720074,-0.00625,-0.010648148148148136,-4.716981132075539e-4,Worsening
ARMPIED,TP_epi,114,-0.12067932381561981,0.07507180564076767,0,-0.01639344262295082,0,Stable
ARMPIED,SPCD_epi,114,-0.2606467193838635,4.0515542600067166e-5,-0.03470588235294117,-0.04877551020408164,-0.019587628865979367,Improving
ARMPIED,PH_epi,114,0.14814961136141208,0.02009991945793366,0.0017647058823529297,2.985074626865608e-4,0.003148148148148147,Improving
ARMPIED,TP_hypo,113,0.008992883650634331,0.8928877686059333,0,-0.007400000000000002,0.009607843137254907,Stable
ARMPIED,CHL_comp,114,-0.19128463981521251,0.002633477114689351,-0.006857142857142857,-0.01153846153846154,-0.0022448979591836757,Improving
ARMPIED,Year,115,0.9907274138445434,1.4400273934359132e-54,0.32673267326732675,0.32432432432432434,0.32954545454545453,Stable
