STATIONID,parameter,n,tau,mk_p,sen_slope,sen_ci_lower,sen_ci_upper,trend
GOOCAND,SPCD_epi,18,0.5377078081658331,0.002138459475804509,0.3076666666666663,0.1222222222222216,0.4981818181818182,Worsening
GOOCAND,CHL_comp,33,0.1606191949877903,0.19774731203721788,0.03145614973262033,-0.012857142857142859,0.07166666666666661,Stable
GOOCAND,PH_epi,18,0.36721508850349577,0.03709021763586594,0.016000000000000014,9.090909090909705e-4,0.0375,Improving
GOOCAND,SECCHI,18,0.05280786895875597,0.7904576578905413,0.017045454545454544,-0.07500000000000018,0.0859375,Stable
GOOCAND,TP_hypo,18,0.15434085229584826,0.42445101022646786,0,0,0.16666666666666666,Stable
GOOCAND,TP_epi,18,0.18158301940785765,0.33340455847082556,0.05333333333333332,-0.019230769230769232,0.16666666666666666,Stable
