parameter,non_na_n,tau,p.value,slope,trend,mean_value,percent_change
CHL_comp,99,0.0045351473922902496,0.9493491621759298,0.0011111022904514464,Stable,4.920451515151515,0.022581307569641447
PH_epi,100,0.07414141414141415,0.27531328349498474,0.0026086935400962486,Stable,6.507,0.04009057230822574
SECCHI,99,-0.21459492888064316,0.001630251087857637,-0.021572150290012457,Worsening,3.3254949494949493,-0.6486899128590969
SPCD_epi,100,0.34040404040404043,5.216782827943689e-7,0.3690000112168478,Worsening,41.9253,0.8801368415177656
TP_epi,98,-0.0025247212286976647,0.9728902302797482,1.2898818155932178e-8,Stable,10.081836734693878,1.2794115294036085e-7
TP_hypo,98,0.040395539659162635,0.5559269130064213,4.842877388000488e-8,Stable,14.075714285714286,3.440590857201199e-7
