stationid,parameter,n,tau,mk_p,sen_slope,sen_ci_lower,sen_ci_upper,trend
GRTKINSD,SECCHI,133,0.16944502366448427,0.004307061212712136,0.004398046319058095,0.0012096774193548416,0.0071428571428571175,Improving
GRTKINSD,TP_epi,129,0.24675984887061123,4.6564307829580975e-5,0.028985507246376812,0.01499999999999999,0.04418604651162791,Worsening
GRTKINSD,SPCD_epi,135,0.666851166080368,1.9854983193670947e-30,0.8392857142857143,0.7641304347826086,0.917647058823529,Worsening
GRTKINSD,PH_epi,135,0.04553153089488889,0.43755016348312575,3.389830508474504e-4,-6.000000000000049e-4,0.0012727272727272778,Stable
GRTKINSD,TP_hypo,133,0.12822965542380912,0.03095733836390908,0.023304597701149413,0,0.045454545454545456,Worsening
GRTKINSD,CHL_comp,135,-0.03808050907715857,0.5140932865572003,-0.0019230769230769247,-0.00824742268041237,0.004639175257731956,Stable
GRTKINSD,Year,136,0.9884408179272354,6.18457494455859e-64,0.25252525252525254,0.25,0.25806451612903225,Stable
