parameter,non_na_n,tau,p.value,slope,significant,slope_dir,trend,mean_value,percent_change
CHL_comp,43,-0.0853658989071846,0.42634648084640503,-0.031999999999999966,FALSE,NA,Stable,7.528523255813954,-0.4250501580809722
PH_epi,42,0.16745293140411377,0.12347328662872314,0.005624999999999991,FALSE,NA,Stable,7.081666666666667,0.07943045422452329
SECCHI,44,0.04382959380745888,0.6853204965591431,0.001614583333333313,FALSE,NA,Stable,2.438298863636364,0.06621761414945662
SPCD_epi,42,0.04659309238195419,0.6724541187286377,0.15172413793103467,FALSE,NA,Stable,218.7547619047619,0.0693580960752251
TP_epi,43,-0.19676683843135834,0.06671956181526184,-0.08333333333333333,FALSE,NA,Stable,19.580232558139535,-0.42559930320486167
TP_hypo,43,-0.174057736992836,0.10251434892416,-0.2538461538461539,FALSE,NA,Stable,42.60697674418605,-0.5957854164829768
