STATIONID,parameter,n,tau,mk_p,sen_slope,sen_ci_lower,sen_ci_upper,trend
TARPIED,SPCD_epi,25,0.07333333333333332,0.6238124360692694,0.02464285714285664,-0.11499999999999996,0.23299999999999982,Stable
TARPIED,CHL_comp,25,-0.2666666666666666,0.06503135683341553,-0.03810416666666666,-0.08250000000000002,0.0025000000000000074,Stable
TARPIED,PH_epi,25,0.11765121295424251,0.42643961100487904,0.005560606060606042,-0.010599999999999988,0.0172222222222222,Stable
TARPIED,SECCHI_NVS,25,0,1,0,-0.04222222222222221,0.051736842105263164,Stable
TARPIED,TP_hypo,25,-0.030460384954008574,0.8513179449234372,-0.0025000000000000356,-0.12133333333333335,0.09666666666666668,Stable
TARPIED,TP_epi,22,0.07033799484533299,0.6712907086348308,0.01200000000000001,-0.125,0.12964285714285712,Stable
