parameter,non_na_n,tau,p.value,slope,trend,mean_value,percent_change
CHL_comp,172,0.10777913776689786,0.035842451829151134,0.02000004142522798,Worsening,3.4703470930232556,0.5763124231992767
PH_epi,176,0.05623376623376623,0.2680726190677549,0.0022222171723842023,Stable,6.714147727272727,0.03309753169948291
SECCHI,173,-0.29856163462831026,5.25276289131682e-9,-0.02777777984738368,Worsening,3.485583815028902,-0.7969333495184752
SPCD_epi,176,0.4592857142857143,0,1.4705123543739325,Worsening,117.51903409090909,1.2512971756016897
TP_epi,175,-0.06876847290640394,0.17486398063674646,-5.587935447692871e-8,Stable,9.335428571428572,-5.985729958659805e-7
TP_hypo,174,0.046309215334529266,0.3611516017791947,6.332993507385254e-8,Stable,9.470057471264369,6.687386561910402e-7
