parameter,non_na_n,tau,p.value,slope,significant,slope_dir,trend,mean_value,percent_change
CHL_comp,48,0.015077606774866581,0.8869106769561768,0.004797297297297274,FALSE,increasing,Worsening (weak),6.198645833333333,0.07739266649983
PH_epi,48,0.20474585890769958,0.04252791404724121,0.005435606060606082,TRUE,increasing,Improving (significant),6.56875,0.08274947380561115
SECCHI,47,0.03813057020306587,0.7186084985733032,0,FALSE,NA,Stable,3.4972340425531914,0
SPCD_epi,48,-0.1756877303123474,0.07993173599243164,-0.08522556390977445,FALSE,decreasing,Improving (weak),31.733125,-0.2685697166912318
TP_epi,48,-0.024272017180919647,0.8169066905975342,0,FALSE,NA,Stable,9.731666666666667,0
TP_hypo,48,-0.015366660431027412,0.886607825756073,0,FALSE,NA,Stable,13.732083333333334,0
