parameter,non_na_n,tau,p.value,slope,trend,mean_value,percent_change
CHL_comp,23,-0.13833993673324585,0.3692092299461365,-0.05000000000000001,Stable,3.493817391304348,-1.4310994078981756
SPCD_epi,24,0.14156103134155273,0.34575390815734863,0.6182500000000001,Stable,72.29291666666667,0.8552013509852857
PH_epi,24,0.19048771262168884,0.20493125915527344,0.005634920634920628,Stable,6.4191666666666665,0.08778274389075366
TP_epi,24,-0.3140966594219208,0.03984430804848671,-0.1291666666666667,Improving,8.4375,-1.5308641975308648
TP_hypo,24,-0.3017937242984772,0.045928120613098145,-0.1547008547008547,Improving,8.566666666666666,-1.8058465529282652
SECCHI,24,0.055674824863672256,0.7271829843521118,0.005441176470588227,Stable,4.685416666666667,0.1161300447257603
