parameter,non_na_n,tau,p.value,slope,trend,mean_value,percent_change
CHL_comp,25,0.07333332300186157,0.6238124370574951,0.029139097744360937,Stable,4.29038,0.6791728878178842
SPCD_epi,25,0.5175299048423767,3.211498260498047e-4,0.807,Worsening,51.2636,1.574216403061822
PH_epi,25,0.1806029975414276,0.21553468704223633,0.008006535947712425,Stable,6.6156,0.12102509141593241
TP_epi,24,0.06921779364347458,0.654953122138977,0.015318181818181831,Stable,8.6970833333333335,0.176130102829667
TP_hypo,24,0.48727595806121826,9.633302688598633e-4,0.7762142857142857,Worsening,16.962083333333332,4.576173047027159
SECCHI,25,0.03672792762517929,0.8152850866317749,0.005875000000000003,Stable,4.2658000000000005,0.13772328754278218
