STATIONID,parameter,n,tau,mk_p,sen_slope,sen_ci_lower,sen_ci_upper,trend
SUNSUN220D,SPCD_epi,33,0.5023698939242186,4.294873879760912e-5,0.811931818181818,0.47647058823529376,0.9888888888888895,Worsening
SUNSUN220D,CHL_comp,33,-0.2797367526638066,0.023591058360055116,-0.017720588235294127,-0.033125,-0.0023076923076923096,Improving
SUNSUN220D,PH_epi,33,0.28680078409008886,0.02007199646101694,0.007177083333333337,0.0011538461538461975,0.013611111111111117,Improving
SUNSUN220D,SECCHI,33,0.08214248088816353,0.5146085209432981,0.010697940503432521,-0.017857142857142856,0.034375000000000044,Stable
SUNSUN220D,TP_hypo,33,0.010134505912153844,0.9496024178534394,0,-0.045454545454545456,0.058333333333333334,Stable
SUNSUN220D,TP_epi,33,0.1392533504127388,0.2843142042091536,0.01695402298850575,0,0.07142857142857142,Stable
