stationid,parameter,n,tau,mk_p,sen_slope,sen_ci_lower,sen_ci_upper,trend
LAUFITD,SECCHI,116,-0.147371312274967,0.020369861381454527,-0.005434782608695652,-0.011029411764705883,-6.666666666665932e-5,Worsening
LAUFITD,TP_epi,113,0.029498206880037087,0.6563354974453475,0,-0.002222222222222234,0.006829268292682911,Stable
LAUFITD,SPCD_epi,115,0.16091835856627232,0.011060457288242145,0.03469999999999999,0.007317073170731724,0.05896551724137922,Worsening
LAUFITD,PH_epi,114,0.24682185104590212,1.0966224489330145e-4,0.0026249999999999997,0.0014035087719298258,0.003827160493827156,Improving
LAUFITD,TP_hypo,112,-0.010420814977554158,0.8740116289674489,0,-0.025000000000000355,0.021739130434782608,Stable
LAUFITD,CHL_comp,116,-0.07250625132449716,0.2500809676011771,-0.004297857142857147,-0.01313953488372093,0.0030158730158730152,Stable
LAUFITD,Year,116,0.9904340059993296,5.58093255568976e-55,0.32608695652173914,0.32432432432432434,0.32857142857142857,Stable
