parameter,non_na_n,tau,p.value,slope,significant,slope_dir,trend,mean_value,percent_change
CHL_comp,98,-0.1048305481672287,0.12786425650119781,-0.0037209302325581428,FALSE,decreasing,Improving (weak),1.7560102040816326,-0.21189684569652795
PH_epi,100,0.06500199437141418,0.34194397926330566,9.175084175084345e-4,FALSE,increasing,Improving (weak),6.4028,0.014329799736184708
SECCHI,100,-0.021601852029561996,0.7563682794570923,0,FALSE,NA,Stable,8.5917,0
SPCD_epi,100,0.015431671403348446,0.823206901550293,0.0012579113924050748,FALSE,increasing,Worsening (weak),24.238,0.005189831637944858
TP_epi,100,-2.6217882987111807e-4,1,0,FALSE,NA,Stable,4.2885,0
TP_hypo,100,0.025949159637093544,0.7072135210037231,3.361581920903958e-4,FALSE,increasing,Worsening (weak),8.3863,0.004008420782590604
