parameter,non_na_n,tau,p.value,slope,trend,mean_value,percent_change
CHL_comp,199,-0.021861141547560692,0.6492882370948792,-1.9230769230769247e-4,Improving,1.8432663316582913,-0.010432984588541971
PH_epi,164,0.016503196209669113,0.7564764022827148,8.849557522123706e-5,Improving,6.74,0.0013129907302854163
SECCHI,207,-0.06306836009025574,0.18192538619041443,-0.0018556701030927897,Worsening,7.993212560386473,-0.02321557307620339
SPCD_epi,165,-0.07515908032655716,0.15263086557388306,-0.029261849261849222,Improving,85.19190909090909,-0.03434815532848739
TP_epi,154,0.1965877259994907,NA,NA,Worsening,5.746753246753247,NA
TP_hypo,156,0.0641025641025641,NA,NA,Worsening,6.842948717948718,NA
