parameter,non_na_n,tau,p.value,slope,trend,mean_value,percent_change
CHL_comp,87,0.075138092041015625,0.3062727451324463,0.005152083333333325,Stable,3.5987919540229885,0.1431614663796821
SPCD_epi,90,-0.05802183225750923,0.4207254648208618,-0.011714285714285719,Stable,45.28777777777778,-0.0258663292594449
PH_epi,90,-0.2887766659259796,6.348871829686686e-5,-0.0030769230769230795,Worsening,6.781555555555555,-0.045371936449041056
TP_epi,89,0.011680093593895435,0.8802711963653564,0,Stable,7.11123595505618,0
TP_hypo,88,0.005116058513522148,0.9480915069580078,0,Stable,11.797727272727272,0
SECCHI,89,-0.07198476791381836,0.32853996753692627,-0.0034904970760233933,Stable,5.256308988764045,-0.06640585786499092
