STATIONID,parameter,n,tau,mk_p,sen_slope,sen_ci_lower,sen_ci_upper,trend
SANMLWD,SPCD_epi,37,-0.6159666495865087,9.397225352532754e-8,-0.20568322981366471,-0.25124999999999975,-0.16571428571428573,Improving
SANMLWD,CHL_comp,37,0.3518800971002273,0.0023044604354399588,0.02483333333333331,0.011052631578947366,0.04233333333333334,Worsening
SANMLWD,PH_epi,37,0.5294171845365008,4.650663710441668e-6,0.01593531468531468,0.010000000000000018,0.02230769230769231,Improving
SANMLWD,SECCHI_NVS,37,-0.3143711882322143,0.006972067621868116,-0.08118686868686861,-0.11730769230769234,-0.02142857142857148,Worsening
SANMLWD,TP_hypo,37,-0.043929473603836026,0.7215438901475505,0,-0.07500000000000007,0.043478260869565216,Stable
SANMLWD,TP_epi,37,0.031083867979384255,0.8095983569434174,0,-0.038461538461538464,0.037037037037037035,Stable
