parameter,non_na_n,tau,p.value,slope,trend,mean_value,percent_change
CHL_comp,60,-0.1344632768361582,0.13006536902560617,-0.047500031813978785,Stable,3.69201,-1.286562924097681
PH_epi,60,-0.07966101694915254,0.370928859079384,-0.004444435238838291,Stable,7.005166666666667,-0.06344510345466381
SECCHI,60,-0.1807909604519774,0.041056370976415346,-0.03157896436750893,Worsening,3.3074583333333334,-0.9547804139888563
SPCD_epi,63,0.16845878136200718,0.05137115321680552,0.330555644035339,Stable,64.6631746031746,0.5111961267968903
TP_epi,60,0.1288135593220339,0.14394032305523674,0.10000004991889,Stable,10.716666666666667,0.9331264378123483
TP_hypo,60,-0.16610169491525423,0.05922980645598819,-0.14285711757838726,Stable,14.15,-1.0095909369497331
