parameter,non_na_n,tau,p.value,slope,significant,slope_dir,trend,mean_value,percent_change
CHL_comp,99,0.08213811367750168,0.2300426959991455,0.00840000000000001,FALSE,increasing,Worsening (weak),4.920451515151515,0.17071604047177263
PH_epi,100,-0.04408397898077965,0.5199215412139893,-5.714285714285656e-4,FALSE,decreasing,Worsening (weak),6.507,-0.008781751520340643
SECCHI,99,-0.012899750843644142,0.8535692691802979,0,FALSE,NA,Stable,3.3254949494949493,0
SPCD_epi,100,0.00970874447375536,0.8886762857437134,0.0028983228511530275,FALSE,increasing,Worsening (weak),41.9253,0.006913064071462881
TP_epi,98,-0.07467103749513626,0.2952079772949219,0,FALSE,NA,Stable,10.056326530612244,0
TP_hypo,98,-0.050646062940359116,0.474648118019104,0,FALSE,NA,Stable,14.075714285714286,0
