parameter,non_na_n,tau,p.value,slope,significant,slope_dir,trend,mean_value,percent_change
CHL_comp,132,0.03252127394080162,0.581761360168457,0.003809948221712924,FALSE,increasing,Worsening (weak),6.823865151515151,0.05583270092708345
PH_epi,134,0.023932239040732384,0.6847738027572632,2.2471910112359072e-4,FALSE,increasing,Improving (weak),6.840522388059702,0.003285116082886351
SECCHI,135,-0.07945102453231812,0.18233536183834076,-0.0011111111111111122,FALSE,decreasing,Worsening (weak),2.333562962962963,-0.04761436176122355
SPCD_epi,134,0.043812863528728485,0.4543130397796631,0.021428571428571224,FALSE,increasing,Worsening (weak),60.51231343283582,0.03541191901769769
TP_epi,132,0.08862081915140152,0.14874231815338135,0,FALSE,NA,Stable,10.988560606060606,0
TP_hypo,88,0.08419358730316162,0.26515448093414307,0,FALSE,NA,Stable,10.998863636363636,0
