parameter,non_na_n,tau,p.value,slope,trend,mean_value,percent_change
CHL_comp,75,-0.21441441441441442,0.006541480479163697,-0.08021293640136723,Improving,7.930172,-1.0114904998449874
PH_epi,74,0.08552388004442799,0.28261461993208226,0.0025000122189521717,Stable,6.708581081081081,0.037265886612035955
SECCHI,71,-0.032595573440643864,0.6904862497268951,-4.545195400714292e-4,Stable,1.8519295774647888,-0.024543025048157974
SPCD_epi,74,0.37689744539059605,2.037436096946621e-6,1.187296295166016,Worsening,116.69824324324324,1.0174071709813504
TP_epi,74,-0.1417993335801555,0.0742680273523888,-0.12149810791015625,Stable,20.836486486486486,-0.5831026645924874
TP_hypo,32,-0.1350806451612903,0.2815866431265168,-0.250000006519258,Stable,25.625,-0.9756097815385679
