parameter,non_na_n,tau,p.value,slope,trend,mean_value,percent_change
CHL_comp,103,-0.1530691385269165,0.0222849752753973,-0.01290322580645161,Improving,5.285252427184466,-0.24413641513287856
PH_epi,104,0.010333694517612457,0.8794056177139282,0,Improving,7.018557692307692,0
SECCHI,104,0.06524120271205902,0.3334238529205322,0.0025486583522297823,Improving,4.165817307692308,0.06118027181661585
SPCD_epi,104,0.03383496403694153,0.6131346225738525,0.0534705882352951,Worsening,172.40490384615384,0.03101454021459261
TP_epi,103,0.1298305730059014,NA,NA,Worsening,11.004466019417476,NA
TP_hypo,101,0.08,NA,NA,Worsening,12.24,NA
