parameter,non_na_n,tau,p.value,slope,trend,mean_value,percent_change
CHL_comp,99,0.08213811367750168,0.2300426959991455,0.00840000000000001,Stable,4.920451515151515,0.17071604047177263
PH_epi,100,-0.04408397898077965,0.5199215412139893,-5.714285714285656e-4,Stable,6.507,-0.008781751520340643
SECCHI,99,-0.012899750843644142,0.8535692691802979,0,Stable,3.3254949494949493,0
SPCD_epi,100,0.00970874447375536,0.8886762857437134,0.0028983228511530275,Stable,41.9253,0.006913064071462881
TP_epi,98,-0.0025247212286976647,0.9728902302797482,1.2898818155932178e-8,Stable,10.081836734693878,1.2794115294036085e-7
TP_hypo,98,0.040395539659162635,0.5559269130064213,4.842877388000488e-8,Stable,14.075714285714286,3.440590857201199e-7
