parameter,non_na_n,tau,p.value,slope,trend,mean_value,percent_change
CHL_comp,49,0.009365694597363472,0.9313011169433594,0.002331989247311825,Stable,4.845913265306122,0.04812280203212656
SPCD_epi,48,0.4769503176212311,1.7881393432617188e-06,1.8567721847431242,Worsening,174.42520833333333,1.0645090824227428
PH_epi,49,0.12831710278987885,0.19873929023742676,0.003039596273291931,Stable,6.495612244897959,0.04679460778588518
TP_epi,49,0.2627287805080414,0.009036540985107422,0.1125,Worsening,11.54061224489796,0.9748182991741676
TP_hypo,27,0.10514186322689056,0.4635617733001709,0.05555555555555555,Stable,11.948148148148148,0.4649721016738996
SECCHI,47,-0.17185038328170776,0.0944080725312233,-0.008088235294117658,Stable,2.9195212765957446,-0.27703977905407834
