parameter,non_na_n,tau,p.value,slope,trend,mean_value,percent_change
CHL_comp,114,0.058677226305007935,0.35711097717285156,0.0019626168224299062,Stable,1.9536701754385966,0.10045794050110332
PH_epi,114,-0.016218483448028564,0.8008185625076294,-2.0408163265305687e-4,Stable,6.621710526315789,-0.0030820077658484492
SECCHI,110,-0.06490328907966614,0.3197528123855591,-0.0029411764705882353,Stable,6.0085,-0.048950261639148465
SPCD_epi,114,0.04647189378738403,0.465511679649353,0.006329113924050633,Stable,27.781929824561402,0.02278140490605948
TP_epi,114,-0.111939139885111,0.06997899808221453,-3.8455951958868667e-4,Stable,5.925438596491228,-0.006489975608158443
TP_hypo,113,0.009481668773704172,0.8828782412771181,7.63777643442154e-8,Stable,7.310088495575221,1.0448268087376325e-6
