parameter,non_na_n,tau,p.value,slope,trend,mean_value,percent_change
CHL_comp,68,-0.1558104157447815,0.06163395941257477,-0.007437689969604864,Stable,2.1243970588235292,-0.3501082784271875
SPCD_epi,70,0.7284027934074402,0,0.7986956521739126,Worsening,93.42628571428571,0.8548939370408739
PH_epi,70,-0.08031726628541946,0.3302014470100403,-0.001538461538461574,Stable,6.936571428571429,-0.022178990792550906
TP_epi,69,-0.08857504278421402,0.3010602593421936,0,Stable,6.874202898550725,0
TP_hypo,69,-0.14531920850276947,0.08065949380397797,-0.029402396259497372,Stable,9.67695652173913,-0.3038392927925774
SECCHI,70,-0.2381545752286911,0.0038862989749759436,-0.020833333333333332,Worsening,7.3878571428571425,-0.28199426343098394
