parameter,non_na_n,tau,p.value,slope,significant,slope_dir,trend,mean_value,percent_change
CHL_comp,24,0.17391306161880493,0.2436925172805786,0.06113095238095241,FALSE,increasing,Worsening (weak),4.548216666666667,1.3440642093630633
PH_epi,23,0.2817482352256775,0.06431031227111816,0.014705882352941176,FALSE,increasing,Improving (weak),6.503478260869565,0.22612334143444782
SECCHI,24,-0.14991486072540283,0.3202665448188782,-0.01680555555555556,FALSE,decreasing,Worsening (weak),3.7459375,-0.44863416849735366
SPCD_epi,23,-0.21739131212234497,0.15382078289985657,-0.10124999999999984,FALSE,decreasing,Improving (weak),17.74695652173913,-0.5705203586652938
TP_epi,23,0.08891084790229797,0.5767974853515625,0.04888888888888893,FALSE,increasing,Worsening (weak),6.797391304347826,0.7192301678677533
TP_hypo,23,0.195225328207016,0.20416641235351563,0.13157894736842105,FALSE,increasing,Worsening (weak),10.216521739130435,1.2879035617812937
