parameter,non_na_n,tau,p.value,slope,significant,slope_dir,trend,mean_value,percent_change
CHL_comp,101,0.004363353364169598,0.9508628845214844,1.8268597761685287e-4,FALSE,NA,Stable,4.564706930693069,0.004002140343084748
PH_epi,106,0.04083538055419922,0.5389270782470703,4.918032786885287e-4,FALSE,NA,Stable,6.712169811320755,0.007327038685151448
SECCHI,106,0.01702340692281723,0.8013265132904053,0,FALSE,NA,Stable,3.0504795597484278,0
SPCD_epi,105,-0.06489462405443192,0.32834362983703613,-0.027100988700564953,FALSE,NA,Stable,49.21704761904762,-0.05506423081354544
TP_epi,104,0.04323367774486542,0.5295407772064209,0,FALSE,NA,Stable,12.061346153846154,0
TP_hypo,104,-0.09154796600341797,0.17923417687416077,-0.020204081632653085,FALSE,NA,Stable,15.003846153846155,-0.134659349512684
