parameter,non_na_n,tau,p.value,slope,trend,mean_value,percent_change
CHL_comp,20,0.1368421052631579,0.4120644880663684,0.023333327323198302,Stable,1.84876,1.2621068891147744
PH_epi,20,0.25263157894736843,0.12342067721867123,0.03857143223285675,Stable,6.288,0.6134133624818185
SECCHI,19,-0.15204678362573099,0.37715640655365346,-0.08010811805725088,Stable,5.587052631578947,-1.4338171365071186
SPCD_epi,20,0.17894736842105263,0.2793951405968649,0.18250000474974623,Stable,16.823,1.0848243758529763
TP_epi,20,0.26842105263157895,0.07672709572111946,0.0016666719317436215,Stable,5.264,0.03166170083099584
TP_hypo,20,0.02631578947368421,0.8902841195199385,-9.424984508366063e-9,Stable,6.084,-1.5491427528543827e-7
