parameter,non_na_n,tau,p.value,slope,trend,mean_value,percent_change
CHL_comp,34,0.554367184638977,4.291534423828125e-6,0.10363636363636365,Worsening,3.3716411764705883,3.0737661041632407
SPCD_epi,34,0.10516934096813202,0.3898894786834717,0.031428571428571264,Stable,19.48044117647059,0.16133398183267122
PH_epi,33,0.5071245431900024,3.743171691894531e-5,0.026249999999999957,Improving,6.168030303030303,0.42558156672971514
TP_epi,33,0.4221741557121277,6.412267684936523e-4,0.15714285714285714,Worsening,9.363333333333333,1.6782790011697097
TP_hypo,12,0,1,0,Stable,8.741666666666667,0
SECCHI,32,-0.4935237467288971,2.2865970095153898e-4,-0.014495798319327739,Worsening,2.68828125,-0.5392217915937083
