parameter,non_na_n,tau,p.value,slope,trend,mean_value,percent_change
CHL_comp,33,0.1254761815071106,0.31359779834747314,0.029999999999999985,Worsening,4.175454545454546,0.7184846505551923
PH_epi,31,-0.049784597009420395,0.7081947326660156,-0.0023076923076922585,Worsening,6.890967741935484,-0.033488653468055435
SECCHI,33,-0.019863802939653397,0.8879667520523071,0,Worsening,3.912121212121212,0
SPCD_epi,31,0.008611415512859821,0.9593281745910645,0.03333333333333333,Worsening,80.83548387096774,0.04123601633478324
TP_epi,30,-0.1471264367816092,NA,NA,Improving,8.5,NA
TP_hypo,27,-0.20797720797720798,NA,NA,Improving,9.407407407407407,NA
