parameter,non_na_n,tau,p.value,slope,trend,mean_value,percent_change
CHL_comp,80,-0.15751127898693085,0.0396820604801178,-0.008366602067183466,Improving,2.37216375,-0.35269917884814933
SPCD_epi,80,0.6875593662261963,0,0.5435573122529644,Worsening,71.5363125,0.7598341223598357
PH_epi,78,0.06353507936000824,0.4146912097930908,0.0010526315789473615,Stable,7.121846153846154,0.014780318982022487
TP_epi,80,-0.10139766335487366,0.2104383111000061,0,Stable,7.138,0
TP_hypo,79,-0.05985703691840172,0.46244925260543823,0,Stable,7.6262025316455695,0
SECCHI,77,0.09910764545202255,0.20660734176635742,0.0048632668144863445,Stable,4.898019480519481,0.09929047513650455
