parameter,non_na_n,tau,p.value,slope,significant,slope_dir,trend,mean_value,percent_change
CHL_comp,75,-0.06492337584495544,0.41287708282470703,-0.014615384615384612,FALSE,NA,Stable,7.930172,-0.1843009787856381
PH_epi,74,0.010033514350652695,0.90340256690979,1.754385964912399e-4,FALSE,NA,Stable,6.708581081081081,0.0026151371559925774
SECCHI,71,-0.00858297199010849,0.9207659959793091,0,FALSE,NA,Stable,1.8519295774647888,0
SPCD_epi,74,-0.08848574757575989,0.2667046785354614,-0.14827586206896542,FALSE,NA,Stable,116.69824324324324,-0.12705920667537599
TP_epi,74,0.046989865601062775,0.5594592094421387,0.016666666666666902,FALSE,NA,Stable,20.836486486486486,0.07998789372419424
TP_hypo,32,0.12079212069511414,0.3457679748535156,0.12916666666666665,FALSE,NA,Stable,25.625,0.5040650406504065
