parameter,non_na_n,tau,p.value,slope,trend,mean_value,percent_change
CHL_comp,15,0.39047616720199585,0.04776120185852051,0.3499999999999999,Worsening,6.7602866666666666,5.1772952429039
PH_epi,15,0.11483384668827057,0.5857352018356323,0.012727272727272698,Stable,6.783333333333333,0.1876256421710963
SECCHI,14,-0.1236267164349556,0.5814157724380493,-0.027272727272727296,Stable,2.4348214285714285,-1.1201120112011211
SPCD_epi,15,0.06666666269302368,0.7665252685546875,0.6999999999999981,Stable,126.71333333333334,0.5524280528226427
TP_epi,15,0.580952380952381,0.002847156536303297,0.7999999858438969,Worsening,12.2,6.557376933146696
TP_hypo,15,0.6,0.0018295471889158144,1.0000000186264515,Worsening,15.6,6.410256529656741
