parameter,non_na_n,tau,p.value,slope,trend,mean_value,percent_change
CHL_comp,136,-0.1636165577342048,0.004682154742726707,-0.018461543470620862,Improving,1.8509191176470587,-0.9974257272835187
PH_epi,140,0.12569373072970194,0.027518963524666873,0.004999930262565263,Improving,6.764654761904762,0.07391257112960786
SECCHI,138,0.03385168729503861,0.5566138014516877,0.006846284866333008,Stable,8.285833333333333,0.0826263888122258
SPCD_epi,140,0.5211716341212744,0,0.8216079235076944,Worsening,88.42869047619048,0.9291191796274686
TP_epi,138,0.13339680524701153,0.01204082892861269,5.964189767837524e-8,Worsening,5.648550724637682,1.0558796510090805e-6
TP_hypo,137,-0.06923572348647489,0.2202534956183002,-5.21726906299591e-8,Stable,6.697080291970803,-7.790363614500705e-7
