STATIONID,parameter,n,tau,mk_p,sen_slope,sen_ci_lower,sen_ci_upper,trend
SUNMIDD,SPCD_epi,27,0.6695156695156697,1.070708604553228e-6,2.667368421052631,1.9454545454545453,3.358333333333334,Worsening
SUNMIDD,CHL_comp,27,0.19088319088319092,0.16885381601681967,0.08242307692307695,-0.045700000000000074,0.21210526315789474,Stable
SUNMIDD,PH_epi,26,0.1388895504204827,0.33189710271666584,0.00826086956521737,-0.008571428571428516,0.020000000000000066,Stable
SUNMIDD,SECCHI_NVS,27,-0.29842948651954665,0.031589364825287715,-0.025,-0.04772727272727272,-0.0023076923076922927,Worsening
SUNMIDD,TP_hypo,19,0.005953330219742443,1,0,-0.2469230769230769,0.2857142857142857,Stable
SUNMIDD,TP_epi,27,0.08882667346578034,0.5312870913218933,0.05000000000000012,-0.125,0.19899999999999993,Stable
