STATIONID,parameter,n,tau,mk_p,sen_slope,sen_ci_lower,sen_ci_upper,trend
JENNORD,SPCD_epi,31,0.2195910852387945,0.08599998198697952,0.7514285714285711,-0.0433333333333334,1.3633333333333344,Stable
JENNORD,CHL_comp,32,-0.006054493496206035,0.9741234194316012,-0.0014880952380952224,-0.058636363636363625,0.061666666666666675,Stable
JENNORD,PH_epi,31,0.33333333333333337,0.008858992984779306,0.014999999999999977,0.004375000000000018,0.027500000000000035,Improving
JENNORD,SECCHI_NVS,31,-0.1403900787029245,0.27641869465442026,-0.015625,-0.06133333333333333,0.017105263157894745,Stable
JENNORD,TP_hypo,31,0.054113694993508744,0.6830480313951784,0.02142857142857148,-0.0825925925925926,0.15749999999999986,Stable
JENNORD,TP_epi,31,0.10129333869058485,0.4341786468183524,0.042307692307692296,-0.05,0.14541666666666667,Stable
