parameter,non_na_n,tau,p.value,slope,trend,mean_value,percent_change
CHL_comp,58,0.2880484163761139,0.0014407634735107422,0.19648648648648648,Worsening,15.037856896551725,1.3066122908214537
SPCD_epi,58,0.5325264930725098,0,0.7210526315789475,Worsening,86.15706896551724,0.8369047835964979
PH_epi,58,0.009711738675832748,0.9198312759399414,3.703703703703625e-4,Stable,7.376379310344827,0.005021032064483796
TP_epi,58,-0.022290127351880074,0.8138790130615234,0,Stable,16.944827586206898,0
TP_hypo,58,0.2490149736404419,0.0060596466064453125,1.1904761904761905,Worsening,123.36206896551724,0.9650261222588268
SECCHI,57,-0.3666868209838867,6.457367999246344e-5,-0.031530214424951256,Worsening,2.492236842105263,-1.2651371608132072
