parameter,non_na_n,tau,p.value,slope,trend,mean_value,percent_change
CHL_comp,48,-0.031914893617021274,0.7556266560694431,-0.017000046821869466,Stable,6.198645833333333,-0.27425420453047017
PH_epi,48,-0.16312056737588654,0.10337904765713368,-0.006551670730114208,Stable,6.56875,-0.09973999208546844
SECCHI,47,-0.01757631822386679,0.8669599181383654,3.91155481338501e-8,Stable,3.4972340425531914,1.118470987583473e-6
SPCD_epi,48,0.2579787234042553,0.009912860093568066,0.18999995257705457,Worsening,31.733125,0.5987432771813509
TP_epi,48,0.11347517730496454,0.25788998918193196,0.03777779292315242,Stable,9.731666666666667,0.3881944811421725
TP_hypo,48,0.05319148936170213,0.5988530939752912,0.016666669957340247,Stable,13.732083333333334,0.12137029431567373
