parameter,non_na_n,tau,p.value,slope,significant,slope_dir,trend,mean_value,percent_change
CHL_comp,75,0.026334792375564575,0.7418762445449829,0.002571428571428574,FALSE,NA,Stable,3.4499393333333335,0.07453547216275419
PH_epi,75,-0.1269291192293167,0.1102379634976387,-0.0022857142857142876,FALSE,NA,Stable,6.45908,-0.0353876138043543
SECCHI,75,0.06457609683275223,0.41786694526672363,0.0022692307692307755,FALSE,NA,Stable,4.22298,0.05373529519985355
SPCD_epi,75,-0.018782785162329674,0.8155099153518677,-0.005172413793103522,FALSE,NA,Stable,27.9544,-0.018503039926106524
TP_epi,75,0.01818590797483921,0.8224818706512451,0,FALSE,NA,Stable,9.733333333333333,0
TP_hypo,75,-0.04005313292145729,0.6176884770393372,-0.01111111111111117,FALSE,NA,Stable,14.1884,-0.07831123390312629
