parameter,non_na_n,tau,p.value,slope,trend,mean_value,percent_change
CHL_comp,81,-0.06250019371509552,0.41227787733078003,-0.0026201372997711695,Stable,1.9519185185185186,-0.1342339485441134
SPCD_epi,81,0.3208659291267395,2.3365020751953125e-5,0.12359397417503593,Worsening,45.14716049382716,0.2737580233687888
PH_epi,81,0.06943648308515549,0.36295056343078613,0.0011764705882352953,Stable,6.695222222222222,0.017571792976944847
TP_epi,81,0.013331400230526924,0.8639451265335083,8.541033434650622e-4,Stable,8.651728395061728,0.009872054512859779
TP_hypo,81,0.04211854934692383,0.5818260908126831,0.003613053613053612,Stable,9.628518518518518,0.03752450188577433
SECCHI,80,-0.06496600061655045,0.39665132761001587,-0.0049104409063074035,Stable,4.0705625,-0.12063298146895922
