stationid,parameter,n,tau,mk_p,sen_slope,sen_ci_lower,sen_ci_upper,trend
POWKIND,SECCHI,81,-0.045342489543745736,0.554093025514499,-0.001204994192799077,-0.006818181818181814,0.0031250000000000444,Stable
POWKIND,TP_epi,82,0.33258858866843255,1.1864295967550263e-5,0.07222222222222222,0.04102564102564102,0.10599999999999994,Worsening
POWKIND,SPCD_epi,81,0.41198278396153903,5.4277390843518795e-8,0.6842431761786598,0.4857142857142855,0.884426229508197,Worsening
POWKIND,PH_epi,82,0.06387254749922078,0.40020889381180286,0.0012962962962963015,-0.0015789473684210502,0.003620689655172413,Stable
POWKIND,TP_hypo,25,0.16444529035860758,0.26927392895248525,0.20652173913043476,-0.09090909090909091,0.42857142857142855,Stable
POWKIND,CHL_comp,81,-0.11408271246498948,0.1333492963675109,-0.013706690561529275,-0.03317073170731708,0.0033333333333333396,Stable
POWKIND,Year,83,0.9851975253587297,1.2347661999251702e-38,0.3333333333333333,0.3333333333333333,0.3448275862068966,Stable
