parameter,non_na_n,tau,p.value,slope,significant,slope_dir,trend,mean_value,percent_change
CHL_comp,49,0.11494261026382446,0.24801397323608398,0.014954166666666668,FALSE,NA,Stable,2.765322448979592,0.5407747900135399
PH_epi,49,0.03505825623869896,0.7301051616668701,0.0011111111111111285,FALSE,NA,Stable,6.4346938775510205,0.01726750537407082
SECCHI,49,-0.055532436817884445,0.5809733271598816,-0.0063344594594595014,FALSE,NA,Stable,6.5712244897959184,-0.09639694198997346
SPCD_epi,49,0.005959987174719572,0.9587479829788208,0.002956989247312118,FALSE,NA,Stable,35.41244897959184,0.008350140508543276
TP_epi,41,0.06344634294509888,0.5879431962966919,0,FALSE,NA,Stable,7.709756097560976,0
TP_hypo,41,-0.1399548500776291,0.20748990774154663,-0.06666666666666667,FALSE,NA,Stable,14.659268292682928,-0.45477485871476186
