STATIONID,parameter,n,tau,mk_p,sen_slope,sen_ci_lower,sen_ci_upper,trend
OSSOSSD,SPCD_epi,23,0.25346584347827067,0.09602466449326663,0.2976666666666669,-0.05062500000000014,0.6649999999999991,Stable
OSSOSSD,CHL_comp,23,-0.25346584347827067,0.09602466449326663,-0.019166666666666703,-0.04192499999999999,0.006842105263157889,Stable
OSSOSSD,PH_epi,23,0.0240017281866464,0.8946992480776013,7.142857142856991e-4,-0.01444444444444453,0.014090909090909114,Stable
OSSOSSD,SECCHI,19,-0.08211179002574179,0.6490437529262908,-0.03750000000000009,-0.09999999999999998,0.06944444444444445,Stable
OSSOSSD,TP_hypo,23,-0.00793657042549816,0.978915245485972,-4.7619047619050834e-4,-0.06625000000000003,0.06875000000000009,Stable
OSSOSSD,TP_epi,23,-0.031683230434783834,0.8532778974530781,-0.013928571428571386,-0.08818181818181815,0.08285714285714287,Stable
