STATIONID,parameter,n,tau,mk_p,sen_slope,sen_ci_lower,sen_ci_upper,trend
SUNSUN110,CHL_comp,39,-0.24086691728521095,0.032211724088693154,-0.011136363636363632,-0.020000000000000018,-4.545454545454549e-4,Improving
SUNSUN110,SECCHI,37,-0.3073535780613884,0.008175726703284805,-0.029257246376811586,-0.04799999999999997,-0.008593749999999983,Worsening
