parameter,non_na_n,tau,p.value,slope,trend,mean_value,percent_change
CHL_comp,162,0.03705978021025658,0.4851100444793701,0.002765957446808527,Stable,5.415639506172839,0.05107351483893714
PH_epi,164,0.056786905974149704,0.2841451168060303,3.785526630045382e-4,Stable,6.65670731707317,0.005686785447718628
SECCHI,164,-0.014344541355967522,0.7880118489265442,0,Stable,3.5675426829268293,0
SPCD_epi,166,0.05717423930764198,0.2754173278808594,0.00909090909090906,Stable,44.518614457831326,0.020420467262115938
TP_epi,165,0.01869918699186992,0.7221297016958299,-2.6542693376541138e-8,Stable,12.350060606060605,-2.1491953945161787e-7
TP_hypo,166,-0.05271997079225995,0.31348824780178,-0.03571428847499192,Stable,17.31933734939759,-0.20621047881046184
