parameter,non_na_n,tau,p.value,slope,trend,mean_value,percent_change
CHL_comp,44,0.07822410147991543,0.459296323332401,0.026666596196592066,Stable,4.719736363636364,0.5650018166702545
PH_epi,45,0.3393939393939394,0.0010197665218301122,0.01655179142951954,Improving,6.082777777777777,0.2721090928224968
SECCHI,44,-0.1014799154334038,0.335383369424765,-0.010504629611968965,Stable,3.8424431818181817,-0.27338412345757435
SPCD_epi,45,-0.09898989898989899,0.34161650904592555,-0.05000003639608697,Stable,33.01577777777778,-0.15144285478484454
TP_epi,45,-0.10606060606060606,0.3076448763290327,-0.032857211343943156,Stable,8.563777777777778,-0.38367659923643305
TP_hypo,43,0.20930232558139536,0.04835259743043974,0.19122722625732386,Worsening,13.04232558139535,1.4662049729084066
