parameter,non_na_n,tau,p.value,slope,significant,slope_dir,trend,mean_value,percent_change
CHL_comp,85,0.028579434379935265,0.7014600038528442,0.012294776119403019,FALSE,NA,Stable,10.642184705882354,0.11552868568995248
PH_epi,86,-0.047782838344573975,0.5186721086502075,-0.0011111111111111861,FALSE,NA,Stable,6.94639534883721,-0.015995506378674234
SECCHI,87,-0.10560988634824753,0.15515999495983124,-0.001960784313725492,FALSE,NA,Stable,1.9874137931034483,-0.09866009386317214
SPCD_epi,86,-0.028504909947514534,0.7008236050605774,-0.2857142857142857,FALSE,NA,Stable,369.5104651162791,-0.07732237992890835
TP_epi,86,-0.0011008861474692822,0.9910687208175659,0,FALSE,NA,Stable,26.36279069767442,0
TP_hypo,82,-0.023241844028234482,0.7608364820480347,-0.023809523809523808,FALSE,NA,Stable,46.90609756097561,-0.05075997588282122
