parameter,non_na_n,tau,p.value,slope,trend,mean_value,percent_change
CHL_comp,68,0.03521139174699783,0.6757593154907227,0.0017083333333333347,Stable,2.1243970588235292,0.0804149735680482
PH_epi,70,-0.1718706339597702,0.03667035326361656,-0.0028571428571428597,Worsening,6.936571428571429,-0.041189554329022195
SECCHI,70,0.09609746187925339,0.24523448944091797,0.008333333333333378,Stable,7.3878571428571425,0.11279770537239418
SPCD_epi,70,0.011601409874856472,0.89112091064453125,0.017647058823529523,Stable,93.42628571428571,0.01888875137078379
TP_epi,69,-0.09803921568627451,0.23158326551973785,-0.026163697242736622,Stable,6.874202898550725,-0.3806069973327768
TP_hypo,69,-0.1474850809889173,0.07340966084661371,-0.04967319488525474,Stable,9.67695652173913,-0.5133142302919796
