parameter,non_na_n,MK,SEN,tau,p.value,slope,significant,slope_dir,trend,mean_value,percent_change
CHL_comp,35,,,-0.16638655960559845,0.16400104761123657,1,FALSE,NA,Stable,7.8737351515151515,12.700452590249608
PH_epi,35,,,-0.16329990327358246,0.1726895421743393,1,FALSE,NA,Stable,6.808761904761905,14.686957981312593
SECCHI,35,,,0.29461321234703064,0.013453006744384766,1,TRUE,increasing,Improving,3.4905238095238094,28.64899523880984
SPCD_epi,35,,,-0.5764706134796143,1.1924391856155125e-6,1,TRUE,increasing,Worsening,62.82033333333334,1.5918412828118282
TP_epi,35,,,0.0879136323928833,0.4685242176055908,1,FALSE,NA,Stable,11.227,8.907098957869422
TP_hypo,35,,,0.09595973044633865,0.4263572692871094,1,FALSE,NA,Stable,29.00857142857143,3.4472569683837286
