parameter,non_na_n,MK,SEN,tau,p.value,slope,significant,slope_dir,trend,mean_value,percent_change
CHL_comp,37,,,0.18782874941825867,0.10482048988342285,1,FALSE,NA,Stable,3.1378765765765766,31.86868494015147
PH_epi,37,,,0.054054055362939835,0.6471242904663086,1,FALSE,NA,Stable,6.466846846846847,15.4634866679669
SECCHI,37,,,-0.19306381046772003,0.09651964902877808,1,FALSE,NA,Stable,5.296227477477477,18.88136422109057
SPCD_epi,37,,,-0.0661654844880104,0.5737835168838501,1,FALSE,NA,Stable,24.981261261261263,4.003000447182031
TP_epi,36,,,0.24320779740810394,0.03947734832763672,1,TRUE,increasing,Worsening,6.205162037037037,16.115614612982768
TP_hypo,36,,,0.40510833263397217,5.643367767333984e-4,1,TRUE,increasing,Worsening,13.2425,7.551444213705871
