parameter,non_na_n,tau,p.value,slope,trend,mean_value,percent_change
CHL_comp,49,-0.0570455938577652,0.5693747997283936,-0.0065108333333333355,Stable,2.765322448979592,-0.23544571938566666
SPCD_epi,49,0.41975340247154236,2.2172927856445313e-05,0.28400326797385633,Worsening,35.41244897959184,0.8019870869070004
PH_epi,49,0.3103938102722168,0.0017955303192138672,0.0085016835016835,Improving,6.4346938775510205,0.13212257899857008
TP_epi,41,-0.2308150976896286,0.05148180574178696,0,Stable,8.56341463414634,0
TP_hypo,41,-0.04334884509444237,0.7019785642623901,-0.006798245614035064,Stable,14.659268292682928,-0.04637506782946568
SECCHI,49,0.10337577015161514,0.3007009029388428,0.016954022988505752,Stable,6.5712244897959184,0.25800401454603616
