parameter,non_na_n,tau,p.value,slope,trend,mean_value,percent_change
CHL_comp,46,-0.22577613592147827,0.028001325204968452,-0.030303030303030304,Improving,3.4756891304347826,-0.871856750296872
SPCD_epi,45,0.2607840299606323,0.012227416038513184,0.08778225806451614,Worsening,28.006888888888888,0.3134309505521044
PH_epi,46,-0.01652117446064949,0.8795209527015686,-3.2258064516128344e-4,Stable,6.650652173913043,-0.0048503610882943944
TP_epi,46,0.09832002967596054,0.37734150886535645,0,Stable,6.125217391304348,0
TP_hypo,47,-0.0866844430565834,0.4027438759803772,-0.0071428571428571175,Stable,8.45595744680851,-0.08447129952803879
SECCHI,47,-0.06520885974168777,0.5265822410583496,-0.00763888888888885,Stable,5.9897446808510635,-0.12753279640299234
