stationid,parameter,n,tau,mk_p,sen_slope,sen_ci_lower,sen_ci_upper,trend
FLIHLSD,SECCHI,84,-0.2522202065161428,8.295771199197151e-4,-0.00571428571428571,-0.008730158730158727,-0.0022881355932203393,Worsening
FLIHLSD,TP_epi,81,0.43060375137027035,1.6273303666290265e-8,0.16666666666666666,0.1166666666666667,0.224390243902439,Worsening
FLIHLSD,SPCD_epi,79,0.3149173931638281,4.164612232082891e-5,0.37575757575757596,0.20476190476190484,0.5294117647058824,Worsening
FLIHLSD,PH_epi,80,-0.3376719581490451,1.00013951876532e-5,-0.007499999999999997,-0.010937499999999989,-0.0044827586206896515,Worsening
FLIHLSD,TP_hypo,35,0.22626502814303595,0.062115044193242624,0.22727272727272727,0,0.5,Stable
FLIHLSD,CHL_comp,87,0.20008029082425663,0.0061692546898745645,0.04344827586206896,0.013214285714285718,0.07560975609756097,Worsening
FLIHLSD,Year,89,0.9820919491203807,5.906818509802124e-41,0.4567901234567901,0.375,0.4897959183673469,Stable
