parameter,non_na_n,tau,p.value,slope,trend,mean_value,percent_change
CHL_comp,44,0.0637628585100174,0.5504215955734253,0.007184750733137836,Stable,3.699772727272727,0.1941943806487283
PH_epi,45,0.2244829386472702,0.031299471855163574,0.005255754475703324,Improving,6.670888888888888,0.07878641907013877
SECCHI,44,-0.12625613808631897,0.24544966220855713,-0.00895721925133688,Stable,5.096590909090909,-0.17574922945766902
SPCD_epi,45,0.15165835618972778,0.1473221778869629,0.028919860627177725,Stable,32.49166666666667,0.08900700885512508
TP_epi,45,-0.06868686868686869,0.5080607925430707,-0.08333338610827923,Stable,9.766666666666667,-0.8532428611769203
TP_hypo,45,-0.15353535353535352,0.1343118270583048,-0.19999997224658728,Stable,10.688888888888888,-1.8711016114545589
