parameter,non_na_n,tau,p.value,slope,trend,mean_value,percent_change
CHL_comp,79,0.018506493419408798,0.812602162361145,0.002692307692307703,Stable,4.643525316455696,0.057979821554255774
SPCD_epi,80,0.2938569188117981,1.1742115020751953e-4,0.18577205882352948,Worsening,57.636125,0.32231878673927067
PH_epi,80,0.005090752150863409,0.9502894878387451,0,Stable,6.7021749999999995,0
TP_epi,82,-0.0930095911026001,0.21883660554885864,-0.015000000000000036,Stable,9.17451219512195,-0.16349643099254338
TP_hypo,79,0.36224839091300964,2.384185791015625e-6,0.26808510638297867,Worsening,21.82164556962025,1.2285283688971766
SECCHI,80,-3.1741138081997633e-4,1,0,Stable,3.91934375,0
