parameter,non_na_n,tau,p.value,slope,trend,mean_value,percent_change
CHL_comp,31,0.2411196231842041,0.05917716026306152,0.06810535714285715,Stable,4.387679032258064,1.5521955148074627
SPCD_epi,31,0.019354840740561485,0.8918439149856567,0.01666666666666572,Stable,41.1258064516129,0.04052605433105634
PH_epi,30,0.15898658335208893,0.22490954399108887,0.00869565217391305,Stable,7.084,0.1227505953403875
TP_epi,31,0.33680617809295654,0.009857535362243652,0.15384615384615385,Worsening,16.125806451612902,0.9540369612384016
TP_hypo,9,NA,NA,NA,insufficient data,23.333333333333332,NA
SECCHI,32,0.4048999845981598,0.0013021230697631836,0.03013157894736844,Improving,3.168625,0.9509354671937651
