parameter,non_na_n,tau,p.value,slope,trend,mean_value,percent_change
CHL_comp,111,-0.21378207206726074,9.058271534740925e-4,-0.01267241379310344,Improving,3.3394513513513515,-0.3794759216353125
SPCD_epi,111,0.6881351470947266,0,0.637,Worsening,76.36828828828828,0.8341158539462634
PH_epi,110,0.005206707399338484,0.9382094144821167,0,Stable,6.538463636363637,0
TP_epi,111,0.013821391388773918,0.8342149257659912,0,Stable,8.30045045045045,0
TP_hypo,111,-0.02003762684762478,0.7595505714416504,0,Stable,14.494324324324324,0
SECCHI,110,0.09891830384731293,0.1303849220275879,0.0034482758620689533,Stable,4.933022727272728,0.06990188476134121
