parameter,non_na_n,MK,SEN,tau,p.value,slope,significant,slope_dir,trend,mean_value,percent_change
CHL_comp,35,,,-0.08571428805589676,0.47765976190567017,1,FALSE,NA,Stable,4.964273333333334,20.14393513115716
PH_epi,34,,,-0.28902775049209595,0.01698659546673298,1,TRUE,increasing,Improving,7.315,13.670539986329459
SECCHI,35,,,0.13548234105110168,0.2614017724990845,1,FALSE,NA,Stable,4.210880952380952,23.74799979644572
SPCD_epi,35,,,0.05382676050066948,0.659727931022644,1,FALSE,NA,Stable,82.381,1.213872130709751
TP_epi,35,,,-0.05447252094745636,0.6591044664382935,1,FALSE,NA,Stable,8.448571428571428,11.836320595197837
TP_hypo,35,,,0.41937658190727234,4.674196243286133e-4,1,TRUE,increasing,Worsening,16.185904761904762,6.178215025418941
