STATIONID,PARAMETER,n,tau,mk_p,sen_slope,sen_ci_lower,sen_ci_upper,TREND
NUTMAND,SPCD_epi,26,0.4707692307692308,8.071950066895082e-4,19.944000000000003,9.630434782608695,34.583333333333336,Worsening
NUTMAND,CHL_comp,26,-0.15408338784034142,0.280009304459619,-0.10142857142857142,-0.391875,0.13676000000000005,Stable
NUTMAND,PH_epi,25,0.3852644958493646,0.007706907212352629,0.013416666666666705,0.0050000000000000044,0.022857142857142878,Improving
NUTMAND,SECCHI_NVS,26,-0.1832377665584267,0.2003745164088596,-0.03125,-0.07454545454545453,0.019444444444444448,Stable
NUTMAND,TP_epi,26,-0.09034969405977518,0.5360686846239132,-0.05555555555555555,-0.36363636363636365,0.2,Stable
NUTMAND,TP_hypo,26,-0.2588600915717736,0.06726589928149135,-1.2583333333333329,-2.607142857142857,0.12142857142857062,Stable
