parameter,non_na_n,tau,p.value,slope,trend,mean_value,percent_change
CHL_comp,66,0.03499768301844597,0.6821370124816895,0.0037499999999999756,Worsening,3.417398484848485,0.1097325938612698
PH_epi,65,-0.027543239295482635,0.7511263489723206,-5.000000000000115e-4,Worsening,6.633553846153847,-0.007537437874118003
SECCHI,66,-0.03979436308145523,0.6419262886047363,-0.0031914893617021353,Worsening,4.430530303030303,-0.0720340262545837
SPCD_epi,65,-0.005774786230176687,0.9503404498100281,-0.003158263305322033,Improving,39.023384615384614,-0.008093258276927924
TP_epi,64,0.06696428571428571,NA,NA,Worsening,9.67640625,NA
TP_hypo,66,-0.035897435897435895,NA,NA,Improving,11.088030303030303,NA
