stationid,parameter,n,tau,mk_p,sen_slope,sen_ci_lower,sen_ci_upper,trend
ANGSDND,SECCHI,64,-0.2543679179544504,0.0031742393732383982,-0.017727272727272727,-0.026630434782608698,-0.006944444444444444,Worsening
ANGSDND,TP_epi,63,0.20909334922683215,0.016484110385013517,0.058333333333333424,0.007017543859649129,0.10606060606060606,Worsening
ANGSDND,SPCD_epi,63,0.3982561300810981,4.278447235809362e-6,1,0.625,1.390909090909092,Worsening
ANGSDND,PH_epi,63,0.21061099964566748,0.015478219614027408,0.004181818181818189,7.49999999999984e-4,0.007333333333333355,Improving
ANGSDND,TP_hypo,63,0.1519903365417759,0.08010949433151188,0.10416666666666667,-0.005555555555555635,0.2521739130434783,Stable
ANGSDND,CHL_comp,62,0.13174605018701316,0.13195737263697246,0.03203333333333334,-0.007297297297297297,0.07677777777777786,Stable
ANGSDND,Year,65,0.9835180182933572,4.121222659459556e-30,0.3333333333333333,0.3333333333333333,0.3392857142857143,Stable
