STATIONID,parameter,n,tau,mk_p,sen_slope,sen_ci_lower,sen_ci_upper,trend
LEEMOUD,SPCD_epi,35,0.6067226890756302,3.178968293201212e-7,1.0005263157894735,0.6769230769230767,1.3480000000000003,Worsening
LEEMOUD,CHL_comp,34,-0.1019684522820818,0.40620254492987173,-0.020588235294117626,-0.06166666666666668,0.04090909090909092,Stable
LEEMOUD,PH_epi,34,0.012544984175552526,0.9290724613822889,4.166666666666578e-4,-0.005789473684210496,0.0071999999999999885,Stable
LEEMOUD,SECCHI_NVS,35,-0.13073170990223226,0.2843368539211336,-0.007142857142857133,-0.03333333333333332,0.00833333333333334,Stable
LEEMOUD,TP_hypo,35,0.23330924082035295,0.05153821048038055,0.23235294117647054,0,0.4666666666666667,Stable
LEEMOUD,TP_epi,35,0.07502919284914039,0.5405649729337292,0.02580645161290319,-0.054545454545454515,0.12608695652173907,Stable
