parameter,non_na_n,MK,SEN,tau,p.value,slope,significant,slope_dir,trend,mean_value,percent_change
CHL_comp,38,,,-0.004267425276339054,0.9799402356147766,1,FALSE,NA,Stable,5.307602192982456,18.840899593458012
PH_epi,38,,,0.18531759083271027,0.10476899147033691,1,FALSE,NA,Stable,6.248662280701755,16.003425294536726
SECCHI,38,,,-0.19571609795093536,0.08714012056589127,1,FALSE,NA,Stable,2.7997697368421055,35.71722298591284
SPCD_epi,38,,,0.6273115277290344,0,1,TRUE,increasing,Worsening,78.21401315789474,1.2785432681752915
TP_epi,38,,,0.04734751954674721,0.687103271484375,1,FALSE,NA,Stable,11.063552631578947,9.0386879630840955
TP_hypo,38,,,0.14491210877895355,0.20813274383544922,1,FALSE,NA,Stable,14.801271929824562,6.7561761228438755
