STATIONID,parameter,n,tau,mk_p,sen_slope,sen_ci_lower,sen_ci_upper,trend
CHANBYD,SPCD_epi,40,0.3435897435897436,0.0018656469254423056,0.44416666666666677,0.19999999999999996,0.640909090909091,Worsening
CHANBYD,CHL_comp,40,0.25016041066777245,0.023793079956649515,0.046222222222222234,0.0071874999999999994,0.08630555555555557,Worsening
CHANBYD,PH_epi,39,0.24559384789126798,0.029345108174841875,0.006842105263157889,3.5714285714288127e-4,0.014166666666666735,Improving
CHANBYD,SECCHI_NVS,40,-0.45116740354513835,6.237790284936458e-5,-0.01666666666666668,-0.02749999999999999,-0.009166666666666668,Worsening
CHANBYD,TP_hypo,34,0.16767963115624393,0.17930928724403747,0.045454545454545456,-0.01750000000000001,0.14,Stable
CHANBYD,TP_epi,40,0.15946528371789265,0.16780064532729536,0.029437229437229435,0,0.08499999999999996,Stable
