parameter,non_na_n,tau,p.value,slope,trend,mean_value,percent_change
CHL_comp,141,-0.06732005625963211,0.23796021938323975,-0.003131061598951511,Stable,3.7856255319148935,-0.0827092265876524
SPCD_epi,140,0.18780921399593353,0.0010219812393188477,0.02596296296296299,Worsening,40.90635714285714,0.06346926193474677
PH_epi,141,-0.020720139145851135,0.7187027931213379,-1.492537313432804e-4,Stable,6.77758865248227,-0.002202165681574917
TP_epi,141,3.1167309498414397e-4,0.9971475601196289,0,Stable,8.498581560283688,0
TP_hypo,141,0.20649409294128418,3.6966800689697266e-4,0.029146440129449835,Worsening,12.792198581560283,0.22784543207032362
SECCHI,143,0.15674951672554016,0.0060662031173706055,0.004852941176470589,Improving,4.471237762237762,0.10853686237525853
