parameter,non_na_n,tau,p.value,slope,trend,mean_value,percent_change
CHL_comp,116,-4.503493837546557e-4,0.9961921572685242,0,Improving,3.5883706896551724,0
PH_epi,114,0.022495154291391373,0.7261029481887817,2.1978021978022485e-4,Improving,6.551850877192982,0.003354475306287581
SECCHI,116,0.06185956299304962,0.33094286918640137,0.0020000000000000018,Improving,5.793788793103448,0.0345197257169725
SPCD_epi,115,-0.0198853500187397,0.7551497220993042,-0.00309278350515461,Improving,49.03217391304348,-0.006307661395229045
TP_epi,113,0.03255372945638432,NA,NA,Worsening,6.481681415929204,NA
TP_hypo,112,-0.019305019305019305,NA,NA,Improving,13.935267857142858,NA
