parameter,non_na_n,tau,p.value,slope,trend,mean_value,percent_change
CHL_comp,70,-0.11966873706004141,0.1439328338838548,-0.0926446557044982,Stable,10.465434285714286,-0.8852442543255148
PH_epi,70,0.12215320910973085,0.13561457638586738,0.006249941289424514,Stable,6.643285714285715,0.09407906807296647
SECCHI,71,0.015694164989939637,0.8500998685022771,-5.308538696890133e-8,Stable,2.0408098591549297,-2.601192204690898e-6
SPCD_epi,70,0.47908902691511385,4.475817272364679e-9,2.249999964516612,Worsening,108.57042857142856,2.0723874761499497
TP_epi,70,0.10600414078674948,0.19523711881632666,0.072727276012301445,Stable,19.044285714285714,0.38188502894464793
TP_hypo,69,-0.1402387041773231,0.08896155420493357,-0.2249999614432454,Stable,26.340579710144926,-0.854195176868442
