parameter,non_na_n,tau,p.value,slope,trend,mean_value,percent_change
CHL_comp,31,0.040860217064619064,0.7596538066864014,0.01375000000000004,Stable,3.9374193548387098,0.3492135015566125
PH_epi,31,0.03695870563387871,0.7852824926376343,4.347826086956815e-4,Stable,6.502580645161291,0.006686308596867807
SECCHI,32,-0.040404126048088074,0.7579349875450134,-0.010569852941176487,Stable,3.63796875,-0.290542708514923
SPCD_epi,31,0,1,0,Stable,38.82032258064516,0
TP_epi,31,0.17419354838709677,0.17288486440071615,0.1428571791574368,Stable,8.840645161290322,1.6159135057580605
TP_hypo,31,0.2817204301075269,0.02681296815577694,0.1833333124965426,Worsening,10.456774193548387,1.753249224886729
