parameter,non_na_n,MK,SEN,tau,p.value,slope,significant,slope_dir,trend,mean_value,percent_change
CHL_comp,34,,,0.08035727590322495,0.5141309499740601,1.0740740740740742,FALSE,NA,Stable,4.644825,23.124102072178697
PH_epi,33,,,-0.011406926438212395,0.9382134675979614,1.0740740740740742,FALSE,NA,Stable,6.873909090909091,15.625375021246102
SECCHI,34,,,-0.3270547091960907,0.007229598704725504,1.0740740740740742,TRUE,increasing,Improving,3.7093382352941178,28.95594863402662
SPCD_epi,34,,,0.2997324764728546,0.013288021087646484,1.0740740740740742,TRUE,increasing,Worsening,43.47382352941177,2.470622519198065
TP_epi,33,,,-0.06130673363804817,0.6304197907447815,1.0740740740740742,FALSE,NA,Stable,8.100606060606061,13.259181671571316
TP_hypo,29,,,-0.05863342434167862,0.6777116060256958,1.0740740740740742,FALSE,NA,Stable,9.466206896551725,11.346403958964064
