parameter,non_na_n,MK,SEN,tau,p.value,slope,significant,slope_dir,trend,mean_value,percent_change
CHL_comp,39,,,-0.23616734147071838,0.03530386462807655,1,TRUE,increasing,Worsening,9.793168376068376,10.211199905882411
PH_epi,39,,,-0.15415853261947632,0.17154797911643982,1,FALSE,NA,Stable,6.891410256410256,14.510818000855766
SECCHI,39,,,-0.10319269448518753,0.3639034628868103,1,FALSE,NA,Stable,2.818536324786325,35.47940791842768
SPCD_epi,39,,,0.4655870497226715,3.159046173095703e-5,1,TRUE,increasing,Worsening,108.6454700854701,0.9204249373796367
TP_epi,39,,,0.009498104453086853,0.9420998096466064,1,FALSE,NA,Stable,11.026666666666666,9.068923821039904
TP_hypo,39,,,0.002704535610973835,0.9903457164764404,1,FALSE,NA,Stable,13.967435897435898,7.159510216070346
