parameter,non_na_n,MK,SEN,tau,p.value,slope,significant,slope_dir,trend,mean_value,percent_change
CHL_comp,17,,,-0.029411768540740013,0.90164947509765625,1,FALSE,NA,Stable,4.379333333333333,22.83452580301416
PH_epi,17,,,0.3970588743686676,0.02902042865753174,1,TRUE,increasing,Improving,6.592254901960785,15.169316339733196
SECCHI,17,,,-0.09594161808490753,0.6207897067070007,1,FALSE,NA,Stable,4.3525,22.975301550832857
SPCD_epi,17,,,0.3970588743686676,0.02902042865753174,1,TRUE,increasing,Worsening,52.5364705882353,1.903439627373701
TP_epi,17,,,0.2878248691558838,0.11719655990600586,1,FALSE,NA,Stable,7.984019607843138,12.525019340103391
TP_hypo,17,,,0.4852941632270813,0.007416963577270508,1,TRUE,increasing,Worsening,17.111176470588237,5.844133521262332
