STATIONID,parameter,n,tau,mk_p,sen_slope,sen_ci_lower,sen_ci_upper,trend
SUNSUN3D,SPCD_epi,40,0.6717948717948717,1.1047449693799112e-9,0.8923273657289004,0.7406250000000005,1.047666666666667,Worsening
SUNSUN3D,CHL_comp,39,-0.33648679372438584,0.002695690666741726,-0.014583333333333337,-0.022857142857142854,-0.0062500000000000056,Improving
SUNSUN3D,PH_epi,40,0.239075340090718,0.031073949795241952,0.00566239316239316,5.263157894737198e-4,0.01000000000000002,Improving
SUNSUN3D,SECCHI,40,0.16300797748281143,0.1447959298403181,0.02071078431372553,-0.003888888888888905,0.03937499999999999,Stable
SUNSUN3D,TP_hypo,40,0.09393138843442107,0.41758114994959816,0.013602941176470588,-0.029411764705882353,0.07692307692307693,Stable
SUNSUN3D,TP_epi,37,0.05897539645247693,0.632715077753351,0,-0.022727272727272728,0.0625,Stable
