parameter,non_na_n,tau,p.value,slope,significant,slope_dir,trend,mean_value,percent_change
CHL_comp,18,-0.1111111119389534,0.5444860458374023,-0.025,FALSE,decreasing,Improving (weak),3.1017027777777777,-0.8060088858001833
PH_epi,18,0.04575163498520851,0.8202167749404907,0.005714285714285593,FALSE,increasing,Improving (weak),6.835,0.08360330233044028
SECCHI,17,0.31586983799934387,0.08922410011291504,0.02482142857142855,FALSE,increasing,Improving (weak),3.3529411764705883,0.7402882205513778
SPCD_epi,18,-0.006535947788506746,1,-0.02428571428571453,FALSE,decreasing,Improving (weak),41.274166666666666,-0.05883998696290544
TP_epi,18,-0.05882352963089943,0.7618733644485474,-0.055000000000000014,FALSE,decreasing,Improving (weak),7.501666666666667,-0.7331704065763165
TP_hypo,0,NA,NA,NA,FALSE,NA,Stable,NA,NA
