parameter,non_na_n,tau,p.value,slope,significant,slope_dir,trend,mean_value,percent_change
CHL_comp,110,-0.05634525045752525,0.38538336753845215,-0.001910112359550561,FALSE,NA,Stable,2.005311818181818,-0.09525263563660774
PH_epi,111,0.07846527546644211,0.22594380378723145,8.108108108108175e-4,FALSE,NA,Stable,6.94036036036036,0.011682546275863957
SECCHI,106,0.051527827978134155,0.44484877586364746,6.250000000000089e-4,FALSE,NA,Stable,7.76502358490566,0.008048913092999991
SPCD_epi,111,-0.13330060243606567,0.03851081430912018,-0.0926666666666667,TRUE,decreasing,Improving,87.8463063063063,-0.105487265843088
TP_epi,111,-0.0012125471839681268,0.9876419305801392,0,FALSE,NA,Stable,6.101576576576576,0
TP_hypo,111,0.04112742468714714,0.5286340713500977,0.0032258064516129206,FALSE,NA,Stable,7.970405405405406,0.04047230081201677
