parameter,non_na_n,tau,p.value,slope,trend,mean_value,percent_change
CHL_comp,179,-0.11732408404350281,0.022724663838744164,-0.0018518518518518534,Improving,1.8006703910614525,-0.10284235588281267
PH_epi,9,NA,NA,NA,insufficient data,6.921111111111111,NA
SECCHI,171,0.08358707278966904,0.11195087432861328,0.0016949152542372896,Stable,6.887134502923977,0.024609875900023476
SPCD_epi,9,NA,NA,NA,insufficient data,44.67777777777778,NA
TP_epi,12,0.3181818181818182,0.12294080811881347,0.3278784179687501,Stable,8,4.098480224609377
TP_hypo,8,NA,NA,NA,insufficient data,9.25,NA
