STATIONID,parameter,n,tau,mk_p,sen_slope,sen_ci_lower,sen_ci_upper,trend
POORIND,SPCD_epi,31,0.49677419354838714,9.261151253340837e-5,2.625,1.3687500000000004,3.8631578947368426,Worsening
POORIND,CHL_comp,31,0.036559139784946244,0.7856661000859302,0.013124999999999979,-0.08607142857142858,0.09190909090909093,Stable
POORIND,PH_epi,32,0.17224131852922334,0.17282007069700916,0.005277777777777838,-0.0021052631578947385,0.012916666666666687,Stable
POORIND,SECCHI_NVS,32,-0.2863279067632193,0.023893082954041543,-0.020833333333333332,-0.03928571428571427,-0.0017857142857142794,Worsening
POORIND,TP_hypo,17,0.23225046480348946,0.21458554208081415,0.2,-0.16666666666666666,0.5714285714285714,Stable
POORIND,TP_epi,32,0.307418360523728,0.015363336734456074,0.16049783549783547,0.03387096774193551,0.30833333333333335,Worsening
