STATIONID,PARAMETER,n,tau,mk_p,sen_slope,sen_ci_lower,sen_ci_upper,TREND
SUNSUN1001,SPCD_epi,23,0.21739130434782608,0.15382082239203035,0.43333333333333396,-0.1264705882352936,1.0730769230769233,Stable
SUNSUN1001,CHL_comp,22,-0.2844809221875645,0.07049032681089777,-0.02499999999999998,-0.05833333333333333,3.1249999999999334e-4,Stable
SUNSUN1001,PH_epi,23,0.3201581027667984,0.03461476349250276,0.011249999999999982,0.0012499999999999734,0.023999999999999962,Improving
SUNSUN1001,SECCHI,22,-0.29965967090575757,0.06282381728097307,-0.04062500000000002,-0.1,0,Stable
SUNSUN1001,TP_epi,23,0.07539741904223252,0.634273762611969,0.1111111111111111,-0.6666666666666666,1.0555555555555556,Stable
