stationid,parameter,n,tau,mk_p,sen_slope,sen_ci_lower,sen_ci_upper,trend
SUNALTD,SECCHI,47,-0.049372420625068414,0.6332067406094575,-0.006296296296296294,-0.03263888888888891,0.020000000000000018,Stable
SUNALTD,TP_epi,46,0.004158350160878511,0.976832596153532,0,-0.04705882352941176,0.01499999999999999,Stable
SUNALTD,SPCD_epi,45,0.25469570446507334,0.01441348013179856,0.08333333333333333,0.015714285714285632,0.1586666666666666,Worsening
SUNALTD,PH_epi,46,-9.718338193906731e-4,1,0,-0.004666666666666656,0.0050000000000001155,Stable
SUNALTD,TP_hypo,47,-0.08938252377452253,0.3875150175646413,-0.00909090909090906,-0.05947368421052631,0.02,Stable
SUNALTD,CHL_comp,46,-0.22093116605104446,0.03156209767145613,-0.029873913043478244,-0.05800000000000005,-0.00289473684210526,Improving
SUNALTD,Year,48,0.9937749506212508,4.2304851607203204e-23,0.6666666666666666,0.6153846153846154,0.7,Stable
