STATIONID,PARAMETER,n,tau,mk_p,sen_slope,sen_ci_lower,sen_ci_upper,TREND
SUNSUN060,SPCD_epi,31,0.7075268817204302,2.4777915364114934e-8,1.2916666666666667,1.0264705882352942,1.5329545454545452,Worsening
SUNSUN060,CHL_comp,30,-0.3682395993965004,0.0045514585636366916,-0.02999999999999999,-0.04642857142857142,-0.011333333333333329,Improving
SUNSUN060,PH_epi,31,0.21790836872749178,0.08905972322685893,0.007826086956521728,-0.0012500000000001954,0.014999999999999977,Stable
SUNSUN060,SECCHI,30,-0.49739988433476573,1.8730885050145292e-4,-0.10000000000000009,-0.13333333333333333,-0.06375000000000001,Worsening
SUNSUN060,TP_epi,30,0.38351018535931786,0.00565258653293943,0.18,0,0.28125,Worsening
