STATIONID,PARAMETER,n,tau,mk_p,sen_slope,sen_ci_lower,sen_ci_upper,TREND
PLEDEED,SPCD_epi,37,0.4024024024024024,4.7930827545500013e-4,0.5605357142857144,0.30357142857142855,0.8833333333333329,Worsening
PLEDEED,CHL_comp,37,0.10985731525796787,0.3462330058070151,0.012049689440993789,-0.016249999999999987,0.037800000000000014,Stable
PLEDEED,PH_epi,37,0.398797103333719,5.529297326943424e-4,0.01352419354838713,0.005999999999999999,0.021346153846153834,Improving
PLEDEED,SECCHI_NVS,37,-0.07891188745485188,0.5041734181382509,-0.008333333333333328,-0.0363636363636364,0.017857142857142856,Stable
PLEDEED,TP_epi,37,-0.029011585995063056,0.8202373615907013,0,-0.02600000000000001,0.014000000000000012,Stable
PLEDEED,TP_hypo,37,-0.07284174226601711,0.5380286026715033,-0.013843167701863373,-0.10312500000000002,0.05,Stable
