parameter,non_na_n,tau,p.value,slope,trend,mean_value,percent_change
CHL_comp,74,-0.03297518566250801,0.6812993288040161,-0.003620689655172413,Stable,4.954818918918919,-0.07307410652985888
SPCD_epi,75,-0.31858494877815247,5.56384984520264e-5,-0.08409090909090908,Improving,27.838266666666666,-0.3020694862140929
PH_epi,75,0.09694409370422363,0.22185075283050537,0.0024137931034482855,Stable,6.329106666666667,0.03813797476602731
TP_epi,75,0.03261731192469597,0.6867623329162598,0,Stable,11.2256,0
TP_hypo,76,0.10336238145828247,0.19560003280639648,0.027991452991452986,Stable,15.085526315789474,0.18555171629746417
SECCHI,75,-0.12872694432735443,0.10951460152864456,-0.00357142857142858,Stable,2.915966666666667,-0.12247837440169343
