stationid,parameter,n,tau,mk_p,sen_slope,sen_ci_lower,sen_ci_upper,trend
FORDALD,SECCHI,35,-0.31160938710174035,0.009284436702251238,-0.025735294117647058,-0.04833333333333334,-0.008333333333333333,Worsening
FORDALD,TP_epi,34,-0.07602709736958788,0.5423558228780425,-0.017894736842105255,-0.125,0.06199999999999998,Stable
FORDALD,SPCD_epi,35,0.28427259843796926,0.01702899019580364,0.15529411764705886,0.026250000000000107,0.2944,Worsening
FORDALD,PH_epi,34,-0.01432422587176799,0.9172996729371683,-5.555555555555931e-4,-0.011363636363636364,0.009000000000000015,Stable
FORDALD,TP_hypo,29,-0.058633418322048325,0.6777116593282837,0,-0.16666666666666666,0.14285714285714285,Stable
FORDALD,CHL_comp,35,0.06902366683631452,0.5699182615909442,0.016538461538461526,-0.04999999999999999,0.08333333333333333,Stable
FORDALD,Year,36,0.9984114366459335,1.320492028889366e-17,1,1,1,Stable
