parameter,non_na_n,MK,SEN,tau,p.value,slope,significant,slope_dir,trend,mean_value,percent_change
CHL_comp,38,,,0.21921713650226593,0.0543980598449707,1,FALSE,NA,Stable,4.736623684210526,21.11208461279048
PH_epi,37,,,0.1039947047829628,0.3735758066177368,1,FALSE,NA,Stable,7.368648648648649,13.571009389671362
SECCHI,38,,,-0.29857417941093445,0.008887934498488903,1,TRUE,increasing,Improving,3.6311513157894737,27.53947475699131
SPCD_epi,37,,,0.6506388187408447,0,1,TRUE,increasing,Worsening,333.2549174174174,0.3000705909306818
TP_epi,37,,,0.617756724357605,1.1920928955078125e-7,1,TRUE,increasing,Worsening,11.185624195624197,8.940046460627551
TP_hypo,37,,,0.6123743057250977,1.1920928955078125e-7,1,TRUE,increasing,Worsening,37.33790218790219,2.6782436650230683
