parameter,non_na_n,tau,p.value,slope,trend,mean_value,percent_change
CHL_comp,44,0.05285412445664406,0.6201775074005127,0.015553240740740739,Stable,8.678697727272727,0.1792116885447551
SPCD_epi,44,0.2008456587791443,0.05592811107635498,0.41876430205949666,Stable,58.43784090909091,0.7165978337751205
PH_epi,44,0.1453590989112854,0.16881155967712402,0.00394444444444441,Stable,6.665909090909091,0.05917339091563384
TP_epi,42,0.04784182831645012,0.66448211669921875,0.05000000000000071,Stable,27.43809523809524,0.1822283929191279
TP_hypo,0,NA,NA,NA,insufficient data,NA,NA
SECCHI,45,0.17754939198493958,0.09178972244262695,0.01249999999999997,Stable,1.7852222222222223,0.7001929420551423
