parameter,non_na_n,tau,p.value,slope,trend,mean_value,percent_change
CHL_comp,107,-0.01906275562942028,0.7733060717582703,-0.0014285714285714615,Improving,4.302860280373832,-0.03320050699966831
PH_epi,106,-0.06249517574906349,0.34614723920822144,-7.407407407407414e-4,Worsening,6.447396226415094,-0.01148899051226158
SECCHI,107,0.09374187141656876,0.1611952781677246,0.002380952380952383,Improving,3.720210280373832,0.06400047850825058
SPCD_epi,106,0.09927963465452194,0.13317859172821045,0.017241379310344827,Worsening,33.41297169811321,0.05160085569796363
TP_epi,105,0.04139194139194139,NA,NA,Worsening,8.865904761904762,NA
TP_hypo,105,0.0924908424908425,NA,NA,Worsening,9.645619047619048,NA
