STATIONID,PARAMETER,n,tau,mk_p,sen_slope,sen_ci_lower,sen_ci_upper,TREND
WINMBELD,SPCD_epi,32,0.7285573840434596,5.261257974749308e-9,1.4919855072463766,1.0977272727272729,1.7593749999999995,Worsening
WINMBELD,CHL_comp,32,-0.2707076231158031,0.030977962649610457,-0.030091304347826087,-0.06666666666666665,-0.003333333333333336,Improving
WINMBELD,PH_epi,31,0.16667018058000693,0.19606342678905267,0.0033333333333332624,-0.002499999999999991,0.008333333333333378,Stable
WINMBELD,SECCHI_NVS,32,-0.2979815238171493,0.018476227808996,-0.026112440191387566,-0.05999999999999996,-0.0027777777777777514,Worsening
WINMBELD,TP_epi,31,-0.11236778925104177,0.3932289996884089,-0.01555555555555552,-0.09208333333333334,0.033611111111111085,Stable
WINMBELD,TP_hypo,32,0.04868244293546271,0.7089208623713019,0.07679487179487175,-0.44374999999999987,0.6478260869565219,Stable
