stationid,parameter,n,tau,mk_p,sen_slope,sen_ci_lower,sen_ci_upper,trend
HIGANDD,SECCHI,143,0.15814549614200263,0.005629148059704837,0.004819277108433728,0.0013513513513513545,0.00819672131147541,Improving
HIGANDD,TP_epi,141,0.002897090681364267,0.9615360269539425,0,-0.00714285714285715,0.010153846153846156,Stable
HIGANDD,SPCD_epi,140,0.2009888130741093,4.3972628903880167e-4,0.027725022502250198,0.0126126126126126,0.043571428571428615,Worsening
HIGANDD,PH_epi,141,-0.017862188466294133,0.7563592367617251,-1.0990338164251466e-4,-0.0010958904109589051,7.272727272727279e-4,Stable
HIGANDD,TP_hypo,141,0.21277649816821076,2.4125559106572033e-4,0.030303030303030304,0.013333333333333326,0.047619047619047616,Worsening
HIGANDD,CHL_comp,141,-0.07016313617234152,0.218691761478098,-0.0032709790209790217,-0.00923076923076923,0.002068965517241381,Stable
HIGANDD,Year,145,0.9894075010151956,2.1213157808157553e-68,0.25,0.24806201550387597,0.2518518518518518,Stable
