parameter,non_na_n,tau,p.value,slope,significant,slope_dir,trend,mean_value,percent_change
CHL_comp,88,-0.13863469660282135,0.056559789925813675,-0.00999999999999996,FALSE,NA,Stable,3.5784823863636364,-0.2794480710064835
PH_epi,87,0.022070229053497314,0.7664052248001099,1.9607843137254484e-4,FALSE,NA,Stable,6.868045977011494,0.0028549376639127396
SECCHI,86,-0.08694671839475632,0.2472158670425415,-0.002777777777777768,FALSE,NA,Stable,4.677093023255814,-0.059391116746361036
SPCD_epi,87,0.12424707412719727,0.08959329128265381,0.037058823529411776,FALSE,NA,Stable,43.40563218390805,0.08537791448905736
TP_epi,87,-0.07575606554746628,0.31724339723587036,0,FALSE,NA,Stable,6.691034482758621,0
TP_hypo,87,-0.05758684501051903,0.4366335868835449,-0.02121212121212119,FALSE,NA,Stable,16.825172413793105,-0.12607372269618888
