STATIONID,PARAMETER,n,tau,mk_p,sen_slope,sen_ci_lower,sen_ci_upper,TREND
CHAWLMD,SPCD_epi,36,0.25437234054673463,0.03030170637558761,0.46366666666666695,0.08333333333333333,0.8934999999999995,Worsening
CHAWLMD,CHL_comp,35,-0.1715728108915554,0.15143268074660282,-0.06642857142857143,-0.1342307692307692,0.011250000000000038,Stable
CHAWLMD,PH_epi,35,0.1521582005350128,0.205935651443675,0.0045454545454545565,-0.002499999999999991,0.011666666666666714,Stable
CHAWLMD,SECCHI_NVS,36,0,1,0,-0.013636363636363648,0.01499999999999999,Stable
CHAWLMD,TP_epi,36,0.024059045989203883,0.8485581735413824,0.01036866359447001,-0.07777777777777789,0.09999999999999999,Stable
CHAWLMD,TP_hypo,23,-0.10640378718595453,0.5053506586226746,-0.042857142857142705,-0.2222222222222222,0.15384615384615385,Stable
