parameter,non_na_n,tau,p.value,slope,trend,mean_value,percent_change
CHL_comp,118,-0.06410911679267883,0.30499643087387085,-0.003030303030303033,Stable,3.2635381355932203,-0.09285330535143903
PH_epi,119,0.03281331807374954,0.6003968715667725,3.5087719298246425e-4,Stable,6.574008403361344,0.005337340195717698
SECCHI,121,0.034846626222133636,0.5778989791870117,5.883167220376501e-4,Stable,4.997971074380165,0.011771110982482258
SPCD_epi,119,0.014403890818357468,0.8183331489562988,0.0027777777777778173,Stable,39.51806722689076,0.007029133691760183
TP_epi,119,0.11081042586526135,0.07275568330676196,0.013043498671614175,Stable,7.095210084033614,0.18383527079721043
TP_hypo,121,0.006198347107438017,0.9212910920851194,5.494803190231323e-8,Stable,11.152396694214875,4.927015547323261e-7
