parameter,non_na_n,MK,SEN,tau,p.value,slope,significant,slope_dir,trend,mean_value,percent_change
CHL_comp,38,,,0.2830725610256195,0.012801766395568848,1,TRUE,increasing,Worsening,5.503615864661654,18.16987276348505
PH_epi,38,,,0.09679717570543289,0.3995729684829712,1,FALSE,NA,Stable,6.61549298245614,15.116031453013939
SECCHI,38,,,0.08540927618741989,0.4582078456878662,1,FALSE,NA,Stable,3.4558026315789476,28.936837736682392
SPCD_epi,38,,,0.11522048711776733,0.31453466415405273,1,FALSE,NA,Stable,45.19190350877193,2.2127857477963855
TP_epi,38,,,0.3968619108200073,4.940032958984375e-4,1,TRUE,increasing,Worsening,14.227280701754387,7.028750053948738
TP_hypo,38,,,0.3655760884284973,0.0012890100479125977,1,TRUE,increasing,Worsening,52.03236842105263,1.9218806107534279
