parameter,non_na_n,tau,p.value,slope,trend,mean_value,percent_change
CHL_comp,28,-0.1428571343421936,0.2950555086135864,-0.04464285714285717,Stable,4.249575,-1.0505252205892865
SPCD_epi,28,-0.25232604146003723,0.06314045190811157,-0.06788888888888885,Stable,23.203214285714285,-0.29258398449858974
PH_epi,28,0.12516921758651733,0.36298704147338867,0.00433035714285717,Stable,6.545535714285714,0.06615741372254849
TP_epi,28,-0.037435296922922134,0.7969442009925842,-0.03128205128205127,Stable,11.314642857142857,-0.2764740493978838
TP_hypo,3,NA,NA,NA,insufficient data,10,NA
SECCHI,28,0.10706933587789536,0.44915294647216797,0.0024404761904761817,Stable,2.7000892857142857,0.09038501813211612
