STATIONID,parameter,n,tau,mk_p,sen_slope,sen_ci_lower,sen_ci_upper,trend
HAUFRSD,SPCD_epi,22,0.021645021645021644,0.9101956836196836,0.016666666666660983,-0.6200000000000017,0.6833333333333336,Stable
HAUFRSD,CHL_comp,22,-0.012987012987012988,0.9550264552939917,-0.006031249999999988,-0.1870000000000001,0.22566666666666665,Stable
HAUFRSD,PH_epi,22,0.25162749005459706,0.10785240029751969,0.01071428571428574,-0.004999999999999893,0.02772727272727278,Stable
HAUFRSD,SECCHI_NVS,22,-0.248371318167601,0.11388471586146946,-0.038095238095238106,-0.0714285714285714,0.006249999999999978,Stable
HAUFRSD,TP_hypo,22,0.45316872086720184,0.003639147104186132,0.6041666666666666,0.20624999999999982,0.9222222222222223,Worsening
HAUFRSD,TP_epi,22,0.03930280900663612,0.8212457303188256,0.0117647058823529,-0.19000000000000003,0.21111111111111094,Stable
