parameter,non_na_n,MK,SEN,tau,p.value,slope,significant,slope_dir,trend,mean_value,percent_change
CHL_comp,32,,,-0.012096773833036423,0.9353765249252319,1,FALSE,NA,Stable,5.547964583333333,18.02462840163228
PH_epi,32,,,0.29495012760162354,0.018672585487365723,1,TRUE,increasing,Improving,6.176203125,16.19117732628005
SECCHI,32,,,0.19172562658786774,0.127372145652771,1,FALSE,NA,Stable,2.5142265625,39.773662998996336
SPCD_epi,32,,,-0.12903225421905518,0.30695295333862305,1,FALSE,NA,Stable,28.853479166666666,3.4657865494268094
TP_epi,32,,,-0.11979998648166656,0.3464043140411377,1,FALSE,NA,Stable,11.627656250000001,8.600185441498581
TP_hypo,18,,,-0.1764705926179886,0.324712336063385,1,FALSE,NA,Stable,11.731481481481483,8.524072612470402
