parameter,non_na_n,MK,SEN,tau,p.value,slope,significant,slope_dir,trend,mean_value,percent_change
CHL_comp,15,,,0.3523809313774109,0.07482457160949707,1,FALSE,NA,Stable,4.431234444444445,22.567074988634968
PH_epi,15,,,0.12380951642990112,0.5526151657104492,1,FALSE,NA,Stable,7.086666666666667,14.111006585136407
SECCHI,15,,,0.46666663885116577,0.01753067970275879,1,TRUE,increasing,Improving,3.183866666666667,31.408350433435235
SPCD_epi,15,,,0.0476190447807312,0.8430852890014648,1,FALSE,NA,Stable,40.98111111111111,2.4401485779356342
TP_epi,15,,,0.4976133108139038,0.011506080627441406,1,TRUE,increasing,Worsening,16.254444444444445,6.152163510834644
TP_hypo,8,,,NA,NA,NA,FALSE,NA,Stable,23.875,NA
