parameter,non_na_n,tau,p.value,slope,significant,slope_dir,trend,mean_value,percent_change
CHL_comp,97,0.05249577388167381,0.4488027095794678,0.0022629629629629614,FALSE,increasing,Worsening (weak),2.2665845360824743,0.09984021892579517
PH_epi,100,0.05242927744984627,0.4438953399658203,5.985074626865699e-4,FALSE,increasing,Improving (weak),6.59078,0.009080980744108739
SECCHI,97,-0.15156124532222748,0.02842876873910427,-0.008443752193752197,TRUE,decreasing,Worsening (significant),4.203505154639175,-0.20087407730268383
SPCD_epi,100,-0.07705534994602203,0.2577424645423889,-0.025543735224586264,FALSE,decreasing,Improving (weak),44.4643,-0.057447739477707434
TP_epi,101,0.044525835663080215,0.5144815444946289,0.0030690737833595026,FALSE,increasing,Worsening (weak),7.077227722772277,0.043365480150994645
TP_hypo,99,-0.025815770030021667,0.7096879482269287,-6.896551724137784e-4,FALSE,decreasing,Improving (weak),7.415454545454545,-0.00930024138353753
