parameter,non_na_n,tau,p.value,slope,trend,mean_value,percent_change
CHL_comp,165,0.0455925278365612,0.38613438606262207,0.003854497354497353,Stable,5.526773313131313,0.06974227340461525
PH_epi,170,-0.003988297190517187,0.9398336410522461,0,Stable,6.909323529411765,0
SECCHI,176,-0.036630768328905106,0.4757412075996399,-6.557447540419669e-4,Stable,3.525333806818182,-0.018600926606544943
SPCD_epi,169,-0.14869628846645355,0.0041399504989385605,-0.17336391437308873,Improving,162.51082840236685,-0.10667837711333937
TP_epi,168,-0.11441402908468777,0.026486203698503852,-0.03333335928618908,Improving,8.601071428571428,-0.3875489183296492
TP_hypo,160,0.035455974842767295,0.5058396711791371,4.7497451305389404e-8,Stable,15.3366875,3.0969824028421655e-7
