parameter,non_na_n,MK,SEN,tau,p.value,slope,significant,slope_dir,trend,mean_value,percent_change
CHL_comp,39,,,-0.20917679369449615,0.06247374042868614,1,FALSE,NA,Stable,2.411952136752137,41.460192545386505
PH_epi,39,,,0.1539500653743744,0.17161071300506592,1,FALSE,NA,Stable,6.874594017094017,14.546313535220417
SECCHI,39,,,0.36179161071777344,0.0012848377227783203,1,TRUE,increasing,Improving,5.298293803418804,18.874000519841594
SPCD_epi,39,,,0.2959462106227875,0.008351802825927734,1,TRUE,increasing,Worsening,93.22149572649573,1.0727139617389518
TP_epi,39,,,-0.14684298634529114,0.19513574242591858,1,FALSE,NA,Stable,6.833119658119658,14.634603958847995
TP_hypo,39,,,-0.03709382563829422,0.7523899078369141,1,FALSE,NA,Stable,6.815790598290598,14.671812250963228
