parameter,non_na_n,MK,SEN,tau,p.value,slope,significant,slope_dir,trend,mean_value,percent_change
CHL_comp,37,,,-0.17280244827270508,0.13593000173568726,1,FALSE,NA,Stable,1.9427175675675676,51.47428615946873
PH_epi,37,,,0.07373983412981033,0.5300383567810059,1,FALSE,NA,Stable,6.989292792792793,14.30759920418813
SECCHI,37,,,-0.039156801998615265,0.743590235710144,1,FALSE,NA,Stable,8.645315315315315,11.566958098433771
SPCD_epi,37,,,0.5945945978164673,2.384185791015625e-7,1,TRUE,increasing,Worsening,122.89306306306307,0.8137155792811885
TP_epi,37,,,0.019652757793664932,0.8751775026321411,1,FALSE,NA,Stable,6.0292162162162155,16.58590377486205
TP_hypo,37,,,0.2870023250579834,0.012947916984558105,1,TRUE,increasing,Worsening,18.53363063063063,5.395596901274674
