stationid,parameter,n,tau,mk_p,sen_slope,sen_ci_lower,sen_ci_upper,trend
GOVRAYD,SECCHI,71,-0.04046258251491905,0.6259767765466953,-3.921568627450984e-4,-0.004342105263157895,0.00235294117647059,Stable
GOVRAYD,TP_epi,74,-0.13351089553561368,0.095536233227242,-0.057142857142857155,-0.11607142857142858,0.007462686567164179,Stable
GOVRAYD,SPCD_epi,74,0.3883746760459089,1.004578505767057e-6,0.6624999999999979,0.4222222222222223,0.9275862068965519,Worsening
GOVRAYD,PH_epi,74,0.08844356868349182,0.2686046866327652,0.0014583333333333208,-0.0011363636363636122,0.004067796610169495,Stable
GOVRAYD,TP_hypo,32,-0.12898142567232787,0.3135252549707875,-0.15833333333333333,-0.4782608695652174,0.2,Stable
GOVRAYD,CHL_comp,75,-0.21280441473787223,0.007051567165550373,-0.042325581395348845,-0.07,-0.012666666666666678,Improving
GOVRAYD,Year,75,0.9889479349379411,2.049476549193342e-35,0.5151515151515151,0.5,0.5263157894736842,Stable
