parameter,non_na_n,MK,SEN,tau,p.value,slope,significant,slope_dir,trend,mean_value,percent_change
CHL_comp,23,,,0.10297050327062607,0.508938193321228,1,FALSE,NA,Stable,7.003121739130434,14.279346229445503
PH_epi,23,,,0.16633696854114532,0.2787168025970459,1,FALSE,NA,Stable,6.625072463768116,15.094174523658479
SECCHI,23,,,-0.32475313544273376,0.03235530108213425,1,TRUE,increasing,Improving,2.6292028985507248,38.03434115150346
SPCD_epi,23,,,0.06719367951154709,0.6726109981536865,1,FALSE,NA,Stable,126.13739130434783,0.7927863337423652
TP_epi,23,,,0.2495379000902176,0.10590517520904541,1,FALSE,NA,Stable,11.24,8.896797153024911
TP_hypo,23,,,0.5847963094711304,1.329183578491211e-4,1,TRUE,increasing,Worsening,14.535507246376811,6.879704870631636
