stationid,parameter,n,tau,mk_p,sen_slope,sen_ci_lower,sen_ci_upper,trend
PLEFRSD,SECCHI,75,-0.319978184161497,5.522686477238439e-5,-0.013235294117647064,-0.01964705882352939,-0.007096774193548394,Worsening
PLEFRSD,TP_epi,75,0.20513702772262776,0.00994367363096228,0.022162162162162168,0.005777777777777773,0.038461538461538464,Worsening
PLEFRSD,SPCD_epi,75,0.15820885216256714,0.045579628847791896,0.04018518518518515,0,0.08189655172413793,Worsening
PLEFRSD,PH_epi,75,0.16537051067212846,0.037323213114410225,0.0028846153846153744,0,0.005384615384615372,Improving
PLEFRSD,TP_hypo,75,0.3211532824393206,5.4778188919971026e-5,0.10208333333333335,0.0546875,0.14594594594594595,Worsening
PLEFRSD,CHL_comp,75,0.17929303429300356,0.023268848212645202,0.01862745098039216,0.0025000000000000577,0.031212162162162167,Worsening
PLEFRSD,Year,77,0.9864079701254442,5.137839387394148e-36,0.3333333333333333,0.3333333333333333,0.3333333333333333,Stable
