parameter,non_na_n,tau,p.value,slope,trend,mean_value,percent_change
CHL_comp,165,-0.2822887897491455,7.734144702453705e-8,-0.020905673274094323,Improving,5.526773313131313,-0.37826181914180523
SPCD_epi,169,0.6036646366119385,0,0.6256205128205128,Worsening,162.51082840236685,0.38497158556814115
PH_epi,170,-0.0868329256772995,0.09465859085321426,-6.57894736842103e-4,Stable,6.909323529411765,-0.00952184007655108
TP_epi,168,-0.12747882306575775,0.01987363211810589,-0.006514727102962397,Improving,8.601071428571428,-0.07574320428640416
TP_hypo,160,0.031906839460134506,0.5583963394165039,0,Stable,15.3366875,0
SECCHI,176,0.16411635279655457,0.0013759136199951172,0.0038888888888888866,Improving,3.525333806818182,0.11031264277350332
