STATIONID,parameter,n,tau,mk_p,sen_slope,sen_ci_lower,sen_ci_upper,trend
SPOCHED,SPCD_epi,37,0.5975975975975976,2.0769428376922207e-7,1.0514662756598239,0.7099999999999999,1.3741666666666659,Worsening
SPOCHED,CHL_comp,37,-0.1808603644795333,0.11943683897173049,-0.009807692307692312,-0.025555555555555554,0.0046666666666666705,Stable
SPOCHED,PH_epi,36,0.11520368657695663,0.3329335956691091,0.0028869047619047824,-0.0033333333333332624,0.008571428571428643,Stable
SPOCHED,SECCHI_NVS,37,-0.20334986382596446,0.08149519309941838,-0.020416666666666722,-0.05526315789473688,0.0034482758620689533,Stable
SPOCHED,TP_hypo,37,0.20408635496126945,0.07937543831271418,0.17846153846153837,-0.02142857142857148,0.375,Stable
SPOCHED,TP_epi,37,0.10560463051122004,0.37218036697888923,0.016007905138339936,-0.033333333333333215,0.07000000000000002,Stable
