STATIONID,parameter,n,tau,mk_p,sen_slope,sen_ci_lower,sen_ci_upper,trend
SUNLNWLD,SPCD_epi,26,-0.11384615384615385,0.4274889995990475,-0.32999999999999974,-1.077272727272728,0.4105263157894735,Stable
SUNLNWLD,CHL_comp,27,0.11111111111111113,0.42825422524103646,0.024545454545454547,-0.05055555555555556,0.06374999999999997,Stable
SUNLNWLD,PH_epi,26,0.03471137080456043,0.8243114949259288,0,-0.009999999999999964,0.011176470588235317,Stable
SUNLNWLD,SECCHI_NVS,28,-0.4480143366881647,9.499896732277856e-4,-0.07752403846153846,-0.10928571428571424,-0.03333333333333336,Worsening
SUNLNWLD,TP_hypo,26,-0.0465858728538373,0.7572586528111742,-0.046666666666666634,-0.18181818181818182,0.1,Stable
SUNLNWLD,TP_epi,23,0.1059557692500353,0.5060543494245291,0.040000000000000036,-0.0625,0.13333333333333333,Stable
