parameter,non_na_n,tau,p.value,slope,trend,mean_value,percent_change
CHL_comp,59,0.08128656446933746,0.36679768562316895,0.011224489795918363,Worsening,4.330196610169492,0.2592143222678985
PH_epi,59,-0.08012036234140396,0.37699759006500244,-0.0018918918918918756,Worsening,6.103203389830509,-0.030998342526881034
SECCHI,59,-0.07583905756473541,0.4022800922393799,-0.00641025641025641,Worsening,4.6074237288135595,-0.1391288665326879
SPCD_epi,59,-0.12807020545005798,0.1539638489484787,-0.07625000000000015,Improving,37.043389830508474,-0.20583969325939389
TP_epi,59,-0.11455289304500292,NA,NA,Improving,6.457457627118644,NA
TP_hypo,59,0.28170660432495614,NA,NA,Worsening,8.390169491525423,NA
