STATIONID,parameter,n,tau,mk_p,sen_slope,sen_ci_lower,sen_ci_upper,trend
SUNLBRND,SPCD_epi,37,0.5195195195195195,6.415440717314206e-6,0.436111111111111,0.28699999999999976,0.5916666666666662,Worsening
SUNLBRND,CHL_comp,37,-0.225564164807838,0.05128506807235349,-0.02832400932400932,-0.05621428571428571,0,Stable
SUNLBRND,PH_epi,37,-0.09487994846931552,0.4172690886428944,-0.0031517241379310336,-0.010769230769230812,0.004117647058823546,Stable
SUNLBRND,SECCHI_NVS,37,-0.18846377773618864,0.10707922285729284,-0.014961636828644504,-0.03333333333333336,0.002142857142857129,Stable
SUNLBRND,TP_hypo,25,-0.18809603121561155,0.20455259243053966,-0.08333333333333333,-0.2578947368421053,0.04999999999999997,Stable
SUNLBRND,TP_epi,37,-0.19377009360258912,0.09856463799365256,-0.04999999999999999,-0.11607142857142858,4.7619047619046605e-4,Stable
