STATIONID,parameter,n,tau,mk_p,sen_slope,sen_ci_lower,sen_ci_upper,trend
SUNSUN030,CHL_comp,40,-0.0038585408471315465,0.981402168149558,0,-0.015624999999999986,0.015416666666666667,Stable
SUNSUN030,SECCHI,38,0.1292231435061613,0.2625661070478154,0.011666666666666714,-0.012499999999999956,0.03235294117647053,Stable
