parameter,non_na_n,tau,p.value,slope,significant,slope_dir,trend,mean_value,percent_change
CHL_comp,94,0.023795904591679573,0.7365483045578003,0.00894230769230769,FALSE,increasing,Worsening (weak),12.01661170212766,0.07441621576841305
PH_epi,93,0.015023606829345226,0.8343416452407837,1.9237883832777986e-4,FALSE,increasing,Improving (weak),7.073118279569893,0.002719858918285729
SECCHI,95,-0.0888848826289177,0.20512908697128296,-0.005681818181818182,FALSE,decreasing,Worsening (weak),2.6629736842105265,-0.21336366241646249
SPCD_epi,93,0.07481879740953445,0.28972887992858887,1.0566188197767143,FALSE,increasing,Worsening (weak),797.0806451612904,0.13256109355947365
TP_epi,93,0.10256184637546539,0.14944946765899658,0.03666428953467642,FALSE,increasing,Worsening (weak),20.461935483870967,0.17918290067709816
TP_hypo,94,-0.07791921496391296,0.26812201738357544,-0.15384615384615385,FALSE,decreasing,Improving (weak),94.32659574468084,-0.1630994446810929
