parameter,non_na_n,tau,p.value,slope,trend,mean_value,percent_change
CHL_comp,134,-0.1025843471288681,0.07938774675130844,-0.00868421052631579,Stable,3.838245895522388,-0.2262546684788121
PH_epi,135,-0.09075865149497986,0.12054414302110672,-9.523809523809321e-4,Stable,6.487037037037037,-0.014681293585090018
SECCHI,135,0.05051486939191818,0.4009963274002075,0,Stable,-0.8762222222222221,-0
SPCD_epi,136,-0.05594027414917946,0.3354141116142273,-0.01828234265734268,Stable,42.00033088235294,-0.04352904435099171
TP_epi,137,0.10412194074710177,0.06935145144640176,0.02702699946239591,Stable,8.314014598540146,0.3250776041112746
TP_hypo,107,0.0722976547346147,0.26619325608356936,8.010305464267731e-8,Stable,8.218878504672897,9.74622688449941e-7
