parameter,non_na_n,tau,p.value,slope,significant,slope_dir,trend,mean_value,percent_change
CHL_comp,39,0.07562459260225296,0.5058095455169678,0.010588235294117657,FALSE,NA,Stable,3.1077820512820513,0.3407007029257312
PH_epi,38,0.22016002237796783,0.05427086353302002,0.006999999999999939,FALSE,NA,Stable,6.708157894736842,0.10435055509787677
SECCHI,41,0.24708840250968933,0.024537205696105957,0.0290922619047619,TRUE,increasing,Improving,4.461890243902439,0.652016529194527
SPCD_epi,38,-0.07117439806461334,0.5378470420837402,-0.09499999999999952,FALSE,NA,Stable,79.60078947368422,-0.11934554999785049
TP_epi,38,-0.05444144457578659,0.6553778648376465,0,FALSE,NA,Stable,5.83578947368421,0
TP_hypo,38,0.1956869214773178,0.09109926223754883,0.06863636363636362,FALSE,NA,Stable,9.181052631578947,0.7475870838631672
