parameter,non_na_n,MK,SEN,tau,p.value,slope,significant,slope_dir,trend,mean_value,percent_change
CHL_comp,26,,,-0.021538464352488518,0.894787073135376,1,FALSE,NA,Stable,10.725511263736264,9.323564867076062
PH_epi,26,,,0.2492307871580124,0.07784581184387207,1,FALSE,NA,Stable,6.966378205128205,14.354661354215073
SECCHI,26,,,0.055470023304224014,0.7078111171722412,1,FALSE,NA,Stable,1.993962912087912,50.15138415753597
SPCD_epi,26,,,0.3944534957408905,0.005110979080200195,1,TRUE,increasing,Worsening,383.1948717948718,0.26096382639883303
TP_epi,26,,,0.03698001429438591,0.8083803653717041,1,FALSE,NA,Stable,25.630769230769232,3.9015606242496994
TP_hypo,26,,,0.18153847754001617,0.20110487937927246,1,FALSE,NA,Stable,45.85769230769231,2.1806592300595486
