parameter,non_na_n,tau,p.value,slope,trend,mean_value,percent_change
CHL_comp,94,0.023795904591679573,0.7365483045578003,0.00894230769230769,Stable,12.01661170212766,0.07441621576841305
PH_epi,93,0.015023606829345226,0.8343416452407837,1.9237883832777986e-4,Stable,7.073118279569893,0.002719858918285729
SECCHI,95,-0.0888848826289177,0.20512908697128296,-0.005681818181818182,Stable,2.6629736842105265,-0.21336366241646249
SPCD_epi,93,0.07481879740953445,0.28972887992858887,1.0566188197767143,Stable,797.0806451612904,0.13256109355947365
TP_epi,93,-0.131369798971482,0.06209892752167967,-0.1428571343421936,Stable,20.461935483870967,-0.6981604181813599
TP_hypo,94,-0.17822008693662778,0.010937964955819446,-1.4768292903900146,Improving,94.32659574468084,-1.565655241483995
