parameter,non_na_n,tau,p.value,slope,trend,mean_value,percent_change
CHL_comp,199,-0.1277957409620285,0.007732258643954992,-0.0019999999999999996,Improving,1.8432663316582913,-0.10850303972083639
SPCD_epi,165,0.6313067078590393,0,0.19210526315789467,Worsening,85.19190909090909,0.22549707502492675
PH_epi,164,0.20263513922691345,1.3148784637451172e-4,0.001538461538461538,Improving,6.74,0.022825838849577715
TP_epi,154,-0.0707634836435318,0.2636948823928833,0,Stable,5.746753246753247,0
TP_hypo,156,-0.016892382875084877,0.7767112255096436,0,Stable,6.842948717948718,0
SECCHI,207,0.1217740997672081,0.00992882251739502,0.003389830508474564,Improving,7.993212560386473,0.042408862304928685
