parameter,non_na_n,tau,p.value,slope,significant,slope_dir,trend,mean_value,percent_change
CHL_comp,107,0.05776373669505119,0.38013577461242676,0.00253731343283582,FALSE,increasing,Worsening (weak),2.476456074766355,0.10245743741185502
PH_epi,110,-0.005548256449401379,0.9340922236442566,0,FALSE,NA,Stable,6.889272727272727,0
SECCHI,108,-0.00765494117513299,0.9090813994407654,0,FALSE,NA,Stable,6.963125,0
SPCD_epi,110,-0.020031722262501717,0.7585434913635254,-0.02,FALSE,decreasing,Improving (weak),104.31263636363636,-0.019173132515105377
TP_epi,111,0.015256032347679138,0.8220683336257935,0,FALSE,NA,Stable,5.7813513513513515,0
TP_hypo,110,-0.13416367769241333,0.04005521535873413,-0.02300000000000004,TRUE,decreasing,Improving (significant),11.201727272727274,-0.20532547740202436
