parameter,non_na_n,tau,p.value,slope,trend,mean_value,percent_change
CHL_comp,24,0.17391306161880493,0.2436925172805786,0.06113095238095241,Worsening,4.548216666666667,1.3440642093630633
PH_epi,23,0.2817482352256775,0.06431031227111816,0.014705882352941176,Improving,6.503478260869565,0.22612334143444782
SECCHI,24,-0.14991486072540283,0.3202665448188782,-0.01680555555555556,Worsening,3.7459375,-0.44863416849735366
SPCD_epi,23,-0.21739131212234497,0.15382078289985657,-0.10124999999999984,Improving,17.74695652173913,-0.5705203586652938
TP_epi,23,-0.039525691699604744,NA,NA,Improving,7.340869565217392,NA
TP_hypo,23,0.3675889328063241,NA,NA,Worsening,10.216521739130435,NA
