parameter,non_na_n,MK,SEN,tau,p.value,slope,significant,slope_dir,trend,mean_value,percent_change
CHL_comp,30,,,-0.03908046334981918,0.7752944231033325,1,FALSE,NA,Stable,10.274006666666667,9.733301062032924
PH_epi,30,,,0.14055335521697998,0.2842581272125244,1,FALSE,NA,Stable,6.6555,15.0251671549846
SECCHI,30,,,-0.08765912055969238,0.5089305639266968,1,FALSE,NA,Stable,2.0693055555555557,48.325390965836625
SPCD_epi,30,,,0.3931034803390503,0.0024214982986450195,1,TRUE,increasing,Worsening,108.16805555555555,0.9244873589193771
TP_epi,30,,,0.12240315228700638,0.35323917865753174,1,FALSE,NA,Stable,18.83388888888889,5.309577888557859
TP_hypo,30,,,-0.17070460319519043,0.19252151250839233,1,FALSE,NA,Stable,27.08222222222222,3.692459177812423
