parameter,non_na_n,tau,p.value,slope,significant,slope_dir,trend,mean_value,percent_change
CHL_comp,172,-0.05302269756793976,0.30348116159439087,-0.0019047619047619065,FALSE,decreasing,Improving (weak),3.4703470930232556,-0.05488678376267368
PH_epi,176,0.0414782389998436,0.417156457901001,3.1249999999999334e-4,FALSE,increasing,Improving (weak),6.714147727272727,0.004654350971913008
SECCHI,173,0.08239839226007462,0.11108279228210449,0.0015151515151515097,FALSE,increasing,Improving (weak),3.485583815028902,0.04346908855321691
SPCD_epi,176,-0.02540198527276516,0.6177822947502136,-0.016105499438832868,FALSE,decreasing,Improving (weak),117.51903409090909,-0.013704587995825555
TP_epi,175,-0.047691479325294495,0.3668712377548218,0,FALSE,NA,Stable,9.306857142857142,0
TP_hypo,174,-0.056838616728782654,0.2875250577926636,0,FALSE,NA,Stable,9.44132183908046,0
