parameter,non_na_n,tau,p.value,slope,trend,mean_value,percent_change
CHL_comp,136,-0.06119904667139053,0.29450738430023193,-0.0015608198924731132,Improving,1.8509191176470587,-0.08432674759215152
PH_epi,140,-0.04383411258459091,0.4459112882614136,-3.448275862068943e-4,Worsening,6.764654761904762,-0.0050974897957660045
SECCHI,138,0.04980134963989258,0.3898359537124634,0.00211864406779661,Improving,8.285833333333333,0.02556947482003351
SPCD_epi,140,0.012349502183496952,0.8302409648895264,0.0034482758620688917,Worsening,88.42869047619048,0.003899498956164395
TP_epi,138,0.13339680524701153,NA,NA,Worsening,5.648550724637682,NA
TP_hypo,137,-0.06923572348647489,NA,NA,Improving,6.697080291970803,NA
