stationid,parameter,n,tau,mk_p,sen_slope,sen_ci_lower,sen_ci_upper,trend
STOMARD,SECCHI,86,-0.15570595915169366,0.03586954814462652,-0.007894736842105282,-0.015405405405405389,0,Worsening
STOMARD,TP_epi,83,0.1971951606333468,0.011076503056822569,0.019615384615384607,0,0.04619047619047618,Worsening
STOMARD,SPCD_epi,83,-0.1270267821688418,0.09077082950394302,-0.016999999999999814,-0.03333333333333351,0.0028169014084506944,Stable
STOMARD,PH_epi,83,0.04705652879182473,0.5341378128935939,7.407407407407578e-4,-0.0015789473684210502,0.0029032258064516227,Stable
STOMARD,TP_hypo,82,0.22351909027303532,0.0034831892880547994,0.065,0.019230769230769232,0.1111111111111111,Worsening
STOMARD,CHL_comp,83,0.0930096877295244,0.21537649936179193,0.0073913043478260835,-0.003161702127659571,0.019534883720930228,Stable
STOMARD,Year,86,0.9899633123409785,9.678036878634198e-41,0.42857142857142855,0.4177215189873418,0.43636363636363634,Stable
