parameter,non_na_n,MK,SEN,tau,p.value,slope,significant,slope_dir,trend,mean_value,percent_change
CHL_comp,36,,,-0.3142857551574707,0.007289602886885405,1.0526315789473684,TRUE,increasing,Worsening,3.1061657407407406,33.88845498940899
PH_epi,37,,,-0.08892301470041275,0.4479125142097473,1.0526315789473684,FALSE,NA,Stable,6.688873873873874,15.737052287065097
SECCHI,36,,,-0.07680246233940125,0.5215646028518677,1.0526315789473684,FALSE,NA,Stable,3.718888888888889,28.305002122875155
SPCD_epi,37,,,0.5334336757659912,3.6954879760742188e-06,1.0526315789473684,TRUE,increasing,Worsening,46.69364864864865,2.254335673932888
TP_epi,37,,,-0.10574211180210114,0.3664388060569763,1.0526315789473684,FALSE,NA,Stable,10.922162162162161,9.637575081919389
TP_hypo,37,,,-0.21148422360420227,0.06886360794305801,1.0526315789473684,FALSE,NA,Stable,19.19099099099099,5.485029821761238
