parameter,non_na_n,tau,p.value,slope,trend,mean_value,percent_change
CHL_comp,103,-0.1530691385269165,0.0222849752753973,-0.01290322580645161,Improving,5.285252427184466,-0.24413641513287856
PH_epi,104,0.010333694517612457,0.8794056177139282,0,Stable,7.018557692307692,0
SECCHI,104,0.06524120271205902,0.3334238529205322,0.0025486583522297823,Stable,4.165817307692308,0.06118027181661585
SPCD_epi,104,0.03383496403694153,0.6131346225738525,0.0534705882352951,Stable,172.40490384615384,0.03101454021459261
TP_epi,103,0.1298305730059014,0.05194867668058345,0.05957238078117226,Stable,11.004466019417476,0.5413473100471778
TP_hypo,101,0.08,0.23565707079952425,0.02024204730987616,Stable,12.24,0.16537620351206012
