parameter,non_na_n,tau,p.value,slope,trend,mean_value,percent_change
CHL_comp,84,-0.07381881773471832,0.3226549029350281,-0.003965721040189133,Stable,2.040361904761905,-0.19436360926626411
SPCD_epi,84,0.3514213263988495,2.2649765014648438e-06,0.13493516399694888,Worsening,48.120535714285715,0.2804107684879539
PH_epi,84,0.006928546354174614,0.9291715621948242,0,Stable,6.563428571428571,0
TP_epi,85,-0.04148557037115097,0.5791746377944946,-0.0025211864406779424,Stable,6.990164705882353,-0.03606762568207181
TP_hypo,84,0.2222227305173874,0.0028570890426635742,0.031530214424951256,Worsening,9.204285714285714,0.3425601443033661
SECCHI,84,-0.08253080397844315,0.269159734249115,-0.004547727272727264,Stable,4.008928571428571,-0.11343996760477808
