STATIONID,parameter,n,tau,mk_p,sen_slope,sen_ci_lower,sen_ci_upper,trend
WILPFDD,SPCD_epi,16,0.4166666666666667,0.027376765789661653,0.6333333333333346,0.11666666666666654,1.125,Worsening
WILPFDD,CHL_comp,16,-0.06666666666666667,0.7526419827681854,-0.02157142857142863,-0.17666666666666667,0.09916666666666663,Stable
WILPFDD,PH_epi,16,0.00836827408755723,1,3.5714285714284955e-4,-0.023571428571428448,0.019999999999999955,Stable
WILPFDD,SECCHI,13,-0.6410256410256409,0.0027949345698872878,-0.09500000000000003,-0.15999999999999998,-0.03571428571428571,Worsening
WILPFDD,TP_hypo,16,0.13333333333333333,0.49946120310401465,0.2093939393939392,-0.3772727272727273,0.5666666666666667,Stable
WILPFDD,TP_epi,16,0.25941649671427414,0.176360434203354,0.14091666666666663,-0.04642857142857145,0.28222222222222215,Stable
