STATIONID,parameter,n,tau,mk_p,sen_slope,sen_ci_lower,sen_ci_upper,trend
HARHARD,SPCD_epi,35,-0.13949579831932774,0.24421438471306708,-0.08181818181818185,-0.22888888888888895,0.049333333333333465,Stable
HARHARD,CHL_comp,35,-0.13949579831932774,0.24421438471306708,-0.0331818181818182,-0.09444444444444446,0.033636363636363645,Stable
HARHARD,PH_epi,35,0.2721941142904118,0.022975923765791405,0.009761904761904723,9.090909090909301e-4,0.015333333333333303,Improving
HARHARD,SECCHI,15,-0.3445015510579288,0.08288693274992788,-0.09166666666666663,-0.16562500000000002,0.009999999999999964,Stable
HARHARD,TP_hypo,34,0.18920024577205116,0.12250446027927127,0.10714285714285714,-0.026086956521739115,0.25,Stable
HARHARD,TP_epi,34,0.03627011409689995,0.7774294316474446,0.005000000000000042,-0.054545454545454515,0.09233333333333332,Stable
