STATIONID,PARAMETER,n,tau,mk_p,sen_slope,sen_ci_lower,sen_ci_upper,TREND
SILHARD,SPCD_epi,35,-0.37268340125785127,0.0017745718358857163,-0.08800000000000012,-0.14464285714285716,-0.038461538461538464,Improving
SILHARD,CHL_comp,35,-0.055649557653887294,0.6493539818217714,-0.004545454545454539,-0.025454545454545455,0.014411764705882346,Stable
SILHARD,PH_epi,35,0.3361529649209443,0.004896336486158428,0.009999999999999985,0.0030769230769230114,0.017380952380952393,Improving
SILHARD,SECCHI_NVS,35,-0.06844560431151236,0.5786929333498652,-0.010526315789473694,-0.044642857142857144,0.022727272727272728,Stable
SILHARD,TP_epi,35,-0.18968087931796387,0.17101072924683616,0,0,0,Stable
SILHARD,TP_hypo,35,-0.18967527910540719,0.11456466285478718,-0.07315789473684209,-0.14076923076923079,0.01000000000000004,Stable
