parameter,non_na_n,tau,p.value,slope,trend,mean_value,percent_change
CHL_comp,69,-0.022615760564804077,0.7876580953598022,-0.0017712418300653676,Improving,3.408322463768116,-0.051968141186592647
PH_epi,69,0.10951565951108932,0.1880425214767456,0.001810730253353207,Improving,6.815507246376812,0.02656779881373919
SECCHI,68,-0.0667620301246643,0.4295569658279419,-0.002854010025062631,Worsening,6.00952205882353,-0.047491464331547086
SPCD_epi,68,-0.039112307131290436,0.6413214206695557,-0.018090909090909046,Improving,49.37014705882353,-0.03664341746714689
TP_epi,69,0.058823529411764705,NA,NA,Worsening,7.174927536231884,NA
TP_hypo,70,0.0484472049689441,NA,NA,Worsening,10.504142857142858,NA
