stationid,parameter,n,tau,mk_p,sen_slope,sen_ci_lower,sen_ci_upper,trend
DANLFRED,SECCHI,80,-0.002221879645874781,0.9801088090265058,0,-0.009078947368421046,0.008947368421052627,Stable
DANLFRED,TP_epi,82,-0.0936135514575202,0.215850292977835,-0.014807692307692317,-0.04270833333333333,0.009347826086956515,Stable
DANLFRED,SPCD_epi,80,0.31032305146656153,4.750901174102171e-5,0.19721500721500718,0.10734693877551016,0.29591836734693877,Worsening
DANLFRED,PH_epi,80,0.0012726880408824278,0.9900517133981153,0,-0.002500000000000006,0.0024999999999999467,Stable
DANLFRED,TP_hypo,79,0.39213793804457936,3.2963432908909654e-7,0.2916666666666667,0.1830188679245283,0.39999999999999997,Worsening
DANLFRED,CHL_comp,79,0.04448052182495588,0.5647892390808329,0.006153846153846159,-0.01794117647058823,0.029999999999999954,Stable
DANLFRED,Year,82,0.9791564559616764,2.439547971072948e-37,0.25,0.23809523809523808,0.25,Stable
