STATIONID,parameter,n,tau,mk_p,sen_slope,sen_ci_lower,sen_ci_upper,trend
WAUDAND,SPCD_epi,24,0.21739130434782608,0.14334161203712,0.13166666666666796,-0.054615384615384684,0.38000000000000045,Stable
WAUDAND,CHL_comp,24,-0.45652173913043476,0.0019316135357635839,-0.2308472222222222,-0.39714285714285713,-0.0896153846153846,Improving
WAUDAND,PH_epi,24,0.24498281251274306,0.10108534472148342,0.01000000000000002,-0.0024999999999999467,0.023571428571428577,Stable
WAUDAND,SECCHI_NVS,24,0.08378995775602839,0.5849276542378732,0.009545454545454555,-0.018571428571428555,0.03999999999999989,Stable
WAUDAND,TP_hypo,23,0.4277236108695817,0.004700028284668327,0.5285714285714285,0.1857142857142857,0.8249999999999993,Worsening
WAUDAND,TP_epi,24,-0.03636387678675702,0.8232420225065086,-0.008403361344537869,-0.14999999999999997,0.18000000000000008,Stable
