parameter,non_na_n,MK,SEN,tau,p.value,slope,significant,slope_dir,trend,mean_value,percent_change
CHL_comp,34,,,-0.11229946464300156,0.35803520679473877,1.125,FALSE,NA,Stable,2.3476176470588235,47.92092108395244
PH_epi,34,,,-0.08750014007091522,0.47663211822509766,1.125,FALSE,NA,Stable,6.957269607843138,16.17013661123257
SECCHI,34,,,-0.22003719210624695,0.07039239257574081,1.125,FALSE,NA,Stable,7.606323529411765,14.790325387158518
SPCD_epi,34,,,0.7183600664138794,0,1.125,TRUE,increasing,Worsening,88.23068627450981,1.2750665868106446
TP_epi,34,,,-0.23415835201740265,0.0568428635597229,1.125,FALSE,NA,Stable,6.41638725490196,17.533231011587212
TP_hypo,34,,,-0.20001168549060822,0.10240104794502258,1.125,FALSE,NA,Stable,9.73966176470588,11.550709122946353
