parameter,non_na_n,tau,p.value,slope,significant,slope_dir,trend,mean_value,percent_change
CHL_comp,47,0.0018527114298194647,0.9926822185516357,0,FALSE,NA,Stable,7.362553191489361,0
PH_epi,47,-0.1404673159122467,0.16869251430034637,-0.0040000000000000036,FALSE,NA,Stable,6.6953191489361705,-0.05974323121901619
SECCHI,46,-0.07229937613010406,0.49363696575164795,-0.00454545454545455,FALSE,NA,Stable,2.868478260869565,-0.15846222742774482
SPCD_epi,47,0.01390178594738245,0.8978233337402344,0.00909090909090922,FALSE,NA,Stable,34.94776595744681,0.02601284757938037
TP_epi,45,0.09645673632621765,0.3663473129272461,0.054093567251461985,FALSE,NA,Stable,13.28888888888889,0.4070586164407674
TP_hypo,45,0.14067870378494263,0.1797565221786499,0.16666666666666666,FALSE,NA,Stable,25.3,0.6587615283267457
