parameter,non_na_n,tau,p.value,slope,trend,mean_value,percent_change
CHL_comp,115,-0.020693060010671616,0.7459526062011719,-3.191489361702154e-4,Stable,1.6187391304347827,-0.019715896784708857
PH_epi,117,-0.069926917552948,0.2670655846595764,-6.711711711711713e-4,Stable,6.507820512820513,-0.010313301816621297
SECCHI,117,0.04386432096362114,0.48960065841674805,0.0020478054235392867,Stable,7.214465811965812,0.02838471311545791
SPCD_epi,117,-0.053471341729164124,0.39505535364151,-0.005263157894736842,Stable,22.470726495726495,-0.023422286305419607
TP_epi,117,-0.07353374594753904,0.20939330081999508,-1.7236918210983276e-4,Stable,5.746068376068376,-0.0029997760351708988
TP_hypo,117,-0.06174476864132036,0.3200191034755646,-5.555190145969391e-4,Stable,7.121965811965812,-0.007800079771003621
