parameter,non_na_n,tau,p.value,slope,trend,mean_value,percent_change
CHL_comp,95,0.24045875668525696,5.804300308227539e-4,0.010142857142857143,Worsening,2.2175126315789475,0.4573979421093565
SPCD_epi,100,-0.5772119760513306,2.042264760948715e-17,-0.0756430934656741,Improving,19.0444,-0.3971933663737062
PH_epi,101,0.3597719669342041,1.1920928955078125e-7,0.006,Improving,6.147722772277228,0.09759711395993043
TP_epi,102,-0.024114100262522697,0.7539355754852295,0,Stable,6.122156862745098,0
TP_hypo,101,-0.06901565939188004,0.3453196883201599,0,Stable,6.731584158415842,0
SECCHI,103,-0.1876109391450882,0.005429061595350504,-0.016666666666666666,Worsening,8.162621359223301,-0.20418277331747448
