STATIONID,PARAMETER,n,tau,mk_p,sen_slope,sen_ci_lower,sen_ci_upper,TREND
RESDORD,SPCD_epi,23,-0.4308300395256917,0.004340011649314312,-0.21285714285714313,-0.33749999999999947,-0.07999999999999995,Improving
RESDORD,CHL_comp,22,0.05627705627705628,0.7350804926819566,0.011249999999999982,-0.07750000000000001,0.12100000000000002,Stable
RESDORD,PH_epi,22,0.11739241392219954,0.46311342518239923,0.005833333333333357,-0.013999999999999967,0.022000000000000065,Stable
RESDORD,SECCHI_NVS,24,-0.06973052257644044,0.6544880928916921,-0.007793522267206478,-0.04615384615384616,0.039999999999999945,Stable
RESDORD,TP_epi,23,-0.04041402040676246,0.8109719796075798,0,-0.25230769230769223,0.1377777777777778,Stable
RESDORD,TP_hypo,23,0.3705296911341932,0.014944295673191506,0.2421052631578947,0.03000000000000005,0.4526315789473685,Worsening
