stationid,parameter,n,tau,mk_p,sen_slope,sen_ci_lower,sen_ci_upper,trend
RUSWOLD,SECCHI,108,0.00873708005029799,0.8964209664422639,0,-0.004999999999999995,0.005249999999999992,Stable
RUSWOLD,TP_epi,107,-0.10793415946788436,0.10412976490736692,-0.010816326530612241,-0.02814814814814814,0,Stable
RUSWOLD,SPCD_epi,108,0.7093870770472852,1.5698198397889262e-27,0.4656050516647532,0.4152380952380952,0.5137500000000002,Worsening
RUSWOLD,PH_epi,109,-0.07425332380146588,0.2566661336772482,-8.333333333333464e-4,-0.0023333333333333426,6.097560975609734e-4,Stable
RUSWOLD,TP_hypo,105,0.15009131782671561,0.02510519515072294,0.02753946465339741,0,0.05555555555555555,Worsening
RUSWOLD,CHL_comp,107,-0.11266124609163515,0.08636553001325199,-0.005588235294117646,-0.012272727272727253,6.849315068493127e-4,Stable
RUSWOLD,Year,113,0.9906324838598731,1.3259608812308185e-53,0.32866927592954986,0.32558139534883723,0.3333333333333333,Stable
