parameter,non_na_n,tau,p.value,slope,trend,mean_value,percent_change
CHL_comp,136,0.025733301416039467,0.6584007740020752,0.0016500000000000006,Stable,4.511653676470588,0.03657195605693688
PH_epi,133,0.027775363996624947,0.6391052007675171,2.210012210012163e-4,Stable,6.838112781954887,0.0032319037144929365
SECCHI,135,-0.013494433835148811,0.8193533420562744,0,Stable,4.040266666666667,0
SPCD_epi,133,-0.016087645664811134,0.7853700518608093,-0.0029705882352941953,Stable,49.08481203007519,-0.0060519499055513544
TP_epi,133,-0.012759170653907496,0.8287836065137948,3.958120942115784e-8,Stable,12.143308270676691,3.2595079148848913e-7
TP_hypo,134,-0.05296824149927056,0.364607603436655,-0.1104831933975171,Stable,38.75380597014925,-0.28508991731707223
