parameter,non_na_n,MK,SEN,tau,p.value,slope,significant,slope_dir,trend,mean_value,percent_change
CHL_comp,25,,,0.07333332300186157,0.6238124370574951,1.1,FALSE,NA,Stable,4.804049142857143,22.897351115475683
PH_epi,25,,,0.17450055480003357,0.23310256004333496,1.1,FALSE,NA,Stable,6.3915523809523815,17.210216461311283
SECCHI,24,,,-0.2618199288845062,0.07803599536418915,1.1,FALSE,NA,Stable,4.470694444444445,24.604678616918825
SPCD_epi,25,,,-0.5266666412353516,2.4567203945480287e-4,1.1,TRUE,increasing,Worsening,21.56910476190476,5.099887140159912
TP_epi,25,,,0.2491709440946579,0.08763241767883301,1.1,FALSE,NA,Stable,7.147428571428571,15.390150303805566
TP_hypo,25,,,0.3271728456020355,0.024575471878051758,1.1,TRUE,increasing,Worsening,15.920190476190475,6.9094650698125175
