stationid,parameter,n,tau,mk_p,sen_slope,sen_ci_lower,sen_ci_upper,trend
PAWNOTSD,SECCHI,164,0.09950581975879855,0.06096953538611665,0.0018720794392523394,0,0.004126984126984124,Stable
PAWNOTSD,TP_epi,165,0.015344972080441914,0.7735544776221397,0,-0.0071794871794871856,0.011666666666666669,Stable
PAWNOTSD,SPCD_epi,166,0.08144769964097624,0.12011010215586014,0.012307692307692318,-0.002837837837837849,0.029836065573770495,Stable
PAWNOTSD,PH_epi,164,0.14023504250755905,0.008119641252053843,0.0010223125414731233,2.7777777777777187e-4,0.001718749999999998,Improving
PAWNOTSD,TP_hypo,166,-0.05112396236041605,0.3336021125509601,-0.006557377049180334,-0.024113475177304968,0.006249999999999978,Stable
PAWNOTSD,CHL_comp,162,0.022788310899430397,0.6681319518821329,0.0018749999999999971,-0.006379310344827581,0.009389312977099237,Stable
PAWNOTSD,Year,168,0.9879874443488877,9.002593854416893e-79,0.2037037037037037,0.20253164556962025,0.20481927710843373,Stable
