STATIONID,parameter,n,tau,mk_p,sen_slope,sen_ci_lower,sen_ci_upper,trend
BEADERD,SPCD_epi,33,0.25,0.04238012079505137,1.0872549019607844,0.11624999999999967,2.4,Worsening
BEADERD,CHL_comp,35,-0.23361344537815126,0.05001944920695764,-0.05931034482758623,-0.1259090909090909,6.666666666666524e-4,Stable
BEADERD,PH_epi,33,0.08604599731488766,0.4948068342995246,0.0023494983277591664,-0.007222222222222167,0.011000000000000032,Stable
BEADERD,SECCHI_NVS,35,-0.31241009776765316,0.009263105937920605,-0.03303571428571428,-0.05249999999999999,-0.010714285714285707,Worsening
BEADERD,TP_hypo,34,0.1868884102720921,0.12635015318370893,0.24444444444444396,-0.07142857142857142,0.5133333333333335,Stable
BEADERD,TP_epi,33,0.33784239489337214,0.006579702699205283,0.125,0.05555555555555555,0.2425,Worsening
