parameter,non_na_n,tau,p.value,slope,trend,mean_value,percent_change
CHL_comp,33,-0.19526074826717377,0.1139649972319603,-0.055000000000000035,Stable,4.62332479338843,-1.1896200777123123
SPCD_epi,33,0.4886363744735718,6.830692291259766e-5,0.8397500000000002,Worsening,64.1809090909091,1.3084108840068558
PH_epi,33,0.026616161689162254,0.8402761220932007,0.0019202898550724791,Stable,6.612121212121212,0.029041963894313384
TP_epi,33,-0.21840523183345795,0.07946161180734634,-0.06487179487179488,Stable,7.878181818181818,-0.8234361223052662
TP_hypo,33,0.2666710317134857,0.031126737594604492,0.5,Worsening,23.503030303030304,2.1273852501289325
SECCHI,33,0.0760461762547493,0.5454308986663818,0.007697368421052631,Stable,4.260151515151515,0.18068297321530521
