stationid,parameter,n,tau,mk_p,sen_slope,sen_ci_lower,sen_ci_upper,trend
RUSHARD,SECCHI,24,-0.3315167893825471,0.02545286252205578,-0.025000000000000022,-0.04125000000000001,-0.003750000000000009,Worsening
RUSHARD,TP_epi,22,0.4114031797789394,0.008598048804810193,0.3181818181818182,0.08399999999999999,0.5,Worsening
RUSHARD,SPCD_epi,23,0.03557312252964427,0.8326659395181515,0.056538461538461496,-0.501590909090909,0.6733333333333338,Stable
RUSHARD,PH_epi,23,0.37301880999841347,0.01397569664881733,0.014999999999999902,0.003181818181818154,0.030000000000000013,Improving
RUSHARD,TP_hypo,5,-0.7999999999999998,0.08641073297370003,-3.5,-22,1,Stable
RUSHARD,CHL_comp,22,0.37662337662337664,0.015307460719572372,0.12687499999999996,0.015520000000000067,0.3289999999999999,Worsening
RUSHARD,Year,24,0.998186761880863,1.0571536145952274e-11,1,1,1,Stable
