parameter,non_na_n,tau,p.value,slope,significant,slope_dir,trend,mean_value,percent_change
CHL_comp,114,0.10086420178413391,0.11305046081542969,0.004782608695652175,FALSE,increasing,Worsening (weak),3.070097368421053,0.15578035878750857
PH_epi,116,0.015560539439320564,0.8076251745223999,9.689196779629484e-5,FALSE,increasing,Improving (weak),6.75451724137931,0.001434476578173764
SECCHI,109,-0.10078437626361847,0.1268320381641388,-0.003846153846153838,FALSE,decreasing,Worsening (weak),5.899862385321101,-0.06519056877874128
SPCD_epi,116,-0.06572631746530533,0.2970629334449768,-0.024868421052631283,FALSE,decreasing,Improving (weak),70.31431034482759,-0.03536751044086808
TP_epi,116,-0.054551154375076294,0.3946898579597473,-0.0036884170344745346,FALSE,decreasing,Improving (weak),7.241465517241379,-0.050934676491832954
TP_hypo,113,-0.02037944830954075,0.7542129158973694,0,FALSE,NA,Stable,14.58424778761062,0
