parameter,non_na_n,tau,p.value,slope,significant,slope_dir,trend,mean_value,percent_change
CHL_comp,47,0.009263557381927967,0.9342137575149536,0.0023939393939393858,FALSE,NA,Stable,6.619776595744681,0.03616344689756231
PH_epi,47,0.08085589855909348,0.4300915002822876,0.0021428571428571607,FALSE,NA,Stable,6.1668085106382975,0.03474823547967381
SECCHI,47,-0.0066050696186721325,0.9560006856918335,0,FALSE,NA,Stable,3.1601063829787233,0
SPCD_epi,47,-0.07899714261293411,0.44089341163635254,-0.00952380952380949,FALSE,NA,Stable,18.939148936170213,-0.050286364798688525
TP_epi,47,-0.007656256202608347,0.9485281705856323,0,FALSE,NA,Stable,9.708510638297872,0
TP_hypo,46,0.16789013147354126,0.11021006107330322,0.07692307692307693,FALSE,NA,Stable,20.32608695652174,0.3784450843274373
