parameter,non_na_n,tau,p.value,slope,trend,mean_value,percent_change
CHL_comp,70,0.13894668221473694,0.09036898612976074,0.009285714285714277,Worsening,1.9512657142857142,0.4758815889466614
PH_epi,70,-0.015397611074149609,0.8551327586174011,-2.499999999999947e-4,Worsening,6.644228571428571,-0.0037626640521525945
SECCHI,67,-0.08527419716119766,0.3138044476509094,-0.006060606060606066,Worsening,5.654082089552238,-0.10718991985993646
SPCD_epi,70,-0.04974095895886421,0.546290397644043,-0.010967741935483753,Improving,37.167142857142856,-0.029509241476106497
TP_epi,70,-0.15072463768115943,NA,NA,Improving,6.405714285714286,NA
TP_hypo,70,-0.03354037267080745,NA,NA,Improving,9.462714285714286,NA
