parameter,non_na_n,tau,p.value,slope,trend,mean_value,percent_change
CHL_comp,53,-0.21480406386066764,0.023538120761078085,-0.030869602933525857,Improving,3.4211037735849055,-0.9023287505008427
PH_epi,54,-0.1893780573025856,0.04373531887907589,-0.005371627807616942,Worsening,6.696111111111112,-0.08022011162126023
SECCHI,54,0.027253668763102725,0.7755276004908636,3.486871739970016e-8,Stable,3.3628240740740742,1.0368879439314997e-6
SPCD_epi,54,0.5031446540880503,7.967637638550684e-8,0.3680424976348885,Worsening,44.557314814814816,0.8259979291043779
TP_epi,54,-0.22082459818308875,0.018197679947575596,-0.06973457336425781,Improving,10.962592592592593,-0.6361138825078417
TP_hypo,40,-0.24102564102564103,0.028486037933208808,-0.14473688043653965,Improving,12.178749999999999,-1.1884378974569612
