parameter,non_na_n,tau,p.value,slope,trend,mean_value,percent_change
CHL_comp,136,0.055664488017429195,0.33706988558946827,0.011904720878227573,Stable,4.511653676470588,0.26386601747190164
PH_epi,133,-0.014240145819093188,0.8092432909613629,-7.032871246358816e-5,Stable,6.838112781954887,-0.0010284813179621544
SECCHI,135,-0.11885019347705915,0.04078926812107886,-0.01499995961785337,Worsening,4.040266666666667,-0.37126162343706776
SPCD_epi,133,0.16438824333561175,0.0050107436221729085,0.10443602204322938,Worsening,49.08481203007519,0.21276647036814456
TP_epi,133,-0.012759170653907496,0.8287836065137948,3.958120942115784e-8,Stable,12.143308270676691,3.2595079148848913e-7
TP_hypo,134,-0.05296824149927056,0.364607603436655,-0.1104831933975171,Stable,38.75380597014925,-0.28508991731707223
