STATIONID,parameter,n,tau,mk_p,sen_slope,sen_ci_lower,sen_ci_upper,trend
PAWNOTND,SPCD_epi,38,0.1254457607674872,0.27394834943319923,0.10000000000000142,-0.06461538461538432,0.2633333333333333,Stable
PAWNOTND,CHL_comp,38,0.2818506051976649,0.013254351529922567,0.05377500000000002,0.012333333333333337,0.09545454545454546,Worsening
PAWNOTND,PH_epi,38,-0.01577109963456799,0.8998571845347109,-2.9605947323337506e-16,-0.008333333333333304,0.005156249999999973,Stable
PAWNOTND,SECCHI_NVS,34,-0.3647255351524368,0.003063860960401138,-0.016666666666666656,-0.02631578947368421,-0.008043478260869567,Worsening
PAWNOTND,TP_hypo,38,0.23252591071806492,0.04162072148093922,0.5238095238095238,0.04444444444444429,1.2,Worsening
PAWNOTND,TP_epi,38,0.44787799390472444,1.1558464912414327e-4,0.15161290322580642,0.08076923076923076,0.20833333333333334,Worsening
