parameter,non_na_n,tau,p.value,slope,significant,slope_dir,trend,mean_value,percent_change
CHL_comp,60,-0.12843011319637299,0.14942701160907745,-0.016532716927453773,FALSE,NA,Stable,3.69201,-0.4477971871000829
PH_epi,60,-0.003983031027019024,0.9694554805755615,0,FALSE,NA,Stable,7.005166666666667,0
SECCHI,60,-0.0487014465034008,0.5915327668190002,-0.0018362533692722464,FALSE,NA,Stable,3.3074583333333334,-0.055518563930679284
SPCD_epi,63,0.10043558478355408,0.24742627143859863,0.06900000000000006,FALSE,NA,Stable,64.6631746031746,0.1067067931994365
TP_epi,60,0.023109998553991318,0.8070074319839478,0,FALSE,NA,Stable,10.675,0
TP_hypo,60,0.06920109689235687,0.4557543992996216,0,FALSE,NA,Stable,14.15,0
