STATIONID,parameter,n,tau,mk_p,sen_slope,sen_ci_lower,sen_ci_upper,trend
MARLAND,SPCD_epi,20,0.5329833856082639,0.001169823787415959,1.827818181818183,0.6763333333333331,2.4200000000000017,Worsening
MARLAND,CHL_comp,19,-0.15789473684210525,0.363020384944015,-0.10000000000000002,-0.5027272727272728,0.2172727272727273,Stable
MARLAND,PH_epi,20,-0.09018853193098349,0.6031122679927312,-0.004166666666666681,-0.03500000000000014,0.015333333333333362,Stable
MARLAND,SECCHI_NVS,20,0.04774686984581479,0.794890717913431,0.01235119047619045,-0.041666666666666664,0.06906250000000003,Stable
MARLAND,TP_hypo,20,0.33245498310218435,0.04415618298683237,0.6686274509803922,0.020000000000000996,1.1454545454545455,Worsening
MARLAND,TP_epi,20,0.09018853193098349,0.6031122679927312,0.042708333333333307,-0.12999999999999998,0.32142857142857145,Stable
