parameter,non_na_n,tau,p.value,slope,trend,mean_value,percent_change
CHL_comp,31,-0.040860217064619064,0.7596537470817566,-0.011086956521739126,Stable,3.9374193548387098,-0.2815792660772677
SPCD_epi,31,0.15069976449012756,0.24082696437835693,0.2075000000000003,Stable,38.82032258064516,0.534513847918035
PH_epi,31,0.15000887215137482,0.24691438674926758,0.006666666666666525,Stable,6.502580645161291,0.10252339848529728
TP_epi,31,0.170259028673172,0.18480539321899414,0.08333333333333319,Stable,8.840645161290322,0.9426159721715424
TP_hypo,31,0.2731182873249054,0.03222978115081787,0.12666666666666662,Worsening,10.456774193548387,1.2113359657782161
SECCHI,32,-0.17373773455619812,0.16796839237213135,-0.03291666666666672,Stable,3.63796875,-0.9048089450099513
