STATIONID,parameter,n,tau,mk_p,sen_slope,sen_ci_lower,sen_ci_upper,trend
TODNBYD,SPCD_epi,38,0.18091186446534147,0.11312309438722026,0.22631578947368405,-0.04219999999999999,0.4782608695652174,Stable
TODNBYD,CHL_comp,38,-0.012820525828252544,0.9198750317520714,-0.0022222222222221997,-0.03628571428571429,0.02999999999999999,Stable
TODNBYD,PH_epi,38,-0.025732988314516373,0.8306624830495406,-6.250000000000144e-4,-0.007500000000000062,0.005500000000000016,Stable
TODNBYD,SECCHI_NVS,38,-0.06581487012355994,0.5782831869143044,-0.0031250000000000075,-0.022727272727272728,0.012499999999999956,Stable
TODNBYD,TP_hypo,37,0.14059793917088562,0.23677565613689275,0.047619047619047616,-0.034482758620689655,0.16666666666666666,Stable
TODNBYD,TP_epi,37,0.04371500784629817,0.722023125642981,0,-0.05555555555555555,0.1,Stable
