parameter,non_na_n,tau,p.value,slope,significant,slope_dir,trend,mean_value,percent_change
CHL_comp,34,-0.008928585797548294,0.9527045488357544,-0.0018750000000000017,FALSE,decreasing,Improving (weak),3.6332764705882354,-0.051606312241260166
PH_epi,33,-0.06844155490398407,0.5874293446540833,-0.002384803921568625,FALSE,decreasing,Worsening (weak),6.841212121212121,-0.03485937695418348
SECCHI,34,0.06866032630205154,0.5824463367462158,0.005208333333333333,FALSE,increasing,Improving (weak),4.279411764705882,0.12170675830469645
SPCD_epi,33,-0.049242425709962845,0.6984894871711731,-0.04874999999999966,FALSE,decreasing,Improving (weak),42.28666666666667,-0.1152845656629347
TP_epi,33,0.13985037803649902,0.26905322074890137,0.03779761904761905,FALSE,increasing,Worsening (weak),8.346969696969698,0.45283043331691003
TP_hypo,31,-0.10146592557430267,0.44222819805145264,-0.03519999999999996,FALSE,decreasing,Improving (weak),8.471935483870968,-0.41548947188059193
