stationid,parameter,n,tau,mk_p,sen_slope,sen_ci_lower,sen_ci_upper,trend
DEEDRGD,SECCHI,109,-0.06966741281063102,0.2916381901653425,-0.002499999999999991,-0.008000000000000007,0.0015789473684210424,Stable
DEEDRGD,TP_epi,116,0.08908494225911605,0.16408131964821093,0.005714285714285656,0,0.018918918918918923,Stable
DEEDRGD,SPCD_epi,116,0.28331344016394727,6.709977822193285e-6,0.11069047619047612,0.06509090909090906,0.15737704918032788,Worsening
DEEDRGD,PH_epi,116,-0.06148679575093853,0.3324508627379969,-5.263157894737057e-4,-0.0018181818181818197,6.060606060606066e-4,Stable
DEEDRGD,TP_hypo,113,-0.14233520229797444,0.027696170132536863,-0.025904139433551215,-0.05263157894736842,0,Improving
DEEDRGD,CHL_comp,114,-0.00560356739527302,0.9316875283038382,-6.976744186046775e-5,-0.006363636363636369,0.005569620253164556,Stable
DEEDRGD,Year,117,0.9911931679834157,1.3047453556694487e-55,0.3333333333333333,0.32967032967032966,0.3333333333333333,Stable
