parameter,non_na_n,tau,p.value,slope,trend,mean_value,percent_change
CHL_comp,32,-0.03629032149910927,0.7827940583229065,-0.009093333333333328,Stable,6.93151875,-0.13118818056047715
PH_epi,33,0.2737662196159363,0.026639103889465332,0.017321428571428613,Improving,6.701818181818182,0.25845864661654194
SECCHI,33,-0.003816904965788126,0.9876238703727722,0,Stable,2.0984090909090907,0
SPCD_epi,33,-0.06818182021379471,0.587608814239502,-0.32868421052631613,Stable,75.16818181818182,-0.43726508021883986
TP_epi,32,0.016129032258064516,0.9091695306510295,0.012500024028122078,Stable,18.621875,0.067125485635158
TP_hypo,32,0.2157258064516129,0.08407163555723951,0.22499997299164484,Stable,20.771875,1.0831952964845246
