STATIONID,parameter,n,tau,mk_p,sen_slope,sen_ci_lower,sen_ci_upper,trend
MLLEWASD,SPCD_epi,17,0.20588235294117646,0.2660517601229595,0.6776666666666668,-0.6062499999999993,2.508333333333333,Stable
MLLEWASD,CHL_comp,17,0.14705882352941177,0.4338268403653006,0.17241904761904764,-0.391,0.8309999999999998,Stable
MLLEWASD,PH_epi,17,0.2647058823529412,0.14937517875498976,0.016571428571428584,-0.010625000000000107,0.040000000000000036,Stable
MLLEWASD,SECCHI_NVS,17,0.21726656384842563,0.2464647246391363,0.03333333333333336,-0.03125,0.07499999999999996,Stable
MLLEWASD,TP_epi,17,0.07352941176470588,0.7108359248149255,0.26750000000000007,-0.875,1.4600000000000002,Stable
