parameter,non_na_n,tau,p.value,slope,trend,mean_value,percent_change
CHL_comp,78,-0.048317234963178635,0.5343947410583496,-0.006999999999999998,Stable,5.165328787878788,-0.13551896282820447
SPCD_epi,79,0.5825622081756592,0,0.47285714285714275,Worsening,65.42506329113924,0.7227461756558722
PH_epi,79,-0.023157484829425812,0.7669042944908142,-2.3809523809523303e-4,Stable,6.812481012658228,-0.0034949857130292146
TP_epi,79,0.09247911721467972,0.2337968349456787,0.01818181818181812,Stable,12.318607594936708,0.14759637436045414
TP_hypo,79,0.1102607399225235,0.1535426378250122,0.0683333333333333,Stable,23.491139240506328,0.29088982289758225
SECCHI,79,-0.022857559844851494,0.7701097726821899,-7.352941176470692e-4,Stable,3.064256329113924,-0.023995842340633778
