parameter,non_na_n,MK,SEN,tau,p.value,slope,significant,slope_dir,trend,mean_value,percent_change
CHL_comp,19,,,-0.1461988389492035,0.40110254287719727,1,FALSE,NA,Stable,1.1247070175438596,88.91204415028943
PH_epi,19,,,0.21114462614059448,0.22048282623291016,1,FALSE,NA,Stable,6.780701754385965,14.747736093143596
SECCHI,19,,,0.3333333730697632,0.05009031295776367,1,FALSE,NA,Stable,7.5275219298245615,13.284584346914102
SPCD_epi,19,,,-0.27485382556915283,0.10754283517599106,1,FALSE,NA,Stable,74.68026315789474,1.3390418802967035
TP_epi,19,,,0.040875956416130066,0.8492531776428223,1,FALSE,NA,Stable,3.7749122807017543,26.490681786494402
TP_hypo,19,,,-0.041423019021749496,0.8332653045654297,1,FALSE,NA,Stable,5.796052631578947,17.25312145289444
