STATIONID,parameter,n,tau,mk_p,sen_slope,sen_ci_lower,sen_ci_upper,trend
MONRINAD,SPCD_epi,38,0.6130867709815079,6.447691304073759e-8,0.92125,0.7202941176470586,1.1629629629629632,Worsening
MONRINAD,CHL_comp,38,0.024182076813655765,0.8405809140670598,0.0037499999999999756,-0.05166666666666675,0.05416666666666667,Stable
MONRINAD,PH_epi,38,0.21984436937996657,0.054321761428413204,0.005624999999999954,0,0.010434782608695662,Stable
MONRINAD,SECCHI_NVS,38,-0.3158787952372831,0.005836864282088691,-0.0234375,-0.03750000000000003,-0.006428571428571418,Worsening
MONRINAD,TP_hypo,37,0.0759934587645922,0.5208486940432044,0.03559907834101382,-0.07142857142857142,0.1346153846153846,Stable
MONRINAD,TP_epi,38,-0.0506588695961797,0.6681001349242119,-0.010000000000000024,-0.07142857142857142,0.05,Stable
