STATIONID,PARAMETER,n,tau,mk_p,sen_slope,sen_ci_lower,sen_ci_upper,TREND
ROCFITD,SPCD_epi,27,-0.10541310541310543,0.45296039168917024,-0.08181818181818169,-0.29499999999999993,0.12555555555555545,Stable
ROCFITD,CHL_comp,27,0.21428658892663777,0.12274776735690403,0.08333333333333333,-0.01555555555555562,0.142,Stable
ROCFITD,PH_epi,27,0.3691021118809667,0.007581834282206022,0.027000000000000017,0.008333333333333352,0.04099999999999995,Improving
ROCFITD,SECCHI_NVS,27,-0.20601048104984188,0.13858087777728878,-0.024999999999999967,-0.06166666666666668,0.005555555555555536,Stable
ROCFITD,TP_epi,27,-0.08583770043743412,0.5452089756292318,-0.017142857142857033,-0.09299999999999997,0.04666666666666666,Stable
ROCFITD,TP_hypo,26,0.38450767722654616,0.00663057232865066,0.29473684210526313,0.08999999999999998,0.4571428571428573,Worsening
