parameter,non_na_n,MK,SEN,tau,p.value,slope,significant,slope_dir,trend,mean_value,percent_change
CHL_comp,26,,,-0.046153850853443146,0.7576397657394409,1,FALSE,NA,Stable,4.209115384615385,23.757961201421825
PH_epi,26,,,0.2391408085823059,0.09337103366851807,1,FALSE,NA,Stable,6.764230769230769,14.783647011997497
SECCHI,26,,,0.13888955116271973,0.3318970203399658,1,FALSE,NA,Stable,3.0585673076923077,32.69504638609706
SPCD_epi,26,,,0.14461539685726166,0.3106250762939453,1,FALSE,NA,Stable,165.54807692307693,0.6040541325434163
TP_epi,26,,,0.055990878492593765,0.7072222232818604,1,FALSE,NA,Stable,10.94923076923077,9.133061683293523
TP_hypo,26,,,-0.2631629407405853,0.06379745900630951,1,FALSE,NA,Stable,25.100384615384616,3.9840026968633637
