parameter,non_na_n,MK,SEN,tau,p.value,slope,significant,slope_dir,trend,mean_value,percent_change
CHL_comp,23,,,-0.39920949935913086,0.008265054784715176,1,TRUE,increasing,Worsening,3.4688159420289857,28.828280794139754
PH_epi,23,,,0.5248602628707886,5.334615707397461e-4,1,TRUE,increasing,Improving,6.632521739130435,15.077221595825577
SECCHI,23,,,-0.003968285396695137,1,1,FALSE,NA,Stable,4.419420289855072,22.627402111890866
SPCD_epi,23,,,0.2964427173137665,0.050657033920288086,1,FALSE,NA,Stable,39.16644927536232,2.553205660715971
TP_epi,23,,,0.07128727436065674,0.6533346176147461,1,FALSE,NA,Stable,9.542391304347825,10.479553479895205
TP_hypo,23,,,-0.1304347962141037,0.39803558588027954,1,FALSE,NA,Stable,11.113840579710144,8.997789673406317
