STATIONID,parameter,n,tau,mk_p,sen_slope,sen_ci_lower,sen_ci_upper,trend
COBWINND,SPCD_epi,37,0.641623021059707,2.5171580969155405e-8,5.169930875576037,4.38,6.1875,Worsening
COBWINND,CHL_comp,38,0.16666683576728308,0.14468308164978091,0.029750000000000054,-0.013478260869565219,0.07615384615384617,Stable
COBWINND,PH_epi,37,0.2356538486505158,0.04248570337720789,0.006282894736842152,0,0.011612903225806461,Improving
COBWINND,SECCHI_NVS,38,-0.35556660994298733,0.0018817238010577601,-0.028571428571428574,-0.04431818181818184,-0.010227272727272712,Worsening
COBWINND,TP_hypo,37,0.5619437929358454,1.1986194948349429e-6,1.1533119658119657,0.65,1.7133333333333336,Worsening
COBWINND,TP_epi,37,0.635076546455349,6.24864820735149e-8,0.293212669683258,0.21428571428571427,0.36666666666666664,Worsening
