parameter,non_na_n,tau,p.value,slope,significant,slope_dir,trend,mean_value,percent_change
CHL_comp,41,-0.026829266920685768,0.8135330080986023,-0.01040540540540542,FALSE,NA,Stable,6.40290243902439,-0.16251075983895344
PH_epi,41,0.05266428738832474,0.6369483470916748,0.0013188405797101464,FALSE,NA,Stable,6.6623170731707315,0.019795524068062457
SECCHI,41,0.04056674987077713,0.7190020084381104,0.0018728956228956277,FALSE,NA,Stable,2.5039634146341463,0.07479724391936757
SPCD_epi,41,-0.03294692561030388,0.7702493071556091,-0.13249999999999995,FALSE,NA,Stable,71.45792682926829,-0.1854237953426457
TP_epi,41,0.0087137231603264809,0.9460279941558838,0,FALSE,NA,Stable,9.90609756097561,0
TP_hypo,24,0.25191405415534973,0.09461867809295654,0.11441558441558433,FALSE,NA,Stable,10.385416666666666,1.1016946944730286
