parameter,non_na_n,tau,p.value,slope,trend,mean_value,percent_change
CHL_comp,121,0.0684233009815216,0.2674238681793213,0.0060286050156739875,Stable,5.00996694214876,0.12033223143560975
SPCD_epi,122,0.3945445418357849,0,0.07727272727272708,Worsening,42.732540983606555,0.1808287677121076
PH_epi,121,-0.11448889970779419,0.06418569386005402,-0.0014554280670785505,Stable,6.950826446280992,-0.020938921124368896
TP_epi,122,-0.05627317354083061,0.3649318218231201,-0.005116279069767415,Stable,9.599180327868853,-0.05329912445663263
TP_hypo,121,-0.11469176411628723,0.06472476571798325,-0.02631578947368421,Stable,16.73876033057851,-0.15721468587856113
SECCHI,120,0.1531599760055542,0.014266133308410645,0.004351332398316976,Improving,3.8193333333333332,0.11392910800271364
