parameter,non_na_n,tau,p.value,slope,trend,mean_value,percent_change
CHL_comp,67,-0.15799011290073395,0.05965449661016464,-0.02689655172413791,Stable,5.968564179104478,-0.45063688547240294
SPCD_epi,70,-0.038573257625103,0.6408887505531311,-0.014166666666666513,Stable,25.55742857142857,-0.05543071998449743
PH_epi,70,0.17444051802158356,0.03401458263397217,0.003793103448275873,Improving,6.252142857142857,0.060668854422326314
TP_epi,67,0.011734137311577797,0.8959414958953857,0,Stable,8.065820895522387,0
TP_hypo,65,0.09445741772651672,0.2739943265914917,0.0363636363636364,Stable,13.451538461538462,0.27033068721179915
SECCHI,68,0.00712128309533,0.9366137981414795,0,Stable,4.04764705882353,0
