parameter,non_na_n,tau,p.value,slope,trend,mean_value,percent_change
CHL_comp,38,0.1251778093883357,0.2737971044707055,0.0589944725036622,Stable,6.416718421052631,0.919386961255882
PH_epi,36,-0.2571428571428571,0.02816400806938657,-0.013157885074615325,Worsening,6.998888888888889,-0.18799962799101116
SECCHI,38,-0.2631578947368421,0.02044382446294013,-0.02219184041023256,Worsening,2.483092105263158,-0.8937179721684417
SPCD_epi,37,0.2222222222222222,0.0544071323819737,0.5431249999999943,Stable,93.10891891891892,0.583322206192683
TP_epi,37,0.24924924924924924,0.030318299007117577,0.08739387512206931,Worsening,11.672162162162163,0.7487376709464802
TP_hypo,36,0.1746031746031746,0.13699898437548508,0.1123199462890617,Stable,14.723055555555556,0.7628847549018397
