parameter,non_na_n,tau,p.value,slope,trend,mean_value,percent_change
CHL_comp,15,0.08571428571428572,0.6921807727218765,0.05349994592368591,Stable,3.3549333333333333,1.5946649488420808
PH_epi,15,0.047619047619047616,0.8427045605391905,0.006923119425773287,Stable,6.518666666666666,0.10620453199693118
SECCHI,15,-0.18095238095238095,0.37305311625145254,-0.05178577221930035,Stable,4.6,-1.125777656941312
SPCD_epi,15,0.37142857142857144,0.06003829090957913,1.8622222587466262,Stable,60.404666666666664,3.082911240985729
TP_epi,15,0.19047619047619047,0.3326703749329136,0.05377502441406241,Stable,5.626666666666667,0.9557172585437632
TP_hypo,14,-0.4725274725274725,0.021488739119677414,-0.2313332805410029,Improving,8.195,-2.8228588229530556
