parameter,non_na_n,tau,p.value,slope,significant,slope_dir,trend,mean_value,percent_change
CHL_comp,38,-0.2094019204378128,0.06638898700475693,-0.07066666666666664,FALSE,decreasing,Improving (weak),6.416718421052631,-1.1012898187150642
PH_epi,36,0.014365746639668941,0.9131723642349243,3.8405797101449937e-4,FALSE,increasing,Improving (weak),6.998888888888889,0.0054874134610739716
SECCHI,38,0.11215605586767197,0.3321967124938965,0.00833333333333334,FALSE,increasing,Improving (weak),2.483092105263158,0.3356030698849237
SPCD_epi,37,0.051127877086400986,0.6659762859344482,0.15335968379446652,FALSE,increasing,Worsening (weak),93.10891891891892,0.16470998221772412
TP_epi,37,-0.05505514144897461,0.6460314989089966,-0.014249492900608472,FALSE,decreasing,Improving (weak),11.672162162162163,-0.12208100523826924
TP_hypo,36,0.04487387090921402,0.7127093076705933,0.041666666666666664,FALSE,increasing,Worsening (weak),14.723055555555556,0.28300284889534555
