STATIONID,parameter,n,tau,mk_p,sen_slope,sen_ci_lower,sen_ci_upper,trend
TUCSBYD,SPCD_epi,40,0.5375241644604957,1.1133703124666407e-6,0.30435185185185265,0.21159090909090914,0.48333333333333367,Worsening
TUCSBYD,CHL_comp,39,-0.26198520489450544,0.01955035714558859,-0.04499999999999999,-0.07571428571428569,-0.007823076923076933,Improving
TUCSBYD,PH_epi,40,-0.07984627150972076,0.47703266432212277,-0.00225694444444444,-0.009285714285714277,0.004090909090909084,Stable
TUCSBYD,SECCHI_NVS,40,-0.03769031860056758,0.7437527149472697,-0.003191798941798947,-0.018500000000000006,0.012500000000000011,Stable
TUCSBYD,TP_hypo,40,0.07917538890523639,0.48377038400683187,0.035098522167487683,-0.06153846153846159,0.13333333333333333,Stable
TUCSBYD,TP_epi,40,0.019757033603468338,0.8697105084353657,0,-0.049864864864864834,0.038461538461538464,Stable
