STATIONID,parameter,n,tau,mk_p,sen_slope,sen_ci_lower,sen_ci_upper,trend
PAWNOTSD,SPCD_epi,34,0.06607153391515719,0.5934817944438131,0.04285714285714279,-0.13933333333333356,0.23599999999999993,Stable
PAWNOTSD,CHL_comp,34,0.010704732180763761,0.9409066558101971,0.005000000000000042,-0.05961538461538461,0.06230769230769228,Stable
PAWNOTSD,PH_epi,34,0.18035504290634627,0.14152034285037518,0.005217391304347831,-0.0024999999999999467,0.01181818181818181,Stable
PAWNOTSD,SECCHI,19,-0.22941573387056177,0.18316204950394047,-0.032083333333333276,-0.07200000000000006,0.016470588235294105,Stable
PAWNOTSD,TP_hypo,34,-0.06904071590659358,0.5820571186078879,-0.03214285714285709,-0.1586206896551724,0.08333333333333333,Stable
PAWNOTSD,TP_epi,34,-0.056374912473854934,0.655233900279431,-0.015000000000000036,-0.08260869565217385,0.05555555555555555,Stable
