parameter,non_na_n,MK,SEN,tau,p.value,slope,significant,slope_dir,trend,mean_value,percent_change
CHL_comp,30,,,-0.23678162693977356,0.0687917172908783,1.0909090909090908,FALSE,NA,Stable,4.59121196969697,23.760808651600833
PH_epi,30,,,0.06936533004045486,0.604557991027832,1.0909090909090908,FALSE,NA,Stable,6.608833333333333,16.506833141135715
SECCHI,30,,,0.05536365881562233,0.6814100742340088,1.0909090909090908,FALSE,NA,Stable,4.289291666666667,25.433315700745247
SPCD_epi,30,,,0.46666669845581055,3.135204315185547e-4,1.0909090909090908,TRUE,increasing,Worsening,65.26833333333333,1.6714217066608477
TP_epi,30,,,-0.1916879564523697,0.1432221531867981,1.0909090909090908,FALSE,NA,Stable,7.5393333333333334,14.469569691074685
TP_hypo,30,,,0.29792463779449463,0.022292256355285645,1.0909090909090908,TRUE,increasing,Worsening,23.903333333333336,4.563836665356676
