parameter,non_na_n,MK,SEN,tau,p.value,slope,significant,slope_dir,trend,mean_value,percent_change
CHL_comp,11,,,0.12727274000644684,0.6404287815093994,1,FALSE,NA,Stable,6.781818181818182,14.745308310991955
PH_epi,11,,,0.11009638011455536,0.6962153911590576,1,FALSE,NA,Stable,6.741060606060606,14.83446090220494
SECCHI,11,,,-0.418181836605072,0.08676818013191223,1,FALSE,NA,Stable,4.237954545454546,23.596288947283746
SPCD_epi,11,,,0.20000001788139343,0.4362748861312866,1,FALSE,NA,Stable,112.5109090909091,0.8888027019602139
TP_epi,11,,,0.3818182051181793,0.11947095394134521,1,FALSE,NA,Stable,8.955151515151513,11.166756903086087
TP_hypo,11,,,0.20000001788139343,0.4362748861312866,1,FALSE,NA,Stable,53.483333333333334,1.869741352446245
