parameter,non_na_n,tau,p.value,slope,trend,mean_value,percent_change
CHL_comp,111,-0.0024610369000583887,0.9715374112129211,0,Stable,3.3394513513513515,0
PH_epi,110,0.060297027230262756,0.3549247980117798,5.479452054794526e-4,Stable,6.538463636363637,0.008380335747866789
SECCHI,110,0.027346014976501465,0.6772019863128662,4.0322580645161865e-4,Stable,4.933022727272728,0.008174010718060207
SPCD_epi,111,0.06735497713088989,0.29608798027038574,0.06390625000000005,Stable,76.36828828828828,0.08368165822802737
TP_epi,111,0.010155610155610156,0.8762513834989116,-1.970678575535409e-8,Stable,8.30045045045045,-2.3741826871919514e-7
TP_hypo,111,-0.021457821457821456,0.740107115542255,-0.0010538101196289063,Stable,14.494324324324324,-0.007270501860237843
