parameter,non_na_n,tau,p.value,slope,trend,mean_value,percent_change
CHL_comp,97,-0.013766417279839516,0.844325065612793,-8.421985815602937e-4,Stable,4.971723711340206,-0.016939770398730902
SPCD_epi,98,0.014750836417078972,0.8322646617889404,0.004375000000000018,Stable,40.76867346938776,0.010731278767961639
PH_epi,98,0.07840011268854141,0.25719308853149414,9.230769230769308e-4,Stable,6.412367346938775,0.01439525955289511
TP_epi,98,-0.1583036333322525,0.023227829486131668,-0.019753086419753083,Improving,10.691632653061225,-0.18475276003892058
TP_hypo,93,-0.11958220601081848,0.09629347175359726,-0.018518518518518517,Stable,11.68247311827957,-0.15851539593566524
SECCHI,100,2.044932043645531e-4,1,0,Stable,3.142275,0
