STATIONID,PARAMETER,n,tau,mk_p,sen_slope,sen_ci_lower,sen_ci_upper,TREND
NEWCNTD,SPCD_epi,24,0.6086956521739131,3.4378723541659484e-5,2.2870975232198143,1.5612500000000002,3.0325,Worsening
NEWCNTD,CHL_comp,24,-0.12318840579710146,0.41304588690452937,-0.0580555555555555,-0.2404545454545455,0.09000000000000075,Stable
NEWCNTD,PH_epi,24,0.4682403355732048,0.0014935145332913146,0.016937499999999984,0.00777777777777776,0.02846153846153847,Improving
NEWCNTD,SECCHI_NVS,24,-0.11462628461404008,0.4543337674254747,-0.0059191176470588195,-0.029545454545454562,0.010833333333333339,Stable
NEWCNTD,TP_epi,24,0.136298649391615,0.37015626176900013,0.0912878787878787,-0.05357142857142857,0.25,Stable
NEWCNTD,TP_hypo,17,-0.20897850190928627,0.2641522231953324,-0.21249999999999994,-0.5,0.2333333333333337,Stable
