parameter,non_na_n,MK,SEN,tau,p.value,slope,significant,slope_dir,trend,mean_value,percent_change
CHL_comp,34,,,-0.09277433902025223,0.449571430683136,1,FALSE,NA,Stable,5.290054745989305,18.903396051962556
PH_epi,35,,,-0.10446537286043167,0.3861888647079468,1,FALSE,NA,Stable,6.843985714285714,14.61136889740523
SECCHI,35,,,0.0033698505721986294,0.9886658191680908,1,FALSE,NA,Stable,3.0212797619047618,33.09855686351771
SPCD_epi,35,,,0.6067227125167847,3.5762786865234375e-7,1,TRUE,increasing,Worsening,62.59583333333333,1.597550422685216
TP_epi,35,,,0.09677920490503311,0.4257652759552002,1,FALSE,NA,Stable,12.202619047619049,8.194962049520985
TP_hypo,35,,,0.20590901374816895,0.0855705738067627,1,FALSE,NA,Stable,22.105,4.523863379325944
