STATIONID,PARAMETER,n,tau,mk_p,sen_slope,sen_ci_lower,sen_ci_upper,TREND
SUNSUN030,SPCD_epi,40,0.6384615384615384,7.015038723796562e-9,0.9629032258064514,0.7722222222222217,1.1428571428571428,Worsening
SUNSUN030,CHL_comp,40,0.00643505439999192,0.9628119149632932,2.220446049250313e-16,-0.014583333333333337,0.014999999999999994,Stable
SUNSUN030,PH_epi,40,0.19355241528469094,0.08232698452807148,0.004699820788530483,-8.333333333333895e-4,0.010416666666666666,Stable
SUNSUN030,SECCHI,38,0.1292231435061613,0.2625661070478154,0.011666666666666714,-0.012499999999999956,0.03235294117647053,Stable
SUNSUN030,TP_epi,40,0.5584361855259004,1.2711275078381416e-6,0.3,0.17857142857142858,0.42857142857142855,Worsening
