STATIONID,parameter,n,tau,mk_p,sen_slope,sen_ci_lower,sen_ci_upper,trend
ROCWIND,SPCD_epi,39,0.4807563553734224,1.7492657355960197e-5,1.1571428571428577,0.6299999999999992,1.568,Worsening
ROCWIND,CHL_comp,39,-0.03646185841315282,0.7531096496310892,-0.005769230769230766,-0.05928571428571429,0.04846153846153845,Stable
ROCWIND,PH_epi,39,-0.1417004048582996,0.20836472630402939,-0.004999999999999893,-0.013181818181818183,0.003124999999999989,Stable
ROCWIND,SECCHI_NVS,39,0.13469836570128493,0.2353421371953123,0.017045454545454544,-0.010483870967741941,0.03937500000000003,Stable
ROCWIND,TP_hypo,39,0.1167706793137072,0.3034738218050125,0.0625,-0.08333333333333333,0.1941176470588235,Stable
ROCWIND,TP_epi,39,0.06288978773537376,0.5854524141420681,0.025937500000000002,-0.05555555555555555,0.10434782608695654,Stable
