STATIONID,PARAMETER,n,tau,mk_p,sen_slope,sen_ci_lower,sen_ci_upper,TREND
HAUFRSD,SPCD_epi,22,0.021645021645021644,0.9101956836196836,0.014166666666665625,-0.6200000000000017,0.6833333333333336,Stable
HAUFRSD,CHL_comp,22,-0.030303030303030304,0.8656490997057351,-0.009062499999999973,-0.1955555555555556,0.21264583333333334,Stable
HAUFRSD,PH_epi,20,0.4274421211313799,0.009406659705687628,0.018944444444444417,0.005499999999999972,0.03500000000000006,Improving
HAUFRSD,SECCHI_NVS,22,-0.248371318167601,0.11388471586146946,-0.038095238095238106,-0.0714285714285714,0.006249999999999978,Stable
HAUFRSD,TP_epi,22,0.03930280900663612,0.8212457303188256,0.0117647058823529,-0.19000000000000003,0.21111111111111094,Stable
HAUFRSD,TP_hypo,21,0.4460547088784395,0.005403760930868076,0.5306818181818181,0.15000000000000036,0.8947368421052632,Worsening
