STATIONID,parameter,n,tau,mk_p,sen_slope,sen_ci_lower,sen_ci_upper,trend
DUTSPRD,SPCD_epi,36,-0.5639398125205909,1.419522398522895e-6,-0.20757870370370363,-0.2646153846153844,-0.15083333333333332,Improving
DUTSPRD,CHL_comp,36,0.052590058810713325,0.6627656907009677,0.003452380952380953,-0.009999999999999981,0.01894117647058824,Stable
DUTSPRD,PH_epi,36,0.25338846517889146,0.03131080772810426,0.008680555555555565,6.249999999999645e-4,0.01599999999999998,Improving
DUTSPRD,SECCHI,9,-0.09284766908852594,0.8255475691294885,0,-0.06666666666666672,0.06666666666666665,Stable
DUTSPRD,TP_hypo,10,0.522862326927363,0.04729228348633322,0.5,0,1.125,Worsening
DUTSPRD,TP_epi,36,0.06099903517524571,0.6137095791854137,0.014907407407407421,-0.088,0.10875000000000001,Stable
