STATIONID,parameter,n,tau,mk_p,sen_slope,sen_ci_lower,sen_ci_upper,trend
BEASWHD,SPCD_epi,34,-0.06804007289089795,0.5831109628232107,-0.01833333333333324,-0.08333333333333333,0.04999999999999992,Stable
BEASWHD,CHL_comp,34,-0.1391615183499289,0.25361716979412924,-0.030000000000000006,-0.08333333333333333,0.023571428571428577,Stable
BEASWHD,PH_epi,34,0.0017921405965075036,1,0,-0.007500000000000062,0.007962962962962958,Stable
BEASWHD,SECCHI,19,-0.2631578947368421,0.1237151787517388,-0.041071428571428585,-0.0818181818181818,0.013749999999999929,Stable
BEASWHD,TP_hypo,34,-0.21923203990682077,0.07443894876209148,-0.10909090909090911,-0.21818181818181823,0,Stable
BEASWHD,TP_epi,34,0.16532436293300454,0.17683683712218434,0.06166666666666661,-0.03681818181818184,0.15,Stable
