STATIONID,parameter,n,tau,mk_p,sen_slope,sen_ci_lower,sen_ci_upper,trend
SUNSUN1001,CHL_comp,22,-0.3442339321972014,0.02766061405821465,-0.03466666666666666,-0.06833333333333332,-0.0040000000000000036,Improving
