parameter,non_na_n,tau,p.value,slope,trend,mean_value,percent_change
CHL_comp,100,0.008293726481497288,0.9051709175109863,9.794520547945229e-4,Stable,4.9102125,0.019947243725083646
SPCD_epi,104,0.040534231811761856,0.5440493822097778,0.04861003861003861,Stable,132.96028846153845,0.03655981735035125
PH_epi,104,0.25860360264778137,1.1181831359863281e-4,0.003698005698005693,Improving,6.667403846153846,0.05546395243688324
TP_epi,104,0.16987402737140656,0.01326596736907959,0.02484567901234568,Worsening,11.393173076923077,0.21807514767480107
TP_hypo,97,0.252836674451828,3.2901763916015625e-4,0.08112025068546808,Worsening,15.41701030927835,0.5261736812658667
SECCHI,101,-0.13403703272342682,0.04973481595516205,-0.004136904761904765,Worsening,2.784980198019802,-0.14854341746653063
