parameter,non_na_n,tau,p.value,slope,trend,mean_value,percent_change
CHL_comp,136,0.05670049414038658,0.32885074615478516,0.003625686813186814,Stable,4.511653676470588,0.08036270230792947
SPCD_epi,133,0.1628161072731018,0.005539655685424805,0.03157894736842087,Worsening,49.08481203007519,0.06433547580679713
PH_epi,133,-0.014920650981366634,0.8018025755882263,-1.6129032258069904e-5,Stable,6.838112781954887,-2.3586964375072679e-4
TP_epi,133,-0.00901938695460558,0.8808050751686096,0,Stable,12.143308270676691,0
TP_hypo,134,-0.052002955228090286,0.3761465549468994,-0.032941176470588245,Stable,38.75380597014925,-0.08500113897448348
SECCHI,135,-0.12144990265369415,0.03839467093348503,-0.00454545454545453,Worsening,4.040266666666667,-0.11250382513005404
