parameter,non_na_n,tau,p.value,slope,trend,mean_value,percent_change
CHL_comp,41,0.11348384618759155,0.3014150857925415,0.014622943722943725,Stable,3.240941463414634,0.451194317701039
SPCD_epi,43,-0.5939058661460876,2.1521092463672176e-8,-0.13666666666666671,Improving,13.412558139534884,-1.0189455676156791
PH_epi,42,0.21511641144752502,0.04611778259277344,0.009999999999999948,Improving,5.771571428571429,0.17326303804361187
TP_epi,43,0.19418147206306458,0.07122993469238281,0.03125,Stable,7.971627906976744,0.39201528677285724
TP_hypo,40,0.10267361998558044,0.36245405673980713,0.039796380090497754,Stable,12.877,0.3090500900093015
SECCHI,44,0.04898964986205101,0.6487389802932739,0.003779761904761922,Stable,4.157727272727273,0.09090932754429024
