STATIONID,PARAMETER,n,tau,mk_p,sen_slope,sen_ci_lower,sen_ci_upper,TREND
WINPLACD,SPCD_epi,39,0.7139001349527665,1.6900728155112487e-10,1.0878947368421046,0.8255555555555547,1.3033333333333332,Worsening
WINPLACD,CHL_comp,39,-0.014885034214254609,0.9036830742282873,-0.0010714285714285645,-0.020000000000000018,0.01305555555555555,Stable
WINPLACD,PH_epi,37,0.04377419578513638,0.7140456403631285,0.0014215686274509501,-0.003823529411764729,0.00714285714285716,Stable
WINPLACD,SECCHI_NVS,39,-0.3067969191586967,0.00707834437328165,-0.03750000000000009,-0.0625,-0.010416666666666666,Worsening
WINPLACD,TP_epi,39,-0.25778073302038657,0.027523945316883236,-0.05142857142857142,-0.125,0,Improving
WINPLACD,TP_hypo,39,-0.30855319802823394,0.006408341558824971,-0.08281249999999996,-0.14285714285714285,-0.023157894736842127,Improving
