parameter,non_na_n,MK,SEN,tau,p.value,slope,significant,slope_dir,trend,mean_value,percent_change
CHL_comp,27,,,0.23646721243858337,0.08736824989318848,1.0555555555555556,FALSE,NA,Stable,5.835996296296297,18.086981244752394
PH_epi,27,,,-0.0028571542352437973,1,1.0555555555555556,FALSE,NA,Stable,6.643888888888889,15.887616021406473
SECCHI,27,,,-0.42571598291397095,0.002024022862315178,1.0555555555555556,TRUE,increasing,Improving,4.284907407407408,24.63426756272014
SPCD_epi,27,,,0.23646721243858337,0.08736824989318848,1.0555555555555556,FALSE,NA,Stable,125.01777777777778,0.8443243627572967
TP_epi,26,,,-0.012521417811512947,0.9470511674880981,1.0555555555555556,FALSE,NA,Stable,7.461923076923076,14.145891677977653
TP_hypo,26,,,0.11419808119535446,0.42726433277130127,1.0555555555555556,FALSE,NA,Stable,18.830384615384617,5.605597427325812
