stationid,parameter,n,tau,mk_p,sen_slope,sen_ci_lower,sen_ci_upper,trend
LEDSUND,SECCHI,43,-0.18337482092311388,0.08922537322574979,-0.00810344827586208,-0.016675000000000016,0,Stable
LEDSUND,TP_epi,44,0.2984077718505204,0.006153276554355752,0.04494949494949495,0,0.07692307692307693,Worsening
LEDSUND,SPCD_epi,43,-0.35900282517826787,7.234987429651916e-4,-0.07041666666666664,-0.10529411764705877,-0.03739130434782606,Improving
LEDSUND,PH_epi,43,0.35869099918458813,7.495337953922321e-4,0.01416666666666666,0.006428571428571418,0.020000000000000018,Improving
LEDSUND,TP_hypo,39,0.08502712798142947,0.47105481210930905,0,-0.029411764705882353,0.07407407407407407,Stable
LEDSUND,CHL_comp,44,0.25727930804364746,0.014364083191294294,0.025694980694980694,0.006199999999999998,0.04884615384615384,Worsening
LEDSUND,Year,44,0.9899067801585185,6.92268136692196e-21,0.5454545454545454,0.5333333333333333,0.5588235294117647,Stable
