parameter,non_na_n,tau,p.value,slope,trend,mean_value,percent_change
CHL_comp,55,0.05392655357718468,0.5662729740142822,0.008297872340425543,Stable,4.59936,0.1804136301664915
SPCD_epi,54,-0.46935346722602844,5.976295938125986e-7,-0.12921052631578947,Improving,21.10685185185185,-0.6121733701582452
PH_epi,53,0.14035463333129883,0.14257097244262695,0.0036939571150097477,Stable,6.457358490566038,0.057205390105048104
TP_epi,55,0.27822694182395935,0.0031244754791259766,0.04882352941176471,Worsening,7.766727272727273,0.62862422867876
TP_hypo,54,0.28401294350624084,0.0025691986083984375,0.19230769230769232,Worsening,16.076666666666668,1.1961913268154196
SECCHI,54,-0.16924363374710083,0.0732087567448616,-0.011999999999999993,Stable,4.3980092592592595,-0.2728507216017346
