stationid,parameter,n,tau,mk_p,sen_slope,sen_ci_lower,sen_ci_upper,trend
PEARIND,SECCHI,96,0.14031608450301897,0.04793278626512883,0.0022305140961857385,0,0.0046511627906976735,Improving
PEARIND,TP_epi,101,-0.1521778355470396,0.025288827114598022,-0.0762202380952381,-0.14285714285714285,-0.0032786885245901522,Improving
PEARIND,SPCD_epi,95,0.4087395599399904,4.5936346894869305e-9,0.4418604651162791,0.310263157894737,0.5603773584905661,Worsening
PEARIND,PH_epi,96,0.08672796488274764,0.21449797613012261,0.0013157894736842116,-7.142857142857149e-4,0.003333333333333336,Stable
PEARIND,TP_hypo,97,0.0038751454193544257,0.9577404721939285,0,-0.1892857142857142,0.3125,Stable
PEARIND,CHL_comp,97,-0.33469388527388494,1.2180820723266335e-6,-0.10084246575342466,-0.14058823529411768,-0.06379310344827585,Improving
PEARIND,Year,103,0.9875485997241135,2.5363661517196888e-48,0.3125,0.30612244897959184,0.32075471698113206,Stable
