STATIONID,parameter,n,tau,mk_p,sen_slope,sen_ci_lower,sen_ci_upper,trend
SUNSUN090,CHL_comp,39,-0.3060274813465585,0.006470664433135285,-0.017500000000000005,-0.029523809523809518,-0.006634615384615388,Improving
