STATIONID,parameter,n,tau,mk_p,sen_slope,sen_ci_lower,sen_ci_upper,trend
GRASTDD,SPCD_epi,37,0.40721273701915833,4.1305367247923417e-4,0.5813888888888887,0.30800000000000033,0.8492857142857133,Worsening
GRASTDD,CHL_comp,37,-0.08120309933082168,0.488121737982405,-0.004591397849462359,-0.0168,0.008846153846153846,Stable
GRASTDD,PH_epi,36,0.20414906729358742,0.08348437814196173,0.006666666666666711,-0.0011111111111111202,0.01642857142857146,Stable
GRASTDD,SECCHI_NVS,37,-0.15083110670555577,0.1951566930187091,-0.02813043478260869,-0.08846153846153836,0.014583333333333318,Stable
GRASTDD,TP_hypo,37,-0.07522968602556879,0.5284581245012638,-0.006562499999999989,-0.08090909090909092,0.027777777777777776,Stable
GRASTDD,TP_epi,37,0.012938887184033373,0.9253892510006766,0,-0.03416666666666668,0.024722222222222215,Stable
