parameter,non_na_n,MK,SEN,tau,p.value,slope,significant,slope_dir,trend,mean_value,percent_change
CHL_comp,40,,,-0.08461538702249527,0.4488597512245178,1,FALSE,NA,Stable,4.234849047619048,23.613592568600016
PH_epi,40,,,-0.14258216321468353,0.1998865306377411,1,FALSE,NA,Stable,6.69482261904762,14.936915537610707
SECCHI,40,,,0.0847240760922432,0.44879817962646484,1,FALSE,NA,Stable,4.011839285714286,24.926222831529888
SPCD_epi,40,,,0.5323926210403442,1.430511474609375e-6,1,TRUE,increasing,Worsening,31.62817380952381,3.1617380314853403
TP_epi,40,,,-0.09389115869998932,0.40135860443115234,1,FALSE,NA,Stable,10.834839285714285,9.22948623076023
TP_hypo,40,,,0.09120120108127594,0.41464972496032715,1,FALSE,NA,Stable,12.328375,8.11136909771158
