parameter,non_na_n,tau,p.value,slope,trend,mean_value,percent_change
CHL_comp,72,0.15661711990833282,0.05241262912750244,0.01882857142857143,Stable,4.334748611111111,0.4343636302301085
SPCD_epi,81,0.5783135294914246,0,2.953571428571429,Worsening,366.93728395061726,0.804925407626041
PH_epi,66,0.10578133165836334,0.2129347324371338,0.0028571428571428385,Stable,7.339242424242424,0.038929670012062045
TP_epi,71,0.4928055703639984,0,0.13043478260869565,Worsening,12.421267605633803,1.0500923637579107
TP_hypo,69,0.39092668890953064,2.2649765014648438e-06,0.2861263736263736,Worsening,25.895652173913042,1.1049205160185684
SECCHI,66,-0.3714642822742462,1.1353729860275052e-5,-0.02368421052631579,Worsening,3.8684469696969694,-0.612240796160405
