parameter,non_na_n,tau,p.value,slope,trend,mean_value,percent_change
CHL_comp,74,0.2602739726027397,0.0010429116251531312,0.05500002838671166,Worsening,2.598422972972973,2.1166695706890106
PH_epi,76,0.3543859649122807,5.89803108974607e-6,0.017500016987323903,Improving,6.304605263157895,0.27757514161256736
SECCHI,77,-0.24914559125085442,0.0013514685843740715,-0.04999998044222573,Worsening,6.170844155844156,-0.8102615975947598
SPCD_epi,76,-0.051228070175438595,0.5151799131659356,-0.0799999690242123,Stable,35.92776315789474,-0.22266893898356477
TP_epi,76,0.005263157894736842,0.948871474326308,1.6288832380823006e-8,Stable,6.501315789473685,2.5054670328729985e-7
TP_hypo,76,0.07438596491228071,0.3430575716396307,0.033333316240459675,Stable,8.528684210526317,0.39083773554798595
