STATIONID,parameter,n,tau,mk_p,sen_slope,sen_ci_lower,sen_ci_upper,trend
GARBATD,SPCD_epi,16,0.06666666666666667,0.7526419827681854,0.09820454545454543,-0.472727272727273,0.5508333333333333,Stable
GARBATD,CHL_comp,16,0.36666666666666664,0.052871592614987556,0.1631944444444447,-0.009285714285714277,0.38449999999999995,Stable
GARBATD,PH_epi,16,0.2833333333333333,0.1373470969847837,0.02937500000000015,-0.008000000000000007,0.05833333333333327,Stable
GARBATD,SECCHI_NVS,16,0.4166666666666667,0.027376765789661653,0.06036363636363633,0.010166666666666657,0.10555555555555553,Improving
GARBATD,TP_hypo,9,0.40016336533252056,0.17058693287144136,0.6726190476190477,-1.4,3.2,Stable
GARBATD,TP_epi,16,0.4810511993647416,0.011440038534781313,0.38531468531468527,0.05624999999999991,0.6749999999999998,Worsening
