STATIONID,parameter,n,tau,mk_p,sen_slope,sen_ci_lower,sen_ci_upper,trend
FRAHSBD,SPCD_epi,18,0.20261437908496735,0.2558180494665365,0.44615384615384646,-0.33142857142857146,1.104,Stable
FRAHSBD,CHL_comp,18,0.019607843137254905,0.9396136982356221,0.007499999999999951,-0.15214285714285714,0.21111111111111114,Stable
FRAHSBD,PH_epi,18,0.2941176470588236,0.0955902198522511,0.019999999999999574,-0.003214285714285709,0.0433333333333333,Stable
FRAHSBD,SECCHI_NVS,18,-0.22295201801997958,0.21098491316679918,-0.09727272727272727,-0.19454545454545455,0.012499999999999987,Stable
FRAHSBD,TP_hypo,18,0.3594771241830066,0.04081584761596267,0.3083333333333333,0.014999999999999977,0.5272727272727272,Worsening
FRAHSBD,TP_epi,18,0.26229649178821124,0.13932985609787188,0.20000000000000007,-0.1043333333333333,0.566666666666667,Stable
