parameter,non_na_n,MK,SEN,tau,p.value,slope,significant,slope_dir,trend,mean_value,percent_change
CHL_comp,36,,,0.3301587700843811,0.0048094987869262695,1,TRUE,increasing,Worsening,2.1890796296296298,45.68129849936934
PH_epi,36,,,0.48330745100975037,3.6597251892089844e-5,1,TRUE,increasing,Improving,6.150833333333334,16.257959626066928
SECCHI,36,,,-0.24940438568592072,0.03358187898993492,1,TRUE,increasing,Improving,8.203327546296297,12.19017519849598
SPCD_epi,36,,,-0.5492063760757446,2.611713398437132e-6,1,TRUE,increasing,Worsening,19.115694444444443,5.231303539122158
TP_epi,36,,,0.0666310042142868,0.5842463970184326,1,FALSE,NA,Stable,5.538981481481481,18.053860684375053
TP_hypo,36,,,0.038778338581323624,0.753358006477356,1,FALSE,NA,Stable,6.4443518518518514,15.517464331384073
