parameter,non_na_n,MK,SEN,tau,p.value,slope,significant,slope_dir,trend,mean_value,percent_change
CHL_comp,20,,,0.3578947186470032,0.02972257137298584,1.0588235294117647,TRUE,increasing,Worsening,3.1273316666666666,33.85709103698408
PH_epi,20,,,0.1789473593235016,0.284321665763855,1.0588235294117647,FALSE,NA,Stable,5.767475,18.358528288579745
SECCHI,20,,,0.10026419907808304,0.5590152740478516,1.0588235294117647,FALSE,NA,Stable,4.0825000000000005,25.935665141745613
SPCD_epi,20,,,-0.5789473056793213,4.0557849570177495e-4,1.0588235294117647,TRUE,increasing,Worsening,13.705,7.725819258750563
TP_epi,20,,,0.2328074872493744,0.16254138946533203,1.0588235294117647,FALSE,NA,Stable,8.173583333333333,12.954214647738322
TP_hypo,17,,,0.27306461334228516,0.1377573013305664,1.0588235294117647,FALSE,NA,Stable,12.453823529411764,8.50199560730227
