STATIONID,parameter,n,tau,mk_p,sen_slope,sen_ci_lower,sen_ci_upper,trend
RUSWOLD,SPCD_epi,38,0.7695590327169276,1.1304766586170349e-11,1.3499999999999979,1.1023076923076927,1.5772727272727274,Worsening
RUSWOLD,CHL_comp,38,-0.12962976115233127,0.25778148227463576,-0.013461538461538448,-0.036666666666666674,0.010745454545454574,Stable
RUSWOLD,PH_epi,36,-0.01610475099034579,0.9022345942624544,0,-0.005384615384615372,0.0057142857142857195,Stable
RUSWOLD,SECCHI_NVS,38,-0.2326016583110903,0.042682726857281326,-0.016666666666666705,-0.03513513513513513,0,Worsening
RUSWOLD,TP_hypo,37,0.1954474107620856,0.09585365260465659,0.08544973544973544,-0.002857142857142847,0.18333333333333326,Stable
RUSWOLD,TP_epi,38,-0.16703914903792672,0.14750407571722546,-0.03312499999999999,-0.08571428571428573,0.011666666666666678,Stable
