parameter,non_na_n,tau,p.value,slope,trend,mean_value,percent_change
CHL_comp,114,0.10086420178413391,0.11305046081542969,0.004782608695652175,Stable,3.070097368421053,0.15578035878750857
PH_epi,116,0.015560539439320564,0.8076251745223999,9.689196779629484e-5,Stable,6.75451724137931,0.001434476578173764
SECCHI,109,-0.10078437626361847,0.1268320381641388,-0.003846153846153838,Stable,5.899862385321101,-0.06519056877874128
SPCD_epi,116,-0.06572631746530533,0.2970629334449768,-0.024868421052631283,Stable,70.31431034482759,-0.03536751044086808
TP_epi,116,0.09295352323838081,0.13870164210679192,0.017499998211860657,Stable,7.435431034482758,0.23535956598483918
TP_hypo,113,-0.14807206068268014,0.01982613103854791,-0.081111155264079,Improving,14.58424778761062,-0.55615590495509315
