parameter,non_na_n,tau,p.value,slope,significant,slope_dir,trend,mean_value,percent_change
CHL_comp,101,0.02442180924117565,0.72032928466796875,0.001602564102564103,FALSE,NA,Stable,2.748608910891089,0.05830455166663043
PH_epi,108,0.04126478359103203,0.5308207273483276,4.0678433535576127e-4,FALSE,NA,Stable,6.764259259259259,0.006013730694886278
SECCHI,110,-0.012661274522542953,0.8482707738876343,0,FALSE,NA,Stable,6.502363636363636,0
SPCD_epi,108,0.07512820512056351,0.2513725757598877,0.01983606557377048,FALSE,NA,Stable,47.2787962962963,0.04195552156078133
TP_epi,109,-0.0899428203701973,0.21779316663742065,0,FALSE,NA,Stable,5.578715596330275,0
TP_hypo,105,-0.08664052933454514,0.22683346271514893,0,FALSE,NA,Stable,6.207238095238095,0
