stationid,parameter,n,tau,mk_p,sen_slope,sen_ci_lower,sen_ci_upper,trend
CHANBYD,SECCHI,135,-0.4314428531225737,6.601217851417746e-13,-0.0062500000000000056,-0.008181818181818184,-0.0045045045045045045,Worsening
CHANBYD,TP_epi,137,0.11123764348729383,0.06452092151238495,0.00847457627118644,0,0.023809523809523808,Stable
CHANBYD,SPCD_epi,136,0.4720573930362639,3.868594953088675e-16,0.15631118881118877,0.12427184466019414,0.18725490196078426,Worsening
CHANBYD,PH_epi,135,0.21095552823036973,3.0493646357809606e-4,0.002272727272727275,0.0011235955056179735,0.0035135135135135106,Improving
CHANBYD,TP_hypo,107,0.07942198451859175,0.24748115339439214,0,0,0.02857142857142857,Stable
CHANBYD,CHL_comp,134,0.1917978993028322,0.0010324782516695384,0.014533333333333332,0.006078431372549016,0.023,Worsening
CHANBYD,Year,140,0.9885781415927338,7.576603922338986e-66,0.27961545471113536,0.26666666666666666,0.29,Stable
