parameter,non_na_n,tau,p.value,slope,significant,slope_dir,trend,mean_value,percent_change
CHL_comp,32,-0.03629032149910927,0.7827940583229065,-0.009093333333333328,FALSE,decreasing,Improving (weak),6.93151875,-0.13118818056047715
PH_epi,33,0.2737662196159363,0.026639103889465332,0.017321428571428613,TRUE,increasing,Improving (significant),6.701818181818182,0.25845864661654194
SECCHI,33,-0.003816904965788126,0.9876238703727722,0,FALSE,NA,Stable,2.0984090909090907,0
SPCD_epi,33,-0.06818182021379471,0.587608814239502,-0.32868421052631613,FALSE,decreasing,Improving (weak),75.16818181818182,-0.43726508021883986
TP_epi,32,0.05888473615050316,0.649455189704895,0.03245614035087718,FALSE,increasing,Worsening (weak),18.621875,0.17429039960195838
TP_hypo,32,-0.1600831151008606,0.20557498931884766,-0.09345238095238101,FALSE,decreasing,Improving (weak),20.771875,-0.44989862952853804
