parameter,non_na_n,tau,p.value,slope,significant,slope_dir,trend,mean_value,percent_change
CHL_comp,165,0.0455925278365612,0.38613438606262207,0.003854497354497353,FALSE,NA,Stable,5.526773313131313,0.06974227340461525
PH_epi,170,-0.003988297190517187,0.9398336410522461,0,FALSE,NA,Stable,6.909323529411765,0
SECCHI,176,-0.036630768328905106,0.4757412075996399,-6.557447540419669e-4,FALSE,NA,Stable,3.525333806818182,-0.018600926606544943
SPCD_epi,169,-0.14869628846645355,0.0041399504989385605,-0.17336391437308873,TRUE,decreasing,Improving,162.51082840236685,-0.10667837711333937
TP_epi,168,0.004215842578560114,0.9393815994262695,0,FALSE,NA,Stable,8.467142857142857,0
TP_hypo,160,-0.12928327918052673,0.017485449090600014,-0.024390243902439025,TRUE,decreasing,Improving,15.3054375,-0.1593567247093657
