parameter,non_na_n,tau,p.value,slope,trend,mean_value,percent_change
CHL_comp,15,0.238095223903656,0.234954833984375,0.06199999999999992,Worsening,2.7931266666666668,2.2197346343046833
PH_epi,15,0.02884748764336109,0.9209654331207275,0.0022222222222222734,Improving,6.559666666666667,0.03387706014872108
SECCHI,15,0.11131572723388672,0.6124451160430908,0,Improving,3.0016666666666665,0
SPCD_epi,15,0.10476189851760864,0.6206907033920288,0.08285714285714312,Worsening,29.717333333333332,0.27881755717362405
TP_epi,14,-0.08791208791208792,NA,NA,Improving,11.1,NA
TP_hypo,6,NA,NA,NA,insufficient data,12.15,NA
