parameter,non_na_n,tau,p.value,slope,significant,slope_dir,trend,mean_value,percent_change
CHL_comp,116,-0.004051317926496267,0.9505310654640198,-4.027113237639468e-4,FALSE,decreasing,Improving (weak),4.763077586206896,-0.008454855426460694
PH_epi,119,-0.07485418766736984,0.2304527759552002,-9.67741935483879e-4,FALSE,decreasing,Worsening (weak),6.151067226890756,-0.015732911050836514
SECCHI,116,-0.11068009585142136,0.08165934681892395,-0.0029733893557422966,FALSE,decreasing,Worsening (weak),3.022314655172414,-0.09838119769077033
SPCD_epi,119,-0.006134101655334234,0.9231464862823486,-7.812499999999556e-4,FALSE,decreasing,Improving (weak),31.199117647058824,-0.002504077226919925
TP_epi,117,0.009720681235194206,0.8800094127655029,0,FALSE,NA,Stable,10.6908547008547,0
TP_hypo,118,-0.12638023495674133,0.04480539262294769,-0.0304347826086957,TRUE,decreasing,Improving (significant),17.70305084745763,-0.17191829177323129
