parameter,non_na_n,tau,p.value,slope,trend,mean_value,percent_change
CHL_comp,37,-0.14414414763450623,0.2140544056892395,-0.05392857142857142,Stable,4.813062162162162,-1.1204628074935397
SPCD_epi,37,0.2569497227668762,0.026175379753112793,0.43579545454545465,Worsening,65.2777027027027,0.6676023151890291
PH_epi,37,0.01959320530295372,0.8752340078353882,5.769230769230816e-4,Stable,6.819054054054054,0.008460456132916122
TP_epi,37,0.04397483915090561,0.7138581275939941,0.0182435897435898,Stable,10.84918918918919,0.16815625043914664
TP_hypo,23,-0.10640379041433334,0.5053505897521973,-0.042857142857142705,Stable,12.233478260869566,-0.3503267177432854
SECCHI,38,0.08063959330320358,0.4885803461074829,0.002857142857142847,Stable,2.7732894736842106,0.1030236073173869
