parameter,non_na_n,tau,p.value,slope,trend,mean_value,percent_change
CHL_comp,116,-0.07286356821589206,0.2469261800874385,-0.01333338741213089,Stable,3.5883706896551724,-0.3715721859664441
PH_epi,114,0.24545877969259433,1.0776052151184601e-4,0.007999936640263047,Improving,6.551850877192982,0.12210193409790288
SECCHI,116,-0.1505247376311844,0.016529946454723055,-0.01718747988343239,Worsening,5.793788793103448,-0.296653545671034
SPCD_epi,115,0.1589626239511823,0.011809607014394485,0.10500000319443742,Worsening,49.03217391304348,0.21414511088301033
TP_epi,113,0.03255372945638432,0.6078658768785161,2.793967671518196e-9,Stable,6.481681415929204,4.3105600109437915e-8
TP_hypo,112,-0.019305019305019305,0.7644414664593517,1.8812717224436497e-8,Stable,13.935267857142858,1.3500075791362405e-7
