STATIONID,parameter,n,tau,mk_p,sen_slope,sen_ci_lower,sen_ci_upper,trend
NUBNELD,SPCD_epi,37,-0.6186186186186187,7.640429943255867e-8,-0.155078125,-0.20636363636363633,-0.11666666666666596,Improving
NUBNELD,CHL_comp,36,-0.20492460793001754,0.0812225461621371,-0.012189705882352943,-0.02615833333333332,0.0015000000000000057,Stable
NUBNELD,PH_epi,40,0.22336347030240403,0.04381015651711707,0.008897569444444465,2.0000000000003126e-4,0.015921052631578957,Improving
NUBNELD,SECCHI_NVS,13,-0.11613144917081454,0.6248544649570991,-0.10777777777777792,-0.4833333333333334,0.2124999999999999,Stable
NUBNELD,TP_hypo,36,-0.18911130650630897,0.11050749499934466,-0.05385752688172045,-0.13000000000000006,0.014999999999999986,Stable
NUBNELD,TP_epi,36,-0.5385106375307686,2.16951968333542e-5,-0.06666666666666667,-0.11290322580645161,0,Improving
