parameter,non_na_n,MK,SEN,tau,p.value,slope,significant,slope_dir,trend,mean_value,percent_change
CHL_comp,38,,,-0.20910383760929108,0.0664319172501564,1,FALSE,NA,Stable,1.936755701754386,51.63273814524788
PH_epi,38,,,0.19487908482551575,0.08730673789978027,1,FALSE,NA,Stable,6.621162280701754,15.103088515359776
SECCHI,38,,,-0.2471451461315155,0.03050214983522892,1,TRUE,increasing,Improving,6.04530701754386,16.541757053826007
SPCD_epi,38,,,-0.29729729890823364,0.008923892863094807,1,TRUE,increasing,Worsening,27.802719298245616,3.59677047871753
TP_epi,38,,,-0.29041963815689087,0.011045193299651146,1,TRUE,increasing,Worsening,5.264561403508772,18.994934684084246
TP_hypo,38,,,-0.061606161296367645,0.597156822681427,1,FALSE,NA,Stable,6.97280701754386,14.341426594540193
