parameter,non_na_n,MK,SEN,tau,p.value,slope,significant,slope_dir,trend,mean_value,percent_change
CHL_comp,36,,,-0.20174749195575714,0.0860903263092041,1,FALSE,NA,Stable,1.2711032407407408,78.67181578557269
PH_epi,44,,,0.3343917429447174,0.0014410018920898438,1,TRUE,increasing,Improving,6.1889962121212125,16.15770903271018
SECCHI,36,,,-0.24343743920326233,0.0383632592856884,1,TRUE,increasing,Improving,10.800740740740741,9.258624237020781
SPCD_epi,37,,,-0.6186186075210571,7.640416299636854e-8,1,TRUE,increasing,Worsening,16.934481981981982,5.90511124617797
TP_epi,36,,,-0.5700884461402893,5.2902823881595396e-6,1,TRUE,increasing,Worsening,4.194861111111111,23.838691520709865
TP_hypo,36,,,-0.25865331292152405,0.028991583734750748,1,TRUE,increasing,Worsening,5.97625,16.73290106672244
