parameter,non_na_n,MK,SEN,tau,p.value,slope,significant,slope_dir,trend,mean_value,percent_change
CHL_comp,21,,,-0.190476194024086,0.23892420530319214,1,FALSE,NA,Stable,3.7700095238095237,26.525131930953822
PH_epi,21,,,-0.08571428805589676,0.6077080965042114,1,FALSE,NA,Stable,7.016349206349206,14.252426305906841
SECCHI,21,,,-0.22966770827770233,0.15544724464416504,1,FALSE,NA,Stable,3.328531746031746,30.043276624661715
SPCD_epi,22,,,0.3036883473396301,0.051602959632873535,1,FALSE,NA,Stable,64.738,1.5446878185918627
TP_epi,21,,,0.24039572477340698,0.13812553882598877,1,FALSE,NA,Stable,10.507936507936508,9.516616314199396
TP_hypo,21,,,-0.3610830307006836,0.026608269661664963,1,TRUE,increasing,Worsening,14.222222222222221,7.03125
