STATIONID,parameter,n,tau,mk_p,sen_slope,sen_ci_lower,sen_ci_upper,trend
ROCCROD,SPCD_epi,36,0.08253968253968255,0.4872648904642324,0.152586206896551,-0.31666666666666654,0.5586956521739131,Stable
ROCCROD,CHL_comp,36,-0.023828442782560178,0.8487526392562733,-0.003975694444444451,-0.03650000000000002,0.03333333333333329,Stable
ROCCROD,PH_epi,36,-0.049601587276189664,0.6824977549955591,-9.468339307048783e-4,-0.00588235294117645,0.0042857142857143215,Stable
ROCCROD,SECCHI_NVS,36,-0.2709035420466611,0.023861277050996187,-0.020000000000000018,-0.04,0,Worsening
ROCCROD,TP_hypo,36,-0.11804789298879571,0.3252831143774125,-0.09090909090909091,-0.3064516129032258,0.08620689655172414,Stable
ROCCROD,TP_epi,36,-0.14787119128764734,0.22241466553728065,-0.044602272727272733,-0.10714285714285714,0.015625,Stable
