STATIONID,parameter,n,tau,mk_p,sen_slope,sen_ci_lower,sen_ci_upper,trend
WINWEBD,SPCD_epi,31,-0.31612903225806455,0.013083919895177765,-0.37083333333333357,-0.6499999999999986,-0.07611111111111137,Improving
WINWEBD,CHL_comp,31,0.04736278309072039,0.7211095322566394,0.0050000000000000044,-0.028055555555555573,0.035038461538461525,Stable
WINWEBD,PH_epi,31,0.25946325003864634,0.04296645840362017,0.007750000000000012,0,0.013888888888888888,Improving
WINWEBD,SECCHI,18,-0.09180377212587394,0.6221795424021981,-0.01909090909090909,-0.08399999999999999,0.051874999999999984,Stable
WINWEBD,TP_hypo,31,0.14566077889186604,0.2610426663221329,0.028999999999999915,-0.017692307692307726,0.10318181818181817,Stable
WINWEBD,TP_epi,30,0.18394989086949745,0.16308044371034308,0.03944444444444449,-0.021666666666666678,0.12083333333333328,Stable
