STATIONID,PARAMETER,n,tau,mk_p,sen_slope,sen_ci_lower,sen_ci_upper,TREND
KEZSUTD,SPCD_epi,38,0.43385490753911815,1.3244939058562282e-4,1.4624999999999986,0.7978260869565215,2.1043478260869564,Worsening
KEZSUTD,CHL_comp,21,-0.21052872564651204,0.193719828213513,-0.040227272727272737,-0.1145,0.015916666666666652,Stable
KEZSUTD,PH_epi,38,0.07851584620713091,0.4970420227990106,0.0016666666666666312,-0.003888888888888806,0.008333333333333156,Stable
KEZSUTD,SECCHI_NVS,38,0.30879585977419644,0.006838695927397821,0.02307692307692308,0.006250000000000015,0.03750000000000001,Improving
KEZSUTD,TP_epi,38,-0.030947172965840604,0.8000050860770547,0,-0.08620689655172414,0.0625,Stable
KEZSUTD,TP_hypo,38,0.03486612083347767,0.77169626682636006,0,-0.11052631578947367,0.16666666666666666,Stable
