parameter,non_na_n,MK,SEN,tau,p.value,slope,significant,slope_dir,trend,mean_value,percent_change
CHL_comp,33,,,0.12322280555963516,0.32131385803222656,1,FALSE,NA,Stable,6.285539393939394,15.909533571044262
PH_epi,33,,,-0.26616162061691284,0.03118075802922249,1,TRUE,increasing,Improving,6.984090909090909,14.318255776114547
SECCHI,33,,,-0.26106005907058716,0.03599761053919792,1,TRUE,increasing,Improving,2.4766666666666666,40.376850605652756
SPCD_epi,33,,,0.2180095762014389,0.07729935646057129,1,FALSE,NA,Stable,93.86484848484848,1.0653615449679423
TP_epi,33,,,0.22606857120990753,0.06938564777374268,1,FALSE,NA,Stable,11.728636363636364,8.526140371274659
TP_hypo,32,,,0.14257358014583588,0.26245546340942383,1,FALSE,NA,Stable,14.893125,6.714507532838139
