parameter,non_na_n,tau,p.value,slope,trend,mean_value,percent_change
CHL_comp,109,-0.19314242899417877,0.0029815419111400843,-0.01285714285714286,Improving,4.245320183486238,-0.302854491568281
SPCD_epi,109,0.43528518080711365,0,0.5172745358090185,Worsening,125.01788990825688,0.41376041156078963
PH_epi,109,-0.01660294272005558,0.8014168739318848,-1.325026325026297e-4,Stable,6.825559633027523,-0.0019412713334372742
TP_epi,108,0.004726991057395935,0.9467023611068726,0,Stable,11.895092592592592,0
TP_hypo,109,0.05148519203066826,0.44140005111694336,0,Stable,14.78605504587156,0
SECCHI,108,-0.00351347797550261,0.959709882736206,0,Stable,-1.1879259259259258,-0
