parameter,non_na_n,tau,p.value,slope,trend,mean_value,percent_change
CHL_comp,106,-0.07344083487987518,0.2664877772331238,-0.0029090909090909115,Stable,2.163359905660377,-0.13447096349892348
SPCD_epi,112,0.6621600985527039,0,0.6443333333333332,Worsening,105.94964285714286,0.6081505477107835
PH_epi,112,0.023327957838773727,0.7190651893615723,2.0620748299319288e-4,Stable,6.904276785714286,0.002986663040796091
TP_epi,112,0.16349075734615326,0.016495823860168457,0,Worsening,6.243214285714286,0
TP_hypo,112,0.0986233502626419,0.1277923583984375,0.019230769230769232,Stable,14.503303571428571,0.13259578506412664
SECCHI,106,0.2789308726787567,2.5153160095214844e-5,0.015000000000000022,Improving,7.058867924528302,0.21249866353041835
