parameter,non_na_n,tau,p.value,slope,trend,mean_value,percent_change
CHL_comp,107,-0.00988788716495037,0.882289469242096,-5.555555555555561e-4,Improving,4.036796261682243,-0.01376228869484835
PH_epi,107,-0.1720259040594101,0.009138315916061401,-0.001969696969696968,Worsening,6.653626168224299,-0.029603360932774426
SECCHI,107,-0.008170000277459621,0.9035395383834839,0,Worsening,4.823126168224299,0
SPCD_epi,108,-0.00885343924164772,0.8943815231323242,-4.6197583511020917e-4,Improving,30.770555555555557,-0.001501356822356106
TP_epi,108,0.05278643129110419,NA,NA,Worsening,8.86601851851852,NA
TP_hypo,108,0.06195915541709934,NA,NA,Worsening,12.04037037037037,NA
