STATIONID,parameter,n,tau,mk_p,sen_slope,sen_ci_lower,sen_ci_upper,trend
ISLWASD,SPCD_epi,25,0.033333333333333326,0.8335157043083458,0.05272556390977464,-0.38772727272727275,0.5727777777777779,Stable
ISLWASD,CHL_comp,25,0.1533333333333333,0.29327072669776233,0.044374999999999984,-0.03631428571428571,0.15100000000000016,Stable
ISLWASD,PH_epi,25,0.2445592017130749,0.09238763061206243,0.01183035714285716,-0.0014285714285713982,0.025499999999999988,Stable
ISLWASD,SECCHI_NVS,25,-0.32606193304461495,0.02473284358547963,-0.07618055555555556,-0.14583333333333334,-0.01071428571428574,Worsening
ISLWASD,TP_hypo,25,0.43478504035892324,0.002574578628416601,0.19900501672240806,0.08088235294117647,0.30900000000000033,Worsening
ISLWASD,TP_epi,25,-0.0723278419834205,0.6373830483639038,-0.0023755656108597383,-0.16958333333333334,0.07749999999999999,Stable
