parameter,non_na_n,tau,p.value,slope,trend,mean_value,percent_change
CHL_comp,38,-0.2094019204378128,0.06638898700475693,-0.07066666666666664,Stable,6.416718421052631,-1.1012898187150642
PH_epi,36,0.014365746639668941,0.9131723642349243,3.8405797101449937e-4,Stable,6.998888888888889,0.0054874134610739716
SECCHI,38,0.11215605586767197,0.3321967124938965,0.00833333333333334,Stable,2.483092105263158,0.3356030698849237
SPCD_epi,37,0.051127877086400986,0.6659762859344482,0.15335968379446652,Stable,93.10891891891892,0.16470998221772412
TP_epi,37,0.24924924924924924,0.030318299007117577,0.08739387512206931,Worsening,11.672162162162163,0.7487376709464802
TP_hypo,36,0.1746031746031746,0.13699898437548508,0.1123199462890617,Stable,14.723055555555556,0.7628847549018397
