parameter,non_na_n,tau,p.value,slope,trend,mean_value,percent_change
CHL_comp,100,0.050338633358478546,0.46015095710754395,0.009021276595744677,Stable,7.4056355,0.12181637343270106
PH_epi,101,0.029821308329701424,0.66190338134765625,4.7619047619046605e-4,Stable,7.446079207920792,0.006395184135080337
SECCHI,101,0.0011998176341876388,0.9882848262786865,0,Stable,4.718836633663367,0
SPCD_epi,101,-0.051922328770160675,0.4437633156776428,-0.020463157894736864,Stable,74.37831683168316,-0.027512262667955544
TP_epi,100,0.04929292929292929,0.46815669608608124,0.016092300415039063,Stable,10.0766,0.15969970441457498
TP_hypo,100,0.0030303030303030303,0.9667228438016238,0.00833335833158344,Stable,100.676,0.008277403086717232
