STATIONID,parameter,n,tau,mk_p,sen_slope,sen_ci_lower,sen_ci_upper,trend
GILJAFD,SPCD_epi,36,0.13185071673016632,0.2639870809196164,0.6507211538461535,-0.25161290322580593,1.5300000000000011,Stable
GILJAFD,CHL_comp,36,0.20985718095105607,0.074315140677736,0.01012272727272727,-0.0014285714285714299,0.026250000000000013,Stable
GILJAFD,PH_epi,36,0.22151570226330763,0.06003236425666552,0.010615763546798006,-4.166666666666578e-4,0.01750000000000007,Stable
GILJAFD,SECCHI,20,-0.7090046332632827,1.5628451370532906e-5,-0.20096153846153847,-0.25892857142857145,-0.1464285714285714,Worsening
GILJAFD,TP_hypo,36,0.027673572994599206,0.8265646996337731,0,-0.0625,0.07157894736842102,Stable
GILJAFD,TP_epi,36,0.1660146235138028,0.16362061505200015,0.023062500000000024,-0.006666666666666689,0.07200000000000006,Stable
