parameter,non_na_n,tau,p.value,slope,significant,slope_dir,trend,mean_value,percent_change
CHL_comp,37,-0.045045044273138046,0.7044743299484253,-0.008000000000000007,FALSE,decreasing,Improving (weak),4.813062162162162,-0.16621435025069742
PH_epi,37,-0.05275093764066696,0.6564120650291443,-0.0018742017879948831,FALSE,decreasing,Worsening (weak),6.819054054054054,-0.02748477682004347
SECCHI,38,0.23903879523277283,0.03773653507232666,0.011999999999999993,TRUE,increasing,Improving (significant),2.7732894736842106,0.43269915073302623
SPCD_epi,37,-0.05860257148742676,0.6191608309745789,-0.11894607843137178,FALSE,decreasing,Improving (weak),65.2777027027027,-0.1822154786498745
TP_epi,37,-0.03487659618258476,0.7732661962509155,-0.017752100840336103,FALSE,decreasing,Improving (weak),10.84918918918919,-0.1636260602591888
TP_hypo,23,-0.14732831716537476,0.3510614037513733,-0.07142857142857142,FALSE,decreasing,Improving (weak),12.233478260869566,-0.5838778629054777
