parameter,non_na_n,tau,p.value,slope,significant,slope_dir,trend,mean_value,percent_change
CHL_comp,84,-0.06462737172842026,0.38682490587234497,-0.002922201138519923,FALSE,NA,Stable,2.040361904761905,-0.14321974605093024
PH_epi,84,0.06177953630685806,0.4104093313217163,7.259552042160728e-4,FALSE,NA,Stable,6.563428571428571,0.01106060950181201
SECCHI,84,-0.0014378188643604517,0.9876695275306702,0,FALSE,NA,Stable,4.008928571428571,0
SPCD_epi,84,0.02354293130338192,0.754338264465332,0.011342342342342344,FALSE,NA,Stable,48.120535714285715,0.02357069008891998
TP_epi,85,0.058418452739715576,0.4339179992675781,0.0038927738927738913,FALSE,NA,Stable,6.7254588235294115,0.057881164615190175
TP_hypo,84,0.0744575560092926,0.31885528564453125,0.008961925287356322,FALSE,NA,Stable,9.17452380952381,0.09768272962628538
