parameter,non_na_n,MK,SEN,tau,p.value,slope,significant,slope_dir,trend,mean_value,percent_change
CHL_comp,13,,,0,1,1,FALSE,NA,Stable,7.196074358974359,13.896465629942822
PH_epi,13,,,-0.10390486568212509,0.6681700944900513,1,FALSE,NA,Stable,6.751025641025641,14.812564092825403
SECCHI,13,,,-0.15384617447853088,0.5021582245826721,1,FALSE,NA,Stable,2.1166666666666667,47.24409448818898
SPCD_epi,13,,,0.41025644540786743,0.05858755111694336,1,FALSE,NA,Stable,75.0271794871795,1.3328503174917805
TP_epi,13,,,0.05128205567598343,0.8547770977020264,1,FALSE,NA,Stable,18.617948717948718,5.371160997107836
TP_hypo,13,,,0.30769234895706177,0.16055583953857422,1,FALSE,NA,Stable,21.3,4.694835680751173
