STATIONID,parameter,n,tau,mk_p,sen_slope,sen_ci_lower,sen_ci_upper,trend
POSLYMD,SPCD_epi,35,0.05382676420127229,0.6597279553746129,0.05,-0.2719999999999999,0.3292307692307693,Stable
POSLYMD,CHL_comp,35,-0.08571428571428572,0.4776597351275867,-0.03343750000000001,-0.13187499999999996,0.05985925925925923,Stable
POSLYMD,PH_epi,34,-0.2890277688806216,0.016986598579064323,-0.010588235294117683,-0.020909090909090947,-0.0019999999999999575,Worsening
POSLYMD,SECCHI_NVS,35,0.09549169998981503,0.4337809328723254,0.010526315789473694,-0.020833333333333315,0.045833333333333316,Stable
POSLYMD,TP_hypo,35,0.42277236056600886,4.200179827667531e-4,0.38235294117647056,0.1875,0.5842105263157894,Worsening
POSLYMD,TP_epi,35,-0.05437884802296492,0.6592337757161708,-0.020000000000000018,-0.1285714285714285,0.06199999999999992,Stable
