parameter,non_na_n,MK,SEN,tau,p.value,slope,significant,slope_dir,trend,mean_value,percent_change
CHL_comp,25,,,0.04666666314005852,0.7614215612411499,1,FALSE,NA,Stable,3.557309,28.111136817184
PH_epi,25,,,-0.3238735496997833,0.02491689659655094,1,TRUE,increasing,Improving,6.793866666666667,14.719158456647172
SECCHI,25,,,-0.10702399909496307,0.4688206911087036,1,FALSE,NA,Stable,5.276698333333333,18.951244449259466
SPCD_epi,25,,,-0.24666664004325867,0.08821071684360504,1,FALSE,NA,Stable,45.16378666666667,2.214163323772084
TP_epi,25,,,-0.02353024296462536,0.8883858919143677,1,FALSE,NA,Stable,7.085333333333334,14.113662024840046
TP_hypo,25,,,-0.040269359946250916,0.7970356941223145,1,FALSE,NA,Stable,11.774666666666667,8.492809421356585
