parameter,non_na_n,tau,p.value,slope,significant,slope_dir,trend,mean_value,percent_change
CHL_comp,89,0.018423784524202347,0.8013200759887695,0.0011538461538461592,FALSE,NA,Stable,2.657023595505618,0.04342626673688188
PH_epi,88,0.04916626214981079,0.5024526119232178,6.249999999999867e-4,FALSE,NA,Stable,6.5875,0.009487666034155394
SECCHI,90,-0.1264163702726364,0.08005710691213608,-0.006249999999999993,FALSE,NA,Stable,4.80075,-0.13018799145966764
SPCD_epi,89,-0.06360965967178345,0.37946122884750366,-0.034713114754098245,FALSE,NA,Stable,59.519438202247194,-0.05832231587291365
TP_epi,88,0.0479094497859478,0.5212392807006836,0,FALSE,NA,Stable,6.098295454545455,0
TP_hypo,89,-0.02400447428226471,0.74414825439453125,-0.00187062937062938,FALSE,NA,Stable,13.693258426966292,-0.013660951340445954
