stationid,parameter,n,tau,mk_p,sen_slope,sen_ci_lower,sen_ci_upper,trend
WEBFRKD,SECCHI,135,-0.1208922730836769,0.03929344540158067,-0.004518072289156626,-0.009090909090909094,0,Worsening
WEBFRKD,TP_epi,133,-0.011214442842861893,0.8517019561239829,0,-0.018072289156626505,0.014705882352941176,Stable
WEBFRKD,SPCD_epi,133,0.17468216283659768,0.0029188972285426247,0.03458839406207824,0.01193548387096766,0.05866666666666674,Worsening
WEBFRKD,PH_epi,133,-0.015379746233199992,0.7957908734416814,-7.782218992247896e-5,-0.0011111111111111102,8.47457627118641e-4,Stable
WEBFRKD,TP_hypo,134,-0.045685894241808786,0.4369952402856854,-0.027777777777777776,-0.1021818181818182,0.041666666666666664,Stable
WEBFRKD,CHL_comp,136,0.05713665383501328,0.32513671639314534,0.0036996779388083724,-0.0036986301369863078,0.010898876404494379,Stable
WEBFRKD,Year,144,0.9895530451750574,5.7387053995741085e-68,0.2804878048780488,0.2777777777777778,0.2835820895522388,Stable
