parameter,non_na_n,tau,p.value,slope,trend,mean_value,percent_change
CHL_comp,38,0.0740213692188263,0.521381139755249,0.009999999999999787,Stable,3.7889473684210526,0.2639255452146075
PH_epi,38,0.11199339479207993,0.3324012756347656,0.00235294117647059,Stable,6.418947368421053,0.036656184284143335
SECCHI,38,0.03285744786262512,0.7819890975952148,0.0016666666666666312,Stable,3.957171052631579,0.04211763010745448
SPCD_epi,38,-0.025622783228754997,0.8307503461837769,-0.013571428571428916,Stable,31.40684210526316,-0.043211694209634076
TP_epi,38,0.24324324324324326,0.03204734557025635,0.06363643273711209,Worsening,7.969736842105263,0.7984759597194185
TP_hypo,37,0.18468468468468469,0.10946695721273803,0.09310347518418152,Stable,11.696486486486487,0.7959952357637351
