STATIONID,parameter,n,tau,mk_p,sen_slope,sen_ci_lower,sen_ci_upper,trend
NORNORED,SPCD_epi,32,0.3830645161290323,0.002177357691510153,1.0384677419354835,0.4475000000000004,1.6949999999999992,Worsening
NORNORED,CHL_comp,32,-0.07661290322580647,0.54850039361213,-0.011961538461538461,-0.06571428571428571,0.03181818181818181,Stable
NORNORED,PH_epi,31,0.34735888480322946,0.0065162404930056966,0.011333333333333329,0.003421052631578968,0.023749999999999938,Improving
NORNORED,SECCHI_NVS,32,-0.24925588852221742,0.04931023892913674,-0.022236111111111116,-0.039999999999999945,0,Worsening
NORNORED,TP_hypo,32,0.09776474334756886,0.4449571919763537,0.04078054298642539,-0.1111111111111111,0.15769230769230774,Stable
NORNORED,TP_epi,32,0.1422811251066269,0.26262320420558455,0.06583333333333333,-0.05238095238095236,0.15999999999999978,Stable
