STATIONID,parameter,n,tau,mk_p,sen_slope,sen_ci_lower,sen_ci_upper,trend
CLOLOUD,SPCD_epi,31,0.6860215053763442,6.485881680238426e-8,1.344166666666667,1.075833333333333,1.859375,Worsening
CLOLOUD,CHL_comp,31,-0.0881720430107527,0.4965952143704689,-0.03333333333333331,-0.1264285714285714,0.071,Stable
CLOLOUD,PH_epi,31,0.017335276437801656,0.9051906746790948,4.166666666666948e-4,-0.010624999999999996,0.011999999999999922,Stable
CLOLOUD,SECCHI,18,-0.3432511482319138,0.05276196524609927,-0.05249999999999986,-0.11923076923076922,0,Stable
CLOLOUD,TP_hypo,30,0.04398254203010009,0.7478467936318369,0.040909090909090846,-0.3238095238095238,0.49523809523809514,Stable
CLOLOUD,TP_epi,30,0.02312177356354548,0.8723184373283157,0.009545454545454503,-0.09238095238095236,0.08956521739130437,Stable
