parameter,non_na_n,tau,p.value,slope,trend,mean_value,percent_change
CHL_comp,34,-0.008928585797548294,0.9527045488357544,-0.0018750000000000017,Stable,3.6332764705882354,-0.051606312241260166
PH_epi,33,-0.06844155490398407,0.5874293446540833,-0.002384803921568625,Stable,6.841212121212121,-0.03485937695418348
SECCHI,34,0.06866032630205154,0.5824463367462158,0.005208333333333333,Stable,4.279411764705882,0.12170675830469645
SPCD_epi,33,-0.049242425709962845,0.6984894871711731,-0.04874999999999966,Stable,42.28666666666667,-0.1152845656629347
TP_epi,33,0.03409090909090909,0.7907428847910136,1.862645149230957e-9,Stable,8.346969696969698,2.2315225966462727e-8
TP_hypo,31,0.07096774193548387,0.5835487932146153,0.048675537109375,Stable,8.55258064516129,0.5691327463473107
