stationid,parameter,n,tau,mk_p,sen_slope,sen_ci_lower,sen_ci_upper,trend
STIRUMD,SECCHI,117,-0.3288332068386609,2.0466307037531678e-7,-0.019470595991561184,-0.025526315789473692,-0.012676056338028175,Worsening
STIRUMD,TP_epi,117,-0.09184144872385183,0.18552558774964042,0,0,0,Stable
STIRUMD,SPCD_epi,117,0.14032535496707643,0.025367295751894454,0.018850385038503857,0.0019512195121950803,0.03150000000000001,Worsening
STIRUMD,PH_epi,117,0.22548468839763244,3.3834267863154266e-4,0.002222222222222229,0.001041666666666663,0.003409090909090917,Improving
STIRUMD,TP_hypo,117,-0.061617896791299615,0.34434750981741175,0,-0.020256410256410257,0,Stable
STIRUMD,CHL_comp,115,0.17305529518558066,0.006386646623504842,0.004318181818181817,0.0012500000000000011,0.007600000000000002,Worsening
STIRUMD,Year,119,0.989763876375822,2.9585959128986893e-56,0.30275229357798167,0.29577464788732394,0.3108108108108108,Stable
