parameter,non_na_n,MK,SEN,tau,p.value,slope,significant,slope_dir,trend,mean_value,percent_change
CHL_comp,19,,,-0.07079923897981644,0.6998301148414612,1,FALSE,NA,Stable,0.5270578947368422,189.73247720713792
PH_epi,19,,,0.3519077003002167,0.03888392448425293,1,TRUE,increasing,Improving,6.541552631578948,15.286890686662991
SECCHI,19,,,0.13450293242931366,0.4414881467819214,1,FALSE,NA,Stable,10.666052631578948,9.375539710345167
SPCD_epi,19,,,-0.17595385015010834,0.31000906229019165,1,FALSE,NA,Stable,17.318421052631578,5.774198450083574
TP_epi,19,,,0,1,1,FALSE,NA,Stable,2.647894736842105,37.76585171934009
TP_hypo,19,,,-0.26120132207870483,0.1666468232870102,1,FALSE,NA,Stable,3.7405263157894733,26.734205712677646
