STATIONID,parameter,n,tau,mk_p,sen_slope,sen_ci_lower,sen_ci_upper,trend
SPOCHED,SPCD_epi,37,0.5975975975975976,2.0769428376922207e-7,1.0514662756598239,0.7099999999999999,1.3741666666666659,Worsening
SPOCHED,CHL_comp,37,-0.17784602507154107,0.12577649035113983,-0.009725274725274728,-0.025555555555555554,0.004736842105263162,Stable
SPOCHED,PH_epi,37,0.04075528573098904,0.7336501136689795,0.0015099715099714942,-0.006923076923076912,0.007333333333333355,Stable
SPOCHED,SECCHI,20,-0.10079894745227566,0.5586005641665668,-0.014507575757575643,-0.08958333333333328,0.04326923076923077,Stable
SPOCHED,TP_hypo,37,0.20408635496126945,0.07937543831271418,0.17846153846153837,-0.02142857142857148,0.375,Stable
SPOCHED,TP_epi,35,0.25578133925843316,0.03389083585835918,0.06451612903225806,0,0.11363636363636363,Worsening
