parameter,non_na_n,MK,SEN,tau,p.value,slope,significant,slope_dir,trend,mean_value,percent_change
CHL_comp,27,,,0.18518516421318054,0.1821376085281372,1.0833333333333333,FALSE,NA,Stable,6.281006172839507,17.24776737233458
PH_epi,27,,,0.07692307233810425,0.587804913520813,1.0833333333333333,FALSE,NA,Stable,6.650246913580247,16.290121967067034
SECCHI,27,,,-0.12285763770341873,0.38105666637420654,1.0833333333333333,FALSE,NA,Stable,2.599537037037037,41.67408726625111
SPCD_epi,27,,,0.6695156097412109,1.0728836059570313e-06,1.0833333333333333,TRUE,increasing,Worsening,74.23185185185186,1.4593914961132786
TP_epi,27,,,0.07714316993951797,0.5876425504684448,1.0833333333333333,FALSE,NA,Stable,9.438271604938272,11.47809025506867
TP_hypo,19,,,0.005953330546617508,1,1.0833333333333333,FALSE,NA,Stable,10.214912280701755,10.605410047230569
