parameter,non_na_n,tau,p.value,slope,trend,mean_value,percent_change
CHL_comp,33,-0.1893939393939394,0.12486174569617381,-0.04974996075034159,Stable,4.62332479338843,-1.0760645849819237
PH_epi,33,0.020833333333333332,0.8767531292809041,0.0015384769439702206,Stable,6.612121212121212,0.023267524817148156
SECCHI,33,0.07765151515151515,0.5350300308534184,0.007142917588353548,Stable,4.260151515151515,0.167668158349516
SPCD_epi,33,0.49053030303030304,6.361099355256528e-5,0.8096774085890515,Worsening,64.1809090909091,1.2615549079278128
TP_epi,33,-0.21401515151515152,0.08214792129143778,-0.05888885259628296,Stable,7.878181818181818,-0.7474929362556111
TP_hypo,33,0.26704545454545453,0.029876007417995565,0.4533332753926526,Worsening,23.503030303030304,1.9288290469259328
