STATIONID,parameter,n,tau,mk_p,sen_slope,sen_ci_lower,sen_ci_upper,trend
WILSWAD,SPCD_epi,28,0.5555555555555556,3.641660788540023e-5,2.362579365079366,1.4024999999999999,3.7666666666666657,Worsening
WILSWAD,CHL_comp,28,-0.04787301767423468,0.7367448353582566,-0.010523809523809498,-0.04416666666666669,0.03999999999999989,Stable
WILSWAD,PH_epi,28,0.19628716267442933,0.14907986737428439,0.00871818181818182,-0.004318181818181766,0.01947368421052632,Stable
WILSWAD,SECCHI,17,0.0817894731149928,0.6794500274534561,0.014326923076923091,-0.03399999999999999,0.07250000000000001,Stable
WILSWAD,TP_hypo,17,0.4001396245140527,0.030787907941280977,0.4256493506493506,0,0.75,Worsening
WILSWAD,TP_epi,28,0.4055002010470496,0.0031081905070018128,0.1958754208754208,0.07142857142857142,0.3333333333333333,Worsening
