parameter,non_na_n,tau,p.value,slope,trend,mean_value,percent_change
CHL_comp,85,0.06811494380235672,0.3583327531814575,0.011880471380471377,Worsening,5.9916776470588236,0.19828288636828162
PH_epi,87,0.060989510267972946,0.4072263240814209,0.0010000000000000083,Improving,6.472183908045977,0.015450735241884051
SECCHI,86,0.008834034204483032,0.9078881740570068,0,Improving,3.500843023255814,0
SPCD_epi,87,0.01740763708949089,0.8144791126251221,0.00476190476190466,Worsening,41.182988505747126,0.011562795549041157
TP_epi,86,0.027359781121751026,NA,NA,Worsening,11.441046511627906,NA
TP_hypo,86,0.06976744186046512,NA,NA,Worsening,13.828720930232558,NA
