parameter,non_na_n,tau,p.value,slope,significant,slope_dir,trend,mean_value,percent_change
CHL_comp,165,0.010328191332519054,0.8457798957824707,0,FALSE,NA,Stable,1.6335757575757575,0
PH_epi,173,-0.038634952157735825,0.45487433671951294,-2.2624897624897542e-4,FALSE,NA,Stable,6.771907514450867,-0.00334099329865585
SECCHI,169,-0.07074642926454544,0.1751444935798645,-0.0026315789473684275,FALSE,NA,Stable,8.475147928994083,-0.031050537045679272
SPCD_epi,173,-0.002356191398575902,0.9643966555595398,0,FALSE,NA,Stable,86.20375722543352,0
TP_epi,158,-0.08779606968164444,0.1434149593114853,0,FALSE,NA,Stable,4.908227848101266,0
TP_hypo,167,-0.0832226574420929,0.14199432730674744,0,FALSE,NA,Stable,5.81437125748503,0
