parameter,non_na_n,tau,p.value,slope,trend,mean_value,percent_change
CHL_comp,69,0.00937766410912191,0.9133218173882143,0.001666678026318984,Stable,3.408322463768116,0.048900244740234064
PH_epi,69,0.14705882352941177,0.07441650771211661,0.005320496559143363,Stable,6.815507246376812,0.07806457196523105
SECCHI,68,0.043898156277436345,0.5994326813179001,0.003676204681396549,Stable,6.00952205882353,0.06117299587908047
SPCD_epi,68,-0.3305531167690957,6.787084080883687e-5,-0.39224138259887725,Improving,49.37014705882353,-0.7944910152516452
TP_epi,69,0.058823529411764705,0.47649328987039086,0.012635354995728175,Stable,7.174927536231884,0.17610428721296867
TP_hypo,70,0.0484472049689441,0.5548074330172759,0.00500006292015198,Stable,10.504142857142858,0.04760086556469401
