parameter,non_na_n,tau,p.value,slope,trend,mean_value,percent_change
CHL_comp,86,0.01423682738095522,0.8491299152374268,0.001694915254237282,Stable,5.323022093023256,0.03184122148316391
SPCD_epi,87,0.5988233089447021,0,0.40384615384615385,Worsening,78.22091954022989,0.5162891924818799
PH_epi,88,0.175515279173851,0.016182541847229004,0.002499999999999989,Improving,6.241193181818182,0.04005644316992108
TP_epi,86,0.07382825762033463,0.3238779306411743,0.008888888888888898,Stable,11.259767441860465,0.07894380532090435
TP_hypo,87,0.11167912930250168,0.1313720941543579,0.028000000000000008,Stable,14.372758620689655,0.19481298433338937
SECCHI,87,-0.1684013456106186,0.022861655801534653,-0.0057142857142857195,Worsening,2.7928735632183908,-0.20460237762073324
