parameter,non_na_n,tau,p.value,slope,trend,mean_value,percent_change
CHL_comp,127,-0.07004156708717346,0.24483054876327515,-0.0037614678899082583,Stable,3.493800787401575,-0.1076612010470624
SPCD_epi,126,0.2754457890987396,5.0067901611328125e-6,0.08822916666666665,Worsening,64.53468253968254,0.13671589166401232
PH_epi,127,-0.18790294229984283,0.0018795700743794441,-0.001545454545454553,Worsening,6.955984251968504,-0.02221762570864358
TP_epi,125,-0.10768181830644608,0.09879983216524124,0,Stable,6.79952,0
TP_hypo,127,-0.0020580661948770285,0.9749912619590759,0,Stable,12.841732283464568,0
SECCHI,123,0.20442430675029755,9.551048278808594e-4,0.008620689655172414,Improving,5.630223577235772,0.15311451733511527
