parameter,non_na_n,tau,p.value,slope,trend,mean_value,percent_change
CHL_comp,100,-0.0859193503856659,0.20667380094528198,-0.01720545847595028,Stable,7.4056355,-0.23232926432782547
SPCD_epi,101,0.025366634130477905,0.7094038724899292,0.009760584677419613,Stable,74.37831683168316,0.013122889967391499
PH_epi,101,-0.046123623847961426,0.49780887365341187,-7.43504698728585e-4,Stable,7.446079207920792,-0.00998518385270035
TP_epi,100,0.0504254549741745,0.46654653549194336,0.0052833478639930185,Stable,10.0766,0.052431850663845134
TP_hypo,100,-8.088983013294637e-4,0.9928711652755737,0,Stable,100.676,0
SECCHI,101,-0.1811724752187729,0.00786833930760622,-0.007325203252032528,Worsening,4.718836633663367,-0.1552332454100189
