STATIONID,parameter,n,tau,mk_p,sen_slope,sen_ci_lower,sen_ci_upper,trend
SUNSUN040,CHL_comp,18,-0.4379084967320262,0.012421845733886541,-0.030909090909090896,-0.06458333333333333,-0.008333333333333304,Improving
SUNSUN040,SECCHI,19,0.13057817112922315,0.46114939513062936,0.03653846153846151,-0.05,0.10388888888888885,Stable
