STATIONID,parameter,n,tau,mk_p,sen_slope,sen_ci_lower,sen_ci_upper,trend
FLIHLSD,SPCD_epi,26,0.37846153846153846,0.007165156593093652,1.2999999999999994,0.44166666666666643,2.4833333333333325,Worsening
FLIHLSD,CHL_comp,27,0.15099715099715103,0.27834736625111567,0.08499999999999996,-0.06727272727272729,0.24117647058823533,Stable
FLIHLSD,PH_epi,26,-0.37345856890840906,0.008138433756475825,-0.016000000000000014,-0.029166666666666636,-0.004999999999999893,Worsening
FLIHLSD,SECCHI_NVS,27,-0.2911902324227551,0.0382264677628738,-0.016666666666666607,-0.029166666666666636,0,Worsening
FLIHLSD,TP_hypo,11,-0.018521694664415903,1,0,-1.6,2.2,Stable
FLIHLSD,TP_epi,27,0.415479601694779,0.0026595856068905525,0.4166666666666667,0.17500000000000004,0.688888888888889,Worsening
