STATIONID,parameter,n,tau,mk_p,sen_slope,sen_ci_lower,sen_ci_upper,trend
CREACWD,SPCD_epi,36,0.41971436190211214,3.397226969570852e-4,0.33643892339544523,0.14999999999999988,0.5566666666666666,Worsening
CREACWD,CHL_comp,36,0.007942814260853392,0.9565458659896143,0.001346801346801348,-0.06277777777777777,0.05857272727272726,Stable
CREACWD,PH_epi,36,0.14868490295947986,0.20975206824832582,0.004316770186335413,-0.00235294117647059,0.00944444444444449,Stable
CREACWD,SECCHI_NVS,36,-0.446982310008951,1.560861827467506e-4,-0.035357142857142865,-0.04999999999999997,-0.014285714285714277,Worsening
CREACWD,TP_hypo,36,-0.041110303529969486,0.7419890429040787,0,-0.12222222222222218,0.07407407407407407,Stable
CREACWD,TP_epi,36,0.030250605543355746,0.8145827963173733,0,-0.0625,0.08,Stable
