parameter,non_na_n,MK,SEN,tau,p.value,slope,significant,slope_dir,trend,mean_value,percent_change
CHL_comp,26,,,0.19384616613388062,0.17175817489624023,1,FALSE,NA,Stable,3.4268647435897437,29.18119257174037
PH_epi,26,,,0.18209964036941528,0.20088601112365723,1,FALSE,NA,Stable,6.470589743589744,15.454541852088147
SECCHI,26,,,-0.39692312479019165,0.00478266691789031,1,TRUE,increasing,Improving,4.246391025641025,23.549409226839686
SPCD_epi,26,,,0.2184615582227707,0.12285292148590088,1,FALSE,NA,Stable,27.94092948717949,3.578979004470282
TP_epi,26,,,0.2905749976634979,0.04019951820373535,1,TRUE,increasing,Worsening,9.776858974358975,10.228233859388009
TP_hypo,26,,,0.36000004410743713,0.010563373565673828,1,TRUE,increasing,Worsening,14.236282051282052,7.024305899516403
