stationid,parameter,n,tau,mk_p,sen_slope,sen_ci_lower,sen_ci_upper,trend
AYEBARD,SECCHI,110,0.10702082760806811,0.10169408998611068,0.003773584905660381,0,0.008445945945945946,Stable
AYEBARD,TP_epi,111,0.005151751398677409,0.9389824933290069,0,-0.013043478260869558,0.01475409836065573,Stable
AYEBARD,SPCD_epi,111,0.6871518365698415,1.2219096819790802e-26,0.6388235294117647,0.5404950495049505,0.7368965517241378,Worsening
AYEBARD,PH_epi,110,5.038748959769477e-4,0.9958765196899259,0,-0.0011428571428571438,0.0013157894736842174,Stable
AYEBARD,TP_hypo,111,-0.01904402525949386,0.7712291828584138,0,-0.027380952380952367,0.022916666666666658,Stable
AYEBARD,CHL_comp,111,-0.21870414998011006,6.870143815617861e-4,-0.01306666666666667,-0.02072727272727273,-0.005625000000000005,Improving
AYEBARD,Year,111,0.9913631941932194,8.37281535467641e-53,0.3465346534653465,0.3442622950819672,0.3488372093023256,Stable
