STATIONID,parameter,n,tau,mk_p,sen_slope,sen_ci_lower,sen_ci_upper,trend
THOJAFD,SPCD_epi,36,-0.3229921688927557,0.005919877210618442,-0.14088333333333347,-0.23400000000000035,-0.03842105263157897,Improving
THOJAFD,CHL_comp,36,-0.022222222222222227,0.8594521306883358,-0.0019666666666666647,-0.04983333333333332,0.03692307692307692,Stable
THOJAFD,PH_epi,36,-0.09112945665258443,0.4451920981857649,-0.0024999999999999467,-0.013333333333333345,0.005740740740740717,Stable
THOJAFD,SECCHI_NVS,36,-0.05826341199074592,0.6323719818190081,-0.004347826086956516,-0.02386363636363634,0.014705882352941176,Stable
THOJAFD,TP_hypo,36,0.1929420043204105,0.10441824058574413,0.0422664835164835,-0.010277777777777806,0.09333333333333332,Stable
THOJAFD,TP_epi,36,0.14091956391746013,0.2396144657728558,0.02381016042780748,-0.013636363636363587,0.07600000000000004,Stable
