parameter,non_na_n,tau,p.value,slope,trend,mean_value,percent_change
CHL_comp,84,-0.06462737172842026,0.38682490587234497,-0.002922201138519923,Improving,2.040361904761905,-0.14321974605093024
PH_epi,84,0.06177953630685806,0.4104093313217163,7.259552042160728e-4,Improving,6.563428571428571,0.01106060950181201
SECCHI,84,-0.0014378188643604517,0.9876695275306702,0,Worsening,4.008928571428571,0
SPCD_epi,84,0.02354293130338192,0.754338264465332,0.011342342342342344,Worsening,48.120535714285715,0.02357069008891998
TP_epi,85,-0.041176470588235294,NA,NA,Improving,6.990164705882353,NA
TP_hypo,84,0.21543316121629374,NA,NA,Worsening,9.204285714285714,NA
