parameter,non_na_n,tau,p.value,slope,significant,slope_dir,trend,mean_value,percent_change
CHL_comp,49,0.03150279074907303,0.7562958002090454,0.006733333333333334,FALSE,NA,Stable,4.845913265306122,0.1389486968646349
PH_epi,49,-0.150558739900589,0.13119499385356903,-0.0033712121212120943,FALSE,NA,Stable,6.495612244897959,-0.051899836291183256
SECCHI,47,-0.19063185155391693,0.06339786946773529,-0.008571428571428567,FALSE,NA,Stable,2.9195212765957446,-0.29359020741315256
SPCD_epi,48,0.17198579013347626,0.0862734317779541,0.740398550724637,FALSE,NA,Stable,174.42520833333333,0.42447909783183785
TP_epi,49,0.10309280455112457,0.30774688720703125,0.03989583333333332,FALSE,NA,Stable,11.489591836734693,0.34723455715613644
TP_hypo,27,-0.011682429350912571,0.9499034285545349,0,FALSE,NA,Stable,11.948148148148148,0
