parameter,non_na_n,tau,p.value,slope,significant,slope_dir,trend,mean_value,percent_change
CHL_comp,53,0.13304273784160614,0.16263222694396973,0.012917956656346746,FALSE,increasing,Worsening (weak),3.4211037735849055,0.3775961651935007
PH_epi,54,-0.024596314877271652,0.7996575832366943,-4.999999999999894e-4,FALSE,decreasing,Worsening (weak),6.696111111111112,-0.007467020658756997
SECCHI,54,0.0463385246694088,0.6320364475250244,4.5454545454544484e-4,FALSE,increasing,Improving (weak),3.3628240740740742,0.013516777700320235
SPCD_epi,54,-0.02307692915201187,0.8113024234771729,-0.010588235294117631,FALSE,decreasing,Improving (weak),44.557314814814816,-0.023763180833772234
TP_epi,54,-0.04377438873052597,0.6530436277389526,0,FALSE,NA,Stable,10.962592592592593,0
TP_hypo,40,0.053929634392261505,0.6398577690124512,0.0066348973607038095,FALSE,increasing,Worsening (weak),12.178749999999999,0.054479296813743694
