parameter,non_na_n,MK,SEN,tau,p.value,slope,significant,slope_dir,trend,mean_value,percent_change
CHL_comp,37,,,-0.3333333432674408,0.0038471175357699394,1,TRUE,increasing,Worsening,4.837650900900901,20.67118980854474
PH_epi,38,,,0.10984352976083755,0.3391900062561035,1,FALSE,NA,Stable,6.159712719298246,16.234523354750323
SECCHI,37,,,0.08120309561491013,0.48812174797058105,1,FALSE,NA,Stable,2.9979481981981984,33.35614673398999
SPCD_epi,38,,,-0.1834992915391922,0.1075717881321907,1,FALSE,NA,Stable,30.84362061403509,3.2421615234916996
TP_epi,38,,,-0.16166216135025024,0.15876370668411255,1,FALSE,NA,Stable,10.67,9.372071227741332
TP_hypo,38,,,-0.018571600317955017,0.8800211548805237,1,FALSE,NA,Stable,17.612368421052633,5.677828081342358
