parameter,non_na_n,tau,p.value,slope,significant,slope_dir,trend,mean_value,percent_change
CHL_comp,66,0.03499768301844597,0.6821370124816895,0.0037499999999999756,FALSE,NA,Stable,3.417398484848485,0.1097325938612698
PH_epi,65,-0.027543239295482635,0.7511263489723206,-5.000000000000115e-4,FALSE,NA,Stable,6.633553846153847,-0.007537437874118003
SECCHI,66,-0.03979436308145523,0.6419262886047363,-0.0031914893617021353,FALSE,NA,Stable,4.430530303030303,-0.0720340262545837
SPCD_epi,65,-0.005774786230176687,0.9503404498100281,-0.003158263305322033,FALSE,NA,Stable,39.023384615384614,-0.008093258276927924
TP_epi,64,0.04200134426355362,0.6303480863571167,0.00672043010752687,FALSE,NA,Stable,9.63734375,0.06973321987738448
TP_hypo,66,-0.050111234188079834,0.5605548620223999,-0.008571428571428591,FALSE,NA,Stable,11.050151515151516,-0.07756842573312953
