parameter,non_na_n,tau,p.value,slope,significant,slope_dir,trend,mean_value,percent_change
CHL_comp,106,0.1300126165151596,0.04871225357055664,0.018426966292134826,TRUE,increasing,Worsening (significant),6.830168867924528,0.2697878580816728
PH_epi,96,0.07738485932350159,0.2690337896347046,8.07704255980123e-4,FALSE,increasing,Improving (weak),7.1178125,0.011347647271969062
SECCHI,107,-0.0834951251745224,0.20827054977416992,-0.003703703703703707,FALSE,decreasing,Worsening (weak),3.82,-0.09695559433779338
SPCD_epi,97,-0.013552777469158173,0.8467649817466736,-0.038461538461538464,FALSE,decreasing,Improving (weak),408.5043298969072,-0.009415209496370544
TP_epi,97,0.02475571446120739,0.726510763168335,0,FALSE,NA,Stable,13.137731958762886,0
TP_hypo,93,-0.10504457354545593,0.1403287947177887,-0.03458360513155036,FALSE,decreasing,Improving (weak),18.320752688172043,-0.18876738156002554
