parameter,non_na_n,MK,SEN,tau,p.value,slope,significant,slope_dir,trend,mean_value,percent_change
CHL_comp,37,,,-0.037565749138593674,0.7535817623138428,1,FALSE,NA,Stable,4.78418018018018,20.90222279133179
PH_epi,37,,,0.15199436247348785,0.19079744815826416,1,FALSE,NA,Stable,6.781144144144144,14.74677397712523
SECCHI,37,,,0.15988096594810486,0.16942119598388672,1,FALSE,NA,Stable,3.623434684684685,27.598124073458248
SPCD_epi,37,,,0.47332844138145447,4.00543212890625e-5,1,TRUE,increasing,Worsening,46.733693693693695,2.1397837854510127
TP_epi,37,,,0.048412878066301346,0.6848098039627075,1,FALSE,NA,Stable,9.707252252252253,10.301576326791986
TP_hypo,37,,,-0.04819298908114433,0.6850482225418091,1,FALSE,NA,Stable,19.231081081081083,5.199915677043075
