parameter,non_na_n,tau,p.value,slope,trend,mean_value,percent_change
CHL_comp,85,0.04397759103641457,0.5533197348925394,0.05666673819534419,Stable,10.642184705882354,0.5324727935235165
PH_epi,86,0.11573187414500684,0.11500788131623962,0.008920898437500168,Stable,6.94639534883721,0.12842485907447637
SECCHI,87,0.03207698476343224,0.6611609144036286,5.960464563889744e-9,Stable,1.9874137931034483,2.999105966041512e-7
SPCD_epi,86,0.30889192886456907,2.5269846752884462e-05,8.863037109375,Worsening,369.5104651162791,2.398588929432876
TP_epi,86,0.10560875512995896,0.15038863854099405,0.15252506732940674,Stable,26.36279069767442,0.5785619173574885
TP_hypo,82,0.18127070159590486,0.015968862449446286,0.6051425933837891,Worsening,46.90609756097561,1.2901149847248188
