parameter,non_na_n,tau,p.value,slope,significant,slope_dir,trend,mean_value,percent_change
CHL_comp,134,-0.1025843471288681,0.07938774675130844,-0.00868421052631579,FALSE,decreasing,Improving (weak),3.838245895522388,-0.2262546684788121
PH_epi,135,-0.09075865149497986,0.12054414302110672,-9.523809523809321e-4,FALSE,decreasing,Worsening (weak),6.487037037037037,-0.014681293585090018
SECCHI,135,0.05051486939191818,0.4009963274002075,0,FALSE,NA,Stable,-0.8762222222222221,-0
SPCD_epi,136,-0.05594027414917946,0.3354141116142273,-0.01828234265734268,FALSE,decreasing,Improving (weak),42.00033088235294,-0.04352904435099171
TP_epi,137,-0.04998939111828804,0.4067087173461914,0,FALSE,NA,Stable,8.076788321167884,0
TP_hypo,107,-0.1579139530658722,0.021328464150428772,-0.01694915254237288,TRUE,decreasing,Improving (significant),7.868411214953271,-0.21540755915453944
