parameter,non_na_n,MK,SEN,tau,p.value,slope,significant,slope_dir,trend,mean_value,percent_change
CHL_comp,11,,,0.4909091293811798,0.042960166931152344,1,TRUE,increasing,Worsening,7.921818181818182,12.623364700481982
PH_epi,11,,,0.09090909361839294,0.7554968595504761,1,FALSE,NA,Stable,7.100454545454546,14.083605402983162
SECCHI,11,,,-0.33028915524482727,0.18435095250606537,1,FALSE,NA,Stable,3.198068181818182,31.26887680773194
SPCD_epi,11,,,0.054545458406209946,0.8762695789337158,1,FALSE,NA,Stable,155.70909090909092,0.6422232601588043
TP_epi,11,,,0.4545454978942871,0.06170666217803955,1,FALSE,NA,Stable,12.700454545454546,7.873733939372249
TP_hypo,11,,,0.09090909361839294,0.7554968595504761,1,FALSE,NA,Stable,53.49545454545455,1.8693176990398501
