parameter,non_na_n,tau,p.value,slope,trend,mean_value,percent_change
CHL_comp,107,-0.01623864471912384,0.80647212266922,-0.0012162162162162142,Stable,4.302860280373832,-0.02826529649971692
SPCD_epi,106,-0.25063154101371765,1.4754456060472876e-4,-0.03913043478260873,Improving,33.41297169811321,-0.11711150727972627
PH_epi,106,-0.08525353670120239,0.1983886957168579,-0.0011111111111110875,Stable,6.447396226415094,-0.017233485768391992
TP_epi,105,0.041909292340278625,0.5344357490539551,0.001526806526806528,Stable,8.865904761904762,0.01722110227674617
TP_hypo,105,0.09322977066040039,0.16557157039642334,0.009596424702058504,Stable,9.645619047619048,0.09948998249549687
SECCHI,107,0.01874837465584278,0.7809717655181885,0,Stable,3.720210280373832,0
