parameter,non_na_n,MK,SEN,tau,p.value,slope,significant,slope_dir,trend,mean_value,percent_change
CHL_comp,26,,,-0.16307693719863892,0.2517286539077759,1.0833333333333333,FALSE,NA,Stable,4.293965384615385,25.229205088954593
PH_epi,26,,,0.08087571710348129,0.5809018611907959,1.0833333333333333,FALSE,NA,Stable,6.552884615384616,16.532159452188797
SECCHI,26,,,0.11153343319892883,0.45006489753723145,1.0833333333333333,FALSE,NA,Stable,2.702019230769231,40.09347235566943
SPCD_epi,26,,,-0.2905749976634979,0.04023193567991257,1.0833333333333333,TRUE,increasing,Worsening,23.205,4.6685340802987865
TP_epi,26,,,-0.055990878492593765,0.7073130011558533,1.0833333333333333,FALSE,NA,Stable,10.954230769230769,9.889634025022529
TP_hypo,3,,,NA,NA,NA,FALSE,NA,Stable,10,NA
