parameter,non_na_n,tau,p.value,slope,trend,mean_value,percent_change
CHL_comp,32,-0.018145161290322582,0.8963395953397577,-0.01363638355396693,Stable,6.93151875,-0.19673009690649584
PH_epi,33,-0.05303030303030303,0.6743204741397646,-0.004145050048828029,Stable,6.701818181818182,-0.061849634477900595
SECCHI,33,-0.1268939393939394,0.3040174560421598,-0.012191891670227007,Stable,2.0984090909090907,-0.5810064263944421
SPCD_epi,33,0.44696969696969696,2.5633678659775505e-4,1.9569789886474622,Worsening,75.16818181818182,2.6034672401429626
TP_epi,32,0.016129032258064516,0.9091695306510295,0.012500024028122078,Stable,18.621875,0.067125485635158
TP_hypo,32,0.2157258064516129,0.08407163555723951,0.22499997299164484,Stable,20.771875,1.0831952964845246
