parameter,non_na_n,MK,SEN,tau,p.value,slope,significant,slope_dir,trend,mean_value,percent_change
CHL_comp,22,,,0.37662339210510254,0.015307426452636719,1,TRUE,increasing,Worsening,4.7588954545454545,21.013279437455406
PH_epi,22,,,0.3869601786136627,0.013013720512390137,1,TRUE,increasing,Improving,6.227954545454546,16.056636134729775
SECCHI,23,,,-0.2817482352256775,0.06431026756763458,1,FALSE,NA,Stable,1.9911956521739131,50.22108193678694
SPCD_epi,22,,,0.09090909361839294,0.5727822780609131,1,FALSE,NA,Stable,40.29659090909091,2.4815995036800995
TP_epi,22,,,0.41140320897102356,0.008598089218139648,1,TRUE,increasing,Worsening,12.365454545454545,8.08704602264373
TP_hypo,4,,,NA,NA,NA,FALSE,NA,Stable,16,NA
