stationid,parameter,n,tau,mk_p,sen_slope,sen_ci_lower,sen_ci_upper,trend
WAUMERMD,SECCHI,108,0.21642605144394417,9.630692388691316e-4,0.010526315789473694,0.004411764705882346,0.016637931034482755,Improving
WAUMERMD,TP_epi,111,0.057210119458104725,0.3950864775450729,0,0,0.0090909090909091,Stable
WAUMERMD,SPCD_epi,110,0.6760706356194974,1.3304963575953753e-25,0.6500000000000009,0.5786075949367088,0.726984126984127,Worsening
WAUMERMD,PH_epi,110,0.06103082265523012,0.3495240084240788,6.122448979591887e-4,-7.692307692307529e-4,0.00194444444444444,Stable
WAUMERMD,TP_hypo,110,0.03290806948411426,0.6159078735100876,0.002527472527472532,-0.015930232558139527,0.027777777777777776,Stable
WAUMERMD,CHL_comp,107,-0.008655728042851286,0.8971804169131051,-3.409090909090887e-4,-0.006111111111111129,0.005652173913043473,Stable
WAUMERMD,Year,111,0.9885503412734108,2.9865185970894922e-52,0.3333333333333333,0.32432432432432434,0.3333333333333333,Stable
