stationid,parameter,n,tau,mk_p,sen_slope,sen_ci_lower,sen_ci_upper,trend
RESDORD,SECCHI,24,0.047533978547248654,0.7655710708052365,0.0018181818181818117,-0.03500000000000001,0.04843750000000002,Stable
RESDORD,TP_epi,23,-0.04041402040676246,0.8109719796075798,0,-0.25230769230769223,0.1377777777777778,Stable
RESDORD,SPCD_epi,23,-0.4308300395256917,0.004340011649314312,-0.21285714285714313,-0.33749999999999947,-0.07999999999999995,Improving
RESDORD,PH_epi,23,0.04365113734023988,0.79155725659086,0.0025000000000001688,-0.019166666666666627,0.019999999999999993,Stable
RESDORD,TP_hypo,23,0.3705296911341932,0.014944295673191506,0.2421052631578947,0.03000000000000005,0.4526315789473685,Worsening
RESDORD,CHL_comp,24,0.10144927536231885,0.5030370130775136,0.0392017857142857,-0.053000000000000116,0.13249999999999984,Stable
RESDORD,Year,24,1,9.02763392534496e-12,1,1,1.0555555555555556,Stable
