parameter,non_na_n,tau,p.value,slope,trend,mean_value,percent_change
CHL_comp,81,-0.09182266891002655,0.2272990345954895,-0.00957456140350877,Improving,4.820295061728395,-0.1986301933989007
PH_epi,82,0.02240079827606678,0.7699549198150635,3.333333333333262e-4,Improving,6.624817073170732,0.005031585470990041
SECCHI,81,0.07142994552850723,0.35010790824890137,0.0024357284113381695,Improving,1.954320987654321,0.12463297619607816
SPCD_epi,81,-0.048177897930145264,0.5272731184959412,-0.09311565696302147,Improving,178.35246913580247,-0.05220878489331182
TP_epi,82,0.336645588678109,NA,NA,Worsening,15.804878048780488,NA
TP_hypo,25,0.18333333333333332,NA,NA,Worsening,17.54,NA
