STATIONID,parameter,n,tau,mk_p,sen_slope,sen_ci_lower,sen_ci_upper,trend
SPEGROVLAPD,SPCD_epi,11,-0.41818181818181815,0.08676817270387568,-0.3285714285714284,-0.89,0.041666666666666075,Stable
SPEGROVLAPD,CHL_comp,11,-0.16363636363636364,0.5334165134726944,-0.04750000000000032,-0.6228571428571428,0.265,Stable
SPEGROVLAPD,PH_epi,11,-0.3302891295379082,0.1843509512097482,-0.028750000000000053,-0.08999999999999986,0.020000000000000066,Stable
SPEGROVLAPD,SECCHI_NVS,11,0.24078203063740675,0.3472624244875814,0.055000000000000035,-0.03749999999999998,0.17499999999999982,Stable
SPEGROVLAPD,TP_hypo,11,0.2568915451961508,0.31004412387652436,0.22499999999999964,-0.3000000000000007,1.0399999999999998,Stable
SPEGROVLAPD,TP_epi,11,-0.2935903373670295,0.24147691993853201,-0.24833333333333366,-0.7849999999999997,0.25666666666666665,Stable
