parameter,non_na_n,tau,p.value,slope,trend,mean_value,percent_change
CHL_comp,22,0.37662337662337664,0.015307460719572452,0.11807683318853335,Worsening,4.7588954545454545,2.4811814908804597
PH_epi,23,0.37549407114624506,0.012980169222086557,0.014141311645507137,Improving,6.227608695652174,0.22707450542581364
SECCHI,24,-0.32971014492753625,0.025408102595890325,-0.0249999817460776,Worsening,2.012395833333333,-1.2422994190296859
SPCD_epi,23,0.03162055335968379,0.8532778974530781,0.04863960266113526,Stable,40.58195652173913,0.1198552431425522
TP_epi,22,0.4069264069264069,0.008598048804810299,0.2953845549374809,Worsening,12.365454545454545,2.388788490157543
TP_hypo,5,NA,NA,NA,insufficient data,18.4,NA
