parameter,non_na_n,tau,p.value,slope,trend,mean_value,percent_change
CHL_comp,34,-0.19786096256684493,0.10182351452793026,-0.09033331612125015,Stable,3.6332764705882354,-2.4862769693555684
PH_epi,33,0.12878787878787878,0.29764884706130434,0.008000031948089363,Stable,6.841212121212121,0.11693880859627435
SECCHI,34,0.1925133689839572,0.1107485365788412,0.037499962374567986,Stable,4.279411764705882,0.8762877805740973
SPCD_epi,33,0.17992424242424243,0.14414922526147111,0.27769229963421693,Stable,42.28666666666667,0.6566899723337938
TP_epi,33,0.03409090909090909,0.7907428847910136,1.862645149230957e-9,Stable,8.346969696969698,2.2315225966462727e-8
TP_hypo,31,0.07096774193548387,0.5835487932146153,0.048675537109375,Stable,8.55258064516129,0.5691327463473107
