parameter,non_na_n,tau,p.value,slope,significant,slope_dir,trend,mean_value,percent_change
CHL_comp,121,-0.007725211791694164,0.9019298553466797,-4.347826086956542e-4,FALSE,NA,Stable,5.00996694214876,-0.008678352845761038
PH_epi,121,-0.07987919449806213,0.19681058824062347,-9.090909090909167e-4,FALSE,NA,Stable,6.950826446280992,-0.013078889483383973
SECCHI,120,-0.15145818889141083,0.015382762998342514,-0.004371044303797476,TRUE,decreasing,Worsening,3.8193333333333332,-0.11444521654208788
SPCD_epi,122,-0.03515205904841423,0.5680191516876221,-0.007012987012987002,FALSE,NA,Stable,42.732540983606555,-0.016411350346981213
TP_epi,122,-0.0120747871696949,0.8471803665161133,0,FALSE,NA,Stable,9.558196721311475,0
TP_hypo,121,-0.05741539224982262,0.35570645332336426,-0.013245614035087718,FALSE,NA,Stable,16.73876033057851,-0.07913139189220911
