STATIONID,parameter,n,tau,mk_p,sen_slope,sen_ci_lower,sen_ci_upper,trend
PRANWID,SPCD_epi,24,0.09420289855072464,0.5351853194474852,0.04407894736842107,-0.06916666666666653,0.21222222222222265,Stable
PRANWID,CHL_comp,24,0.6014492753623188,4.263304740863736e-5,0.16832236842105264,0.1076923076923077,0.25625,Worsening
PRANWID,PH_epi,24,0.577133436869299,8.843812331118626e-5,0.03538461538461545,0.023749999999999938,0.04944444444444448,Improving
PRANWID,SECCHI,10,-0.4787549991450212,0.08374038074921314,-0.03333333333333336,-0.10000000000000003,0,Stable
PRANWID,TP_hypo,7,0.047619047619047616,1,0.09999999999999994,-1.0250000000000001,1.7,Stable
PRANWID,TP_epi,24,0.450912072155787,0.0022670155890562953,0.22595238095238096,0.13333333333333333,0.3333333333333333,Worsening
