parameter,non_na_n,tau,p.value,slope,trend,mean_value,percent_change
CHL_comp,35,0.08922571688890457,0.46013569831848145,0.005625000000000005,Stable,1.7567371428571428,0.32019588262655796
SPCD_epi,34,-0.7482154965400696,5.71924341219443e-10,-0.27999999999999936,Improving,16.050882352941176,-1.7444523848789653
PH_epi,34,0.4331550896167755,3.337860107421875e-4,0.02999999999999998,Improving,5.8814705882352944,0.5100765114767212
TP_epi,34,-0.0905088409781456,0.5300477743148804,0,Stable,5.339705882352941,0
TP_hypo,32,0.03185639902949333,0.817312479019165,0,Stable,7.0509375,0
SECCHI,40,-0.38303467631340027,5.375792388804257e-4,-0.0702967171717172,Worsening,8.72425,-0.8057622967214054
