parameter,non_na_n,tau,p.value,slope,trend,mean_value,percent_change
CHL_comp,89,-0.08239526301622391,0.2552489638328552,-0.00554373522458629,Stable,2.657023595505618,-0.20864456130399345
SPCD_epi,89,0.41052499413490295,0,0.21854166666666675,Worsening,59.519438202247194,0.3671769648162028
PH_epi,88,0.15696394443511963,0.03164088726043701,0.002272727272727265,Improving,6.5875,0.03450060376056569
TP_epi,88,0.07068774104118347,0.3481919765472412,0,Stable,6.609659090909091,0
TP_hypo,89,0.2790197432041168,1.2755393981933594e-4,0.0651086956521739,Worsening,13.693258426966292,0.47547993050328036
SECCHI,90,0.14400911331176758,0.046105265617370605,0.007236842105263144,Improving,4.80075,0.15074399011119397
