stationid,parameter,n,tau,mk_p,sen_slope,sen_ci_lower,sen_ci_upper,trend
PINMAND,SECCHI,87,0.024497140379810833,0.7437304226029327,0,-0.0031250000000000028,0.0038461538461538494,Stable
PINMAND,TP_epi,86,0.11559305156923451,0.11795423285375407,0.05000000000000008,-0.012903225806451625,0.10192307692307694,Stable
PINMAND,SPCD_epi,86,0.32451743976262076,1.020388698438953e-5,2.7,1.5806451612903225,3.8095238095238093,Worsening
PINMAND,PH_epi,86,0.12028093091412669,0.10304408445463906,0.002727272727272669,-6.250000000000089e-4,0.006000000000000005,Stable
PINMAND,TP_hypo,82,0.19287710926265317,0.010612333503547431,0.2,0.04680851063829778,0.3377777777777777,Worsening
PINMAND,CHL_comp,85,0.05211544054388528,0.4825692840796409,0.019486981132075462,-0.03293103448275862,0.07235714285714291,Stable
PINMAND,Year,87,0.9842382536030865,2.375456980922151e-40,0.3,0.2857142857142857,0.3125,Stable
