stationid,parameter,n,tau,mk_p,sen_slope,sen_ci_lower,sen_ci_upper,trend
LOOPLYD,SECCHI,93,-0.05718448410082048,0.42169485241871646,-0.0026515151515151556,-0.008846153846153835,0.0034482758620689533,Stable
LOOPLYD,TP_epi,94,-0.13523151299859995,0.059253341815004704,-0.0196078431372549,-0.04507042253521127,0,Stable
LOOPLYD,SPCD_epi,92,-0.04071870420514925,0.5686196752085568,-0.005128205128205155,-0.024202898550724612,0.014333333333333325,Stable
LOOPLYD,PH_epi,92,0.10711004442333819,0.13326306052758266,0.0012328767123287651,-4.347826086956429e-4,0.002631578947368412,Stable
LOOPLYD,TP_hypo,94,-0.07340299003954757,0.3028693199781148,-0.02142857142857148,-0.07049180327868854,0.016666666666666666,Stable
LOOPLYD,CHL_comp,94,-0.06211332926073053,0.37778540762165014,-0.005527777777777774,-0.01692307692307692,0.006279069767441861,Stable
LOOPLYD,Year,94,0.9904601002813647,1.3549357945547038e-44,0.36363636363636365,0.3584905660377358,0.3673469387755102,Stable
