stationid,parameter,n,tau,mk_p,sen_slope,sen_ci_lower,sen_ci_upper,trend
FRAHSBD,SECCHI,32,-0.1838387589816275,0.1443272522166538,-0.036625000000000005,-0.08406249999999998,0.01620000000000001,Stable
FRAHSBD,TP_epi,31,0.16163830642114604,0.2083561917286763,0.08750000000000013,-0.04925925925925926,0.24529411764705883,Stable
FRAHSBD,SPCD_epi,31,0.13347693416475745,0.2997679131709236,0.19999999999999993,-0.13478260869565223,0.5461538461538462,Stable
FRAHSBD,PH_epi,31,0.13261653003587806,0.3069437838592834,0.0059999999999999784,-0.003750000000000031,0.018333333333333385,Stable
FRAHSBD,TP_hypo,31,0.2817204301075269,0.02713750593978575,0.12666666666666668,0.02222222222222234,0.2666666666666666,Worsening
FRAHSBD,CHL_comp,31,-0.04086021505376344,0.7596537518193331,-0.010624999999999996,-0.07923076923076924,0.06285714285714288,Stable
FRAHSBD,Year,32,0.9847629483871381,6.191614429921691e-15,0.5477272727272727,0.5263157894736842,0.5714285714285714,Stable
