parameter,non_na_n,tau,p.value,slope,trend,mean_value,percent_change
CHL_comp,37,-0.21187083423137665,0.06707069277763367,-0.01579831932773109,Stable,1.1977243243243243,-1.3190280106103247
SPCD_epi,36,-0.07631170004606247,0.5219770669937134,-0.07167564655172398,Stable,75.57916666666667,-0.09483519032148276
PH_epi,36,0.2027166485786438,0.08589613437652588,0.009139194139194153,Stable,6.791666666666667,0.13456482168138628
TP_epi,36,0.07871212065219879,0.5647778511047363,0,Stable,5.4030555555555555,0
TP_hypo,36,0.016346940770745277,0.9017539024353027,0,Stable,6.3758333333333335,0
SECCHI,35,0.17676793038845062,0.1396094560623169,0.04134615384615382,Stable,7.404428571428571,0.5583976325424489
