parameter,non_na_n,tau,p.value,slope,trend,mean_value,percent_change
CHL_comp,41,0.11707317073170732,0.2847593891434479,0.03433333113789483,Stable,3.240941463414634,1.0593628896253333
PH_epi,42,0.2148664343786295,0.04561606329818302,0.02166670858860033,Improving,5.771571428571429,0.37540397544665305
SECCHI,44,0.05919661733615222,0.5768745016845269,0.010714253783226014,Stable,4.157727272727273,0.25769496362848177
SPCD_epi,43,-0.584717607973422,3.2428626006719696e-8,-0.2843139648437488,Improving,13.412558139534884,-2.119759421625204
TP_epi,43,0.19047619047619047,0.07244921002962013,0.07499996423721247,Stable,7.971627906976744,0.94083623962895635
TP_hypo,40,0.1,0.3674722586655734,0.10000007696683078,Stable,12.877,0.7765789932968142
