parameter,non_na_n,tau,p.value,slope,trend,mean_value,percent_change
CHL_comp,35,0.10084033613445378,0.39866592266314727,0.7657952880859387,Stable,32.44242,2.3604752299179244
PH_epi,29,0.18472906403940886,0.15948677183031768,0.033333390206098656,Stable,6.966206896551724,0.4785012949098411
SECCHI,36,0.1492063492063492,0.1995752997279261,0.03240299224853517,Stable,1.3152777777777778,2.463585471905525
SPCD_epi,28,0.455026455026455,6.289981653198051e-4,3.5567797851562495,Worsening,102.37392857142858,3.4743023294984763
TP_epi,30,-0.09195402298850575,0.4797642587807365,-0.49999997951090336,Stable,27.576666666666668,-1.8131269654692492
TP_hypo,30,0.167816091954023,0.1930980576342367,1.4285713811405003,Stable,59.89,2.385325398464686
