parameter,non_na_n,tau,p.value,slope,trend,mean_value,percent_change
CHL_comp,38,0.011379800853485065,0.9296688477213151,0.0037500121444461448,Stable,3.7889473684210526,0.09897239997843693
PH_epi,38,0.031294452347083924,0.7909348177936919,8.571264147759355e-4,Stable,6.418947368421053,0.01335306812130434
SECCHI,38,-0.4864864864864865,1.703537722685944e-5,-0.04057692952454062,Worsening,3.957171052631579,-1.025402465166532
SPCD_epi,38,0.3869132290184922,6.33198248398914e-4,0.2845455132424856,Worsening,31.40684210526316,0.9059984836705423
TP_epi,38,0.24324324324324326,0.03204734557025635,0.06363643273711209,Worsening,7.969736842105263,0.7984759597194185
TP_hypo,37,0.18468468468468469,0.10946695721273803,0.09310347518418152,Stable,11.696486486486487,0.7959952357637351
