parameter,non_na_n,tau,p.value,slope,trend,mean_value,percent_change
CHL_comp,78,-0.04995004995004995,0.5199675649159539,-0.017350341901182995,Stable,5.165328787878788,-0.33590004845186533
PH_epi,79,-0.0172022070756248,0.8255830196744081,-4.285854101179464e-4,Stable,6.812481012658228,-0.006291179517735088
SECCHI,79,-0.02109704641350211,0.7861491278079642,-0.0015909221023320264,Stable,3.064256329113924,-0.05191870168355222
SPCD_epi,79,0.5839013307367737,2.5757174171303632e-14,1.223043503202495,Worsening,65.42506329113924,1.8693806955294707
TP_epi,79,0.0902304446608244,0.24016601339989263,0.04736844003200645,Stable,12.318607594936708,0.38452755043091236
TP_hypo,79,0.11132749107432652,0.14722483073816428,0.17878785682842135,Stable,23.491139240506328,0.761086361108163
