parameter,non_na_n,tau,p.value,slope,trend,mean_value,percent_change
CHL_comp,25,0.07666666666666666,0.6059733676971182,0.01624998719245166,Stable,4.29038,0.3787540309355269
PH_epi,25,0.15666666666666668,0.28053217369477124,0.005000053048134168,Stable,6.6156,0.07557973650363033
SECCHI,25,0.05333333333333334,0.7249918400279736,0.006249979883432414,Stable,4.2658000000000005,0.14651366410596872
SPCD_epi,25,0.5333333333333333,1.9221874032138153e-4,0.5586110679060203,Worsening,51.2636,1.0896836505942233
TP_epi,24,0.07246376811594203,0.6357468938433435,0.017833251953124844,Stable,8.6970833333333335,0.20504864987064447
TP_hypo,24,0.4927536231884058,7.670288507544143e-4,0.5023143005371111,Worsening,16.962083333333332,2.961395075509265
