parameter,non_na_n,tau,p.value,slope,trend,mean_value,percent_change
CHL_comp,70,-0.19337474120082815,0.018025208618802413,-0.031666699171066175,Improving,1.9512657142857142,-1.6228799050393898
PH_epi,70,0.015734989648033125,0.851007853995182,5.305862426758312e-4,Stable,6.644228571428571,0.00798567112753242
SECCHI,67,0.05970149253731343,0.47760365891693946,0.011363571509718895,Stable,5.654082089552238,0.20097995270915506
SPCD_epi,70,0.11884057971014493,0.14664764966970334,0.06905451059341225,Stable,37.167142857142856,0.18579450903404918
TP_epi,70,-0.15072463768115943,0.051935937582544556,-0.05295081138610791,Stable,6.405714285714286,-0.826618375786698
TP_hypo,70,-0.03354037267080745,0.6839233068634876,-0.0026986157894097213,Stable,9.462714285714286,-0.02851841139791973
