parameter,non_na_n,tau,p.value,slope,trend,mean_value,percent_change
CHL_comp,79,0.022395326192794548,0.7730468404936961,0.01333327777683746,Stable,4.643525316455696,0.28713696745847545
PH_epi,80,0.005063291139240506,0.9502023747378305,2.831220632897848e-8,Stable,6.7021749999999995,4.224331105794534e-7
SECCHI,80,-0.010759493670886076,0.8907319680407022,-0.0017722070217130797,Stable,3.91934375,-0.04521693259778706
SPCD_epi,80,0.289873417721519,1.398951579971719e-4,0.6807403564453123,Worsening,57.636125,1.1811001458639219
TP_epi,82,-0.09093646492020475,0.22714085960698616,-0.05971305847167967,Stable,9.17451219512195,-0.6508581295845772
TP_hypo,79,0.36514118792599803,1.8688602265726217e-6,1.0159999934490775,Worsening,21.82164556962025,4.655927483597005
