parameter,non_na_n,tau,p.value,slope,trend,mean_value,percent_change
CHL_comp,35,0.09411764705882353,0.4345248877694323,0.006025991439820098,Stable,1.7567371428571428,0.3430218040485827
PH_epi,34,0.43493761140819964,3.139271382786024e-4,0.029216308593750257,Improving,5.8814705882352944,0.496751758857583
SECCHI,40,-0.3769230769230769,6.358690061485373e-4,-0.07513888750225298,Worsening,8.72425,-0.8612647219216893
SPCD_epi,34,-0.7415329768270945,7.483174080391564e-10,-0.28244106292724563,Improving,16.050882352941176,-1.7596606636113739
TP_epi,34,-0.3065953654188948,0.0037744350391106796,-9.1552734375e-4,Improving,5.339705882352941,-0.017145651163591298
TP_hypo,32,0.0020161290322580645,1,-1.3001261472703047e-8,Stable,7.0509375,-1.8439053633226854e-7
