parameter,non_na_n,tau,p.value,slope,trend,mean_value,percent_change
CHL_comp,23,-0.13438735177865613,0.38229222932316054,-0.06430656433105482,Stable,3.493817391304348,-1.8405817227627697
PH_epi,24,0.17753623188405798,0.23185568267941736,0.007647013664245169,Stable,6.4191666666666665,0.11912782548480075
SECCHI,24,0.06521739130434782,0.6711907525794123,0.009090982377529144,Stable,4.685416666666667,0.19402719169470828
SPCD_epi,24,0.14130434782608695,0.3447159594630369,0.8199999608285744,Stable,72.29291666666667,1.1342742811297664
TP_epi,24,-0.3188405797101449,0.029212874402805067,-0.23899173736572266,Improving,8.4375,-2.8324946650752314
TP_hypo,24,-0.286231884057971,0.05122612299043228,-0.21249997934326487,Stable,8.566666666666666,-2.480544505952508
