parameter,non_na_n,tau,p.value,slope,trend,mean_value,percent_change
CHL_comp,58,0.28614640048396855,0.0015277800573256783,0.38563025176525173,Worsening,15.037856896551725,2.5643963393060294
PH_epi,58,0.013914095583787053,0.8825391394544309,9.090776741501861e-4,Stable,7.376379310344827,0.012324172007739241
SECCHI,57,-0.35902255639097747,8.011323564227624e-5,-0.06018521636724465,Worsening,2.492236842105263,-2.4149075782221603
SPCD_epi,58,0.530550514216576,4.0583467697530295e-9,1.460714316852389,Worsening,86.15706896551724,1.6954085536928059
TP_epi,58,-0.019963702359346643,0.8294250116001831,-1.862645149230957e-9,Stable,16.944827586206898,-1.0992411340597833e-8
TP_hypo,58,0.24742891712038717,0.006132645145771942,2.363636425230652,Worsening,123.36206896551724,1.9160155508508432
