parameter,non_na_n,tau,p.value,slope,trend,mean_value,percent_change
CHL_comp,47,-0.0971322849213691,0.3394370648385836,-0.052188463211059855,Stable,6.619776595744681,-0.7883719708095224
PH_epi,47,-0.21091581868640147,0.036997297663796225,-0.010993652343749716,Worsening,6.1668085106382975,-0.17827134286373056
SECCHI,47,0.31174838112858466,0.0019734746708794937,0.033333342522382736,Improving,3.1601063829787233,1.0548171005231366
SPCD_epi,47,-0.41535615171137835,3.847416502322787e-5,-0.14849525451660128,Improving,18.939148936170213,-0.7840650866470735
TP_epi,47,-0.3515263644773358,4.6489364746027384e-4,-0.23018264770507813,Improving,9.761702127659575,-2.358017533160129
TP_hypo,46,-0.2531400966183575,0.012956145157075216,-0.2941176723688841,Improving,20.32608695652174,-1.4469960351838147
