parameter,non_na_n,tau,p.value,slope,trend,mean_value,percent_change
CHL_comp,83,0.08786364972083456,0.24087025408039642,0.015599955208599768,Stable,3.1246385542168675,0.49925631198356657
PH_epi,83,0.04584190420217455,0.5416749011616668,0.0016666683554646645,Stable,6.488253012048193,0.02568747476970747
SECCHI,86,-0.15075239398084817,0.039890726425050094,-0.018181869760156115,Worsening,5.325668604651163,-0.34140069745002555
SPCD_epi,83,-0.1254775198354393,0.09360601548589309,-0.03999994583428082,Stable,24.906746987951806,-0.16059883634595107
TP_epi,83,0.19306494269761976,0.009089458689816476,0.04944447568617799,Worsening,6.663253012048193,0.7420470991687502
TP_hypo,82,0.2222222222222222,0.0030803256230773624,0.14615379333496173,Worsening,12.538048780487804,1.1656821240192645
