parameter,non_na_n,tau,p.value,slope,trend,mean_value,percent_change
CHL_comp,101,-0.042772277227722776,0.5278220053278555,-0.00941181790083576,Stable,4.564706930693069,-0.20618668501039436
PH_epi,106,-0.09236298292902066,0.1609532733579997,-0.0037499663233755715,Stable,6.712169811320755,-0.055868168249421715
SECCHI,106,0.010242587601078167,0.8781879383854609,-1.4901162190782618e-9,Stable,3.0504795597484278,-4.884858888223959e-8
SPCD_epi,105,0.12307692307692308,0.06298400531700277,0.16666663605719445,Stable,49.21704761904762,0.33863598919471216
TP_epi,104,0.050597460791635546,0.4462240603984968,3.613531521432106e-8,Stable,12.109423076923077,2.9840657960975955e-7
TP_hypo,104,0.12864077669902912,0.052555968940797504,0.09090912248939276,Stable,15.051923076923076,0.6039701506897182
