parameter,non_na_n,tau,p.value,slope,trend,mean_value,percent_change
CHL_comp,37,0.0045045045045045045,0.9791225771352206,0.0015383706688880845,Stable,4.697632432432433,0.03274778712500324
PH_epi,36,-0.16031746031746033,0.1727326067399595,-0.0031994628906248553,Stable,7.039722222222222,-0.045448709332949845
SECCHI,37,-0.22822822822822822,0.04812534584588679,-0.03250000853091489,Worsening,3.605472972972973,-0.901407631524035
SPCD_epi,36,0.4396825396825397,1.6916138293288085e-4,0.7256888651847809,Worsening,85.81305555555555,0.8456625399091733
TP_epi,36,0.14444444444444443,0.219332779970711,0.052500065192579826,Stable,8.20138888888889,0.6401362733049529
TP_hypo,36,0.09047619047619047,0.4446313228622938,0.0579071044921875,Stable,13.233333333333334,0.437585172485044
