parameter,non_na_n,tau,p.value,slope,trend,mean_value,percent_change
CHL_comp,76,0.156140350877193,0.04624743210804527,0.07733330140821623,Worsening,6.8976578947368425,1.121153043371784
PH_epi,75,0.2781981981981982,4.1451158145200395e-4,0.013930664062500146,Improving,6.603253333333333,0.21096667595922636
SECCHI,76,-0.27473684210526317,4.460220025244155e-4,-0.02971299737691875,Worsening,2.636586842105263,-1.1269493157749928
SPCD_epi,75,-0.11351351351351352,0.15052194871110824,-0.18676147460937467,Stable,58.64626666666667,-0.3184541578254052
TP_epi,74,0.43502406516105147,4.0635627751584025e-8,0.2691307067871094,Worsening,13.386756756756757,2.0104250168829716
TP_hypo,38,0.1906116642958748,0.09259281252860818,0.24999996647238731,Stable,14.705263157894736,1.7000713539639796
