parameter,non_na_n,tau,p.value,slope,trend,mean_value,percent_change
CHL_comp,43,-0.07198228128460686,0.5022918503255556,-0.05388894271105491,Stable,7.528523255813954,-0.715796988067199
PH_epi,42,0.21602787456445993,0.04445672508457155,0.01333341002464272,Improving,7.081666666666667,0.18828067815452182
SECCHI,44,0.12684989429175475,0.2272875833935366,0.01714291013777254,Stable,2.438298863636364,0.7030684545456587
SPCD_epi,42,0.2264808362369338,0.03516970673730868,2.4068323135375986,Worsening,218.7547619047619,1.1002422496226385
TP_epi,43,0.22369878183831673,0.034930407641946104,0.23529416136443687,Worsening,19.580232558139535,1.2016923734985194
TP_hypo,43,0.17386489479512734,0.10198834868505013,0.5874999604769906,Stable,42.60697674418605,1.3788820643256696
