parameter,non_na_n,tau,p.value,slope,trend,mean_value,percent_change
CHL_comp,23,-0.1067193675889328,0.49168467800882776,-0.07777775208465795,Stable,7.221739130434782,-1.0769947609555286
PH_epi,25,-0.06666666666666667,0.6564699991851008,-0.005668830871582116,Stable,7.1056,-0.07977976344829593
SECCHI,26,0.021538461538461538,0.8945667486580731,0.0026554870605471443,Stable,3.1278846153846156,0.08489721927356378
SPCD_epi,25,0.49666666666666665,5.326688897000498e-4,1.770000067222874,Worsening,98.4468,1.7979254452383155
TP_epi,25,0.056666666666666664,0.7071297476099925,0.009090863168239594,Stable,10.9496,0.08302461430773356
TP_hypo,26,0.3261538461538461,0.02032243095342201,0.5789473538100738,Worsening,17.467692307692307,3.3143894660608417
