parameter,non_na_n,tau,p.value,slope,trend,mean_value,percent_change
CHL_comp,115,-0.10450038138825324,0.09811181616767328,-0.0320000003091989,Stable,5.852674782608696,-0.5467585590828888
PH_epi,115,0.06300533943554538,0.3189552481820759,0.0020833933353422047,Stable,6.257773913043478,0.033292882809327046
SECCHI,115,0.005949656750572082,0.9266266383949433,-5.513429659942678e-8,Stable,3.0059260869565216,-1.8341867033480474e-6
SPCD_epi,113,-0.11994310998735777,0.05986226048699561,-0.0740740597993127,Stable,30.595309734513275,-0.2421092005345933
TP_epi,114,-0.14531904983698182,0.021806426093757603,-0.057142896577715874,Improving,11.214649122807018,-0.509537979761716
TP_hypo,113,0.053729456384323644,0.3996251764065424,0.02418041229248047,Stable,13.97433628318584,0.17303442397886726
