parameter,non_na_n,tau,p.value,slope,trend,mean_value,percent_change
CHL_comp,25,0.12,0.4128353777510967,0.1111157226562492,Stable,8.127308,1.3671897589736872
PH_epi,25,0.29333333333333333,0.04146291716764505,0.015000027418136656,Improving,6.5472,0.22910599062403253
SECCHI,25,-0.11333333333333333,0.43979841952058885,-0.015182685852050834,Stable,2.6692,-0.5688103496197675
SPCD_epi,25,0.47333333333333333,9.701115190712262e-4,1.2505010986328182,Worsening,93.0576,1.3437925528197785
TP_epi,25,0.26666666666666666,0.06326909577079043,0.18137588500976531,Stable,11.3172,1.6026568851815408
TP_hypo,24,0.2210144927536232,0.13500412862728473,0.20999994957819548,Stable,16.23375,1.2936009830026671
