parameter,non_na_n,tau,p.value,slope,trend,mean_value,percent_change
CHL_comp,100,-0.08484848484848485,0.21183370053369388,-0.048906204076481885,Stable,7.4056355,-0.6603917256862275
PH_epi,101,-0.04554455445544554,0.5013028599776392,-0.0021428140997881403,Stable,7.446079207920792,-0.028777750544322907
SECCHI,101,-0.18376237623762376,0.006455574019923249,-0.021875055879354274,Worsening,4.718836633663367,-0.4635688322689834
SPCD_epi,101,0.026138613861386138,0.7005291050119331,0.02999990358947687,Stable,74.37831683168316,0.040334206079664495
TP_epi,100,0.04929292929292929,0.46815669608608124,0.016092300415039063,Stable,10.0766,0.15969970441457498
TP_hypo,100,0.0030303030303030303,0.9667228438016238,0.00833335833158344,Stable,100.676,0.008277403086717232
