parameter,non_na_n,tau,p.value,slope,trend,mean_value,percent_change
CHL_comp,178,-0.10061575572906747,0.046118427876433055,-0.007894743978977204,Improving,1.6986797752808989,-0.46475763671653214
PH_epi,194,0.13209764435660487,0.0062135661509576945,0.0038461774587632857,Improving,6.78409793814433,0.05669401435285499
SECCHI,184,0.00819672131147541,0.8696275038101242,1.4528631875445803e-8,Stable,8.598532608695653,1.6896641016111367e-7
SPCD_epi,193,0.6418393782383419,0,0.9478260979987669,Worsening,88.1559067357513,1.0751702671947898
TP_epi,182,0.17090644162467367,1.4618727137638565e-4,8.944422006607055e-8,Worsening,5.601648351648351,1.5967482150097932e-6
TP_hypo,190,0.14107490949596213,0.002681971799435745,9.52556725492183e-8,Worsening,5.881578947368421,1.6195595332752997e-6
