parameter,non_na_n,tau,p.value,slope,trend,mean_value,percent_change
CHL_comp,92,-0.07740086000955566,0.2751609818561289,-0.06267122697830203,Stable,6.512905434782609,-0.9622621978142373
PH_epi,91,0.07741147741147741,0.2776375125488444,0.004285708516836425,Stable,6.730582417582418,0.06367515098902576
SECCHI,92,0.1301958910654563,0.06594795099259221,0.018750001639127677,Stable,2.0028985507246375,0.936143352460065
SPCD_epi,91,0.3968253968253968,2.443029401000274e-8,3.599999944306907,Worsening,211.8876923076923,1.6990132390885517
TP_epi,91,0.11282051282051282,0.11323132118742518,0.13333329576998876,Stable,17.869230769230768,0.7461613624665752
TP_hypo,91,0.22661782661782662,0.0014502246874874558,0.5999999744119009,Worsening,27.55824175824176,2.1772070209539427
