parameter,non_na_n,tau,p.value,slope,trend,mean_value,percent_change
CHL_comp,99,-0.1080189651618223,0.11361102637723874,-0.015789505802095077,Stable,2.960138383838384,-0.5334043127274668
PH_epi,98,-0.048600883652430045,0.47985838481330845,-0.0014285615086553761,Stable,6.915204081632653,-0.02065826968794388
SECCHI,99,0.03153988868274583,0.6452839543507289,0.0027777103427803155,Stable,3.778939393939394,0.07350502490818364
SPCD_epi,98,0.07426888281085631,0.2796985305316153,0.08823522850870802,Stable,70.46285714285715,0.12522232575641798
TP_epi,96,0.026973684210526316,0.6972522881472738,-1.2842937790605819e-8,Stable,8.561458333333333,-1.5000876358415364e-7
TP_hypo,97,0.07066151202749141,0.3044718114494813,0.035714312456548214,Stable,11.373092783505154,0.3140246293281463
