parameter,non_na_n,tau,p.value,slope,trend,mean_value,percent_change
CHL_comp,47,0.04995374653098982,0.6261258784025006,0.04416664859279827,Stable,7.362553191489361,0.5998822343837472
PH_epi,47,-0.2821461609620722,0.005177697002098247,-0.019999949932098242,Worsening,6.6953191489361705,-0.29871540829052284
SECCHI,46,-0.057971014492753624,0.5739967092988572,-0.007142896950244993,Stable,2.868478260869565,-0.2490134594249865
SPCD_epi,47,0.4440333024976873,1.0658264166130138e-5,0.672000054642559,Worsening,34.94776595744681,1.922869849422711
TP_epi,45,-0.01616161616161616,0.8826503856054342,-6.332993507385254e-8,Stable,13.28888888888889,-4.765630565758134e-7
TP_hypo,45,0.010101010101010102,0.9296156157009281,3.4458935260772705e-8,Stable,25.3,1.362013251413941e-7
