parameter,non_na_n,tau,p.value,slope,trend,mean_value,percent_change
CHL_comp,127,-0.21197350331208598,3.813566607757668e-4,-0.01941172257065826,Improving,1.7512992125984252,-1.1084183919580959
PH_epi,3,NA,NA,NA,insufficient data,6.69,NA
SECCHI,132,0.13092759657645153,0.02516508428517894,0.024193514883517602,Improving,7.891060606060606,0.30659395601316447
SPCD_epi,3,NA,NA,NA,insufficient data,104.23333333333333,NA
TP_epi,3,NA,NA,NA,insufficient data,13.666666666666666,NA
TP_hypo,1,NA,NA,NA,insufficient data,13,NA
