parameter,non_na_n,tau,p.value,slope,trend,mean_value,percent_change
CHL_comp,88,-0.03474399164054336,0.6340336175867163,-0.0071428430080413465,Stable,3.5784823863636364,-0.19960537000993103
PH_epi,87,-0.09970596097300187,0.1721965961220251,-0.0028572204709055573,Stable,6.868045977011494,-0.04160165031610381
SECCHI,86,-0.049247606019151846,0.5024070180852083,-0.0011110872030258962,Stable,4.677093023255814,-0.023755935524507638
SPCD_epi,87,0.5137663726276397,1.822986206434507e-12,0.36599992252886226,Worsening,43.40563218390805,0.8432083674720696
TP_epi,87,0.014434643143544507,0.8447396636383966,4.1183084196066236e-8,Stable,7.122068965517242,5.782460742160942e-7
TP_hypo,87,0.06629243517775996,0.36448556882821714,0.06446313858032227,Stable,16.85390804597701,0.3824818457800324
