parameter,non_na_n,tau,p.value,slope,trend,mean_value,percent_change
CHL_comp,55,0.06397306397306397,0.4936048367669905,0.020233154296874566,Stable,4.59936,0.4399123855683088
PH_epi,53,0.14876632801161102,0.11624324556300247,0.007993469238281141,Stable,6.457358490566038,0.12378853133149265
SECCHI,54,-0.17330538085255065,0.06433462501321308,-0.022644805908203173,Stable,4.3980092592592595,-0.5148876360487052
SPCD_epi,54,-0.4779874213836478,3.168629090222197e-7,-0.3105262563005098,Improving,21.10685185185185,-1.4712106688391104
TP_epi,55,0.2767676767676768,0.0028002333275449764,0.11674562454223585,Worsening,7.766727272727273,1.5031508181339914
TP_hypo,54,0.2921034241788959,0.0018026626898712816,0.3749999242089709,Worsening,16.076666666666668,2.3325726158550957
