parameter,non_na_n,tau,p.value,slope,trend,mean_value,percent_change
CHL_comp,71,0.1311871227364185,0.10638484697162753,0.026216267645359392,Stable,4.719252112676056,0.555517421392718
PH_epi,66,0.17482517482517482,0.038257064255647455,0.005337762832641397,Improving,7.371818181818182,0.07240768425090069
SECCHI,67,-0.3012211668928087,3.114262066064022e-4,-0.025925962999463315,Worsening,3.591716417910448,-0.7218265581932065
SPCD_epi,81,0.5962962962962963,3.1086244689504383e-15,6.000000010011718,Worsening,372.1395061728395,1.612298589772683
TP_epi,71,0.5235412474849095,1.0005907213894716e-10,0.25882357155904145,Worsening,11.899154929577465,2.1751424625600047
TP_hypo,71,0.5742454728370221,1.3569145806968663e-12,1.3780959129333579,Worsening,45.822535211267606,3.007463263609406
