parameter,non_na_n,tau,p.value,slope,trend,mean_value,percent_change
CHL_comp,33,-0.18181818181818182,0.13922274401175638,-0.10823104858398466,Stable,4.175454545454546,-2.592078237369543
PH_epi,31,-0.36129032258064514,0.0043270348489883315,-0.024999986886978277,Worsening,6.890967741935484,-0.36279355561105076
SECCHI,33,-0.054924242424242424,0.6600386018803268,1.490116110035519e-8,Stable,3.912121212121212,3.8089722409893204e-7
SPCD_epi,31,0.9139784946236559,4.5341508325691393e-13,4.2999999552965145,Worsening,80.83548387096774,5.31944605188523
TP_epi,30,-0.1471264367816092,0.2548945140000378,-0.19187408447265578,Stable,8.5,-2.2573421702665386
TP_hypo,27,-0.20797720797720798,0.12684486614519908,-0.333333283662796,Stable,9.407407407407407,-3.543306558620273
