parameter,non_na_n,tau,p.value,slope,trend,mean_value,percent_change
CHL_comp,121,0.07079889807162534,0.250119203796924,0.019999938711897113,Stable,5.00996694214876,0.3992030075815071
PH_epi,121,-0.11294765840220386,0.06631061412367889,-0.0046154266595838205,Stable,6.950826446280992,-0.0664011207192964
SECCHI,120,0.1568627450980392,0.01099400178643406,0.015000014007091497,Improving,3.8193333333333332,0.39273906459482016
SPCD_epi,122,0.3972361468635686,8.555800512510814e-11,0.2574837255477889,Worsening,42.732540983606555,0.6025471914870851
TP_epi,122,-0.05487061373797589,0.37054089919913435,-0.017345275878906073,Stable,9.599180327868853,-0.180695385298142
TP_hypo,121,-0.10922865013774105,0.07565145951831886,-0.0833332845941186,Stable,16.73876033057851,-0.49784621410633756
