parameter,non_na_n,tau,p.value,slope,trend,mean_value,percent_change
CHL_comp,93,-0.024777933613838243,0.7273157415173443,-0.010317077636718635,Stable,5.879456989247312,-0.17547670908362964
PH_epi,91,0.04297924297924298,0.5481817320253568,0.002000003308057511,Stable,6.434120879120879,0.03108432908911683
SECCHI,92,-0.06569517439082656,0.35468270596542295,-0.0074999917298555225,Stable,3.2952554347826086,-0.22759970746699656
SPCD_epi,91,-0.055921855921855924,0.4340638287063694,-0.021581653356553807,Stable,22.73708791208791,-0.09491828258745558
TP_epi,91,0.15897435897435896,0.02567478708007731,0.07066798210144043,Worsening,10.197582417582417,0.6929876043913747
TP_hypo,91,-0.08888888888888889,0.21273059157008278,-0.06283092498779297,Stable,15.928351648351649,-0.39445968029149486
