parameter,non_na_n,tau,p.value,slope,trend,mean_value,percent_change
CHL_comp,246,-0.33346606935457107,6.217248937900877e-15,-0.14000000910833524,Improving,6.275771951219512,-2.230801408918792
PH_epi,240,-0.18211297071129706,2.5954537237193875e-5,-0.011333282738924,Worsening,6.783083333333333,-0.16708157901039106
SECCHI,240,0.33347280334728036,1.199040866595169e-14,0.0399999450892211,Improving,2.8412083333333333,1.4078497736310935
SPCD_epi,243,0.3813896541169268,0,1.7999999857740419,Worsening,143.9502880658436,1.2504316663476995
TP_epi,242,-0.06001165940811358,0.16240651191470867,6.332993507385254e-8,Stable,13.14702479338843,4.817054509983188e-7
TP_hypo,243,0.02268476005849743,0.5980153990040891,8.89878655393661e-8,Stable,21.1798353909465,4.2015371647980186e-7
