parameter,non_na_n,tau,p.value,slope,trend,mean_value,percent_change
CHL_comp,37,-0.14264264264264265,0.21887690576015095,-0.05080005243420534,Stable,4.813062162162162,-1.0554622135065992
PH_epi,37,0.021021021021021023,0.8649215330654687,5.76909184455781e-4,Stable,6.819054054054054,0.008460252402791817
SECCHI,38,0.08250355618776671,0.47284119753554976,0.0028571277856827204,Stable,2.7732894736842106,0.10302306386672047
SPCD_epi,37,0.25825825825825827,0.02529476844581069,0.4128260533791044,Worsening,65.2777027027027,0.6324151069765085
TP_epi,37,0.042042042042042045,0.7236286027622352,0.015000073239207268,Stable,10.84918918918919,0.1382598549774971
TP_hypo,23,-0.10276679841897234,0.5053506586226746,-0.03750000149011612,Stable,12.233478260869566,-0.30653589020601724
