parameter,non_na_n,tau,p.value,slope,trend,mean_value,percent_change
CHL_comp,115,-0.12234935163996949,0.05270596610033307,-0.009523821398615625,Stable,1.9430947826086957,-0.49013673876626074
PH_epi,116,0.053973013493253376,0.391302218436711,0.001666692197322656,Stable,6.9862068965517246,0.023856897197609587
SECCHI,115,-0.0700228832951945,0.2677873657640826,-0.011428531799464764,Stable,8.62154347826087,-0.13255783988425837
SPCD_epi,114,0.5916783108213011,0,1.0787878233008057,Worsening,123.87070175438596,0.8708982899280366
TP_epi,116,0.021289355322338832,0.7317652071352025,5.000395514075959e-4,Stable,6.747758620689655,0.007410454041352316
TP_hypo,117,0.1360153256704981,0.029723657634278533,0.14827595299109542,Worsening,19.41119658119658,0.7638681745911983
