parameter,non_na_n,tau,p.value,slope,trend,mean_value,percent_change
CHL_comp,80,-0.10474683544303798,0.16978426024680116,-0.02955046653747591,Stable,3.8077325,-0.7760646667662686
PH_epi,80,-0.09050632911392405,0.23564111993196524,-0.003846166133880939,Stable,6.725125,-0.05719099844063774
SECCHI,81,0.018827160493827162,0.8059979791684644,-6.40749933111806e-8,Stable,2.5681481481481483,-2.4949882021948028e-6
SPCD_epi,80,0.2974683544303797,9.367924730452337e-5,0.23125002194196204,Worsening,44.066250000000004,0.5247780828683222
TP_epi,79,-0.03635183382018825,0.6355092389647883,2.8870999813079834e-8,Stable,15.356329113924051,1.8800717019604393e-7
TP_hypo,41,-0.09634146341463415,0.3753302933951228,-0.11700439453125,Stable,15.220975609756097,-0.7687049603854197
