parameter,non_na_n,tau,p.value,slope,trend,mean_value,percent_change
CHL_comp,41,0.18170731707317073,0.09597789275981339,0.0765384634211653,Stable,6.40290243902439,1.1953713827447832
PH_epi,41,0.22195121951219512,0.04166829375791825,0.010263188481331027,Improving,6.6623170731707315,0.15404833436494741
SECCHI,41,-0.24634146341463414,0.02357318508257955,-0.02187501162290592,Worsening,2.5039634146341463,-0.8736154647891322
SPCD_epi,41,0.6121951219512195,1.7455790812803684e-8,1.9379999682493487,Worsening,71.45792682926829,2.7120853546167645
TP_epi,41,0.17317073170731706,0.11115332541054523,0.06153846830129652,Stable,9.90609756097561,0.6212180722277871
TP_hypo,24,0,1,3.725290154917927e-9,Stable,10.385416666666666,3.587039667724383e-8
