parameter,non_na_n,tau,p.value,slope,trend,mean_value,percent_change
CHL_comp,84,-0.06483075157773953,0.38391749831705635,-0.013571520477533308,Stable,2.040361904761905,-0.6651526107137843
PH_epi,84,0.001434308663224326,0.9876440453990927,5.364418027422978e-8,Stable,6.563428571428571,8.173194800618328e-7
SECCHI,84,-0.07888697647733792,0.28896401317323006,-0.016666732206940763,Stable,4.008928571428571,-0.4157403134025313
SPCD_epi,84,0.34911072862880094,2.53178661457909e-6,0.5339999582618474,Worsening,48.120535714285715,1.1097132447411988
TP_epi,85,-0.041176470588235294,0.5784556262663934,-0.014999931640922885,Stable,6.990164705882353,-0.21458624041147653
TP_hypo,84,0.21543316121629374,0.003701571933990344,0.11818179622292455,Worsening,9.204285714285714,1.2839866111446094
