parameter,non_na_n,tau,p.value,slope,trend,mean_value,percent_change
CHL_comp,75,0.002162162162162162,0.9817357911027258,5.662440828501292e-9,Stable,3.043204,1.8606839464266253e-7
PH_epi,76,0.0968421052631579,0.21696529104945772,0.004999977946281344,Stable,6.822631578947369,0.07328518165497612
SECCHI,72,0.015258215962441314,0.8531942059972799,6.818300113074839e-4,Stable,5.301840277777778,0.012860251829262336
SPCD_epi,75,0.4097297297297297,1.9891842661934334e-7,0.95531415939330655,Worsening,92.69613333333334,1.0305868487070728
TP_epi,76,0.14947368421052631,0.055642828752458406,0.025555552206933535,Stable,6.950263157894737,0.36769186470162973
TP_hypo,76,0.3526315789473684,6.3934530876164075e-6,0.20000005103647672,Worsening,12.703947368421053,1.5743142287697804
