parameter,non_na_n,tau,p.value,slope,trend,mean_value,percent_change
CHL_comp,100,-0.040606060606060604,0.5511679214461418,-0.006233413219451955,Stable,4.008563,-0.15550243864077862
PH_epi,89,0.07660878447395301,0.28881860862901343,0.0021429032087327826,Stable,6.662022471910112,0.032165955875534245
SECCHI,96,0.10043859649122808,0.14683570258295475,0.008333414793014526,Stable,4.0193359375,0.2073331247399503
SPCD_epi,89,0.6552604698672114,0,0.9964286122471087,Worsening,57.7138202247191,1.7264991441691702
TP_epi,87,-0.0408981555733761,0.5766773522997202,-0.010484695434570313,Stable,9.536666666666667,-0.10994088187246044
TP_hypo,87,0.17000801924619086,0.019767765016641237,0.14285713993012905,Worsening,18.26,0.782350163910893
