parameter,non_na_n,tau,p.value,slope,trend,mean_value,percent_change
CHL_comp,100,-0.022626262626262626,0.7407939981465805,-0.00949999887496128,Stable,5.529281,-0.1718125534759633
PH_epi,101,0.24792079207920792,2.3839797646663108e-4,0.008999978005886256,Improving,6.168425742574257,0.14590396936723618
SECCHI,101,0.17683168316831682,0.00872163646577695,0.014285674691200165,Improving,2.5073663366336634,0.5697482048187584
SPCD_epi,100,-0.1921212121212121,0.00463675527820584,-0.12068965521175248,Improving,28.8654,-0.4181118405140843
TP_epi,98,-0.12623606143488322,0.06509792253093827,-0.040252685546875,Stable,11.663163265306123,-0.3451266575905082
TP_hypo,51,-0.08705882352941176,0.3659614817334307,-0.00769229419529438,Stable,12.034313725490197,-0.06391967477963559
