parameter,non_na_n,tau,p.value,slope,trend,mean_value,percent_change
CHL_comp,37,-0.21021021021021022,0.06838145274902385,-0.034296112060546904,Stable,1.1977243243243243,-2.863439554831991
PH_epi,36,0.19206349206349208,0.1011098976834035,0.017578535079956572,Stable,6.791666666666667,0.2588250563919986
SECCHI,35,0.17983193277310924,0.13127324258686301,0.08166667530313153,Stable,7.404428571428571,1.1029436575059728
SPCD_epi,36,-0.07301587301587302,0.5388874060491156,-0.140716552734375,Stable,75.57916666666667,-0.1861843136680633
TP_epi,36,0.05396825396825397,0.528311229105618,0.04799998898059095,Stable,5.4030555555555555,0.8883859972758595
TP_hypo,36,0.01746031746031746,0.8904297935985279,0.006271972656249828,Stable,6.3758333333333335,0.09837102584629188
