parameter,non_na_n,tau,p.value,slope,trend,mean_value,percent_change
CHL_comp,135,-0.03272526257600884,0.5744611318961734,-0.006153872236609466,Stable,4.086293703703704,-0.1505978934170044
PH_epi,135,0.038695411829740185,0.5064036491784565,0.0011764457821847479,Stable,6.825259259259259,0.01723664607448812
SECCHI,133,0.1594896331738437,0.006414455150356435,0.015999930351972398,Improving,3.175545112781955,0.5038483089901867
SPCD_epi,135,0.6553897180762852,0,3.2153846300207083,Worsening,170.58,1.8849716438156336
TP_epi,129,0.2472141472868217,3.122289290891089e-5,0.11071430547162939,Worsening,11.641937984496124,0.9509954924950687
TP_hypo,133,0.12223741171109592,0.03673423001839149,0.08499995758756995,Worsening,21.186466165413535,0.40119931716753504
