parameter,non_na_n,tau,p.value,slope,trend,mean_value,percent_change
CHL_comp,46,-0.221256038647343,0.03072824115283379,-0.041514644622802584,Improving,3.4756891304347826,-1.1944291639686835
PH_epi,46,-0.007729468599033816,0.9470999021216817,-8.940697985134906e-10,Stable,6.650652173913043,-1.3443340218880324e-8
SECCHI,47,-0.056429232192414434,0.5815936460484137,-0.009999967902898612,Stable,5.9897446808510635,-0.16695148851449457
SPCD_epi,45,0.25353535353535356,0.014363959527497139,0.11416015624999942,Worsening,28.006888888888888,0.40761455762867665
TP_epi,46,0.01352657004830918,0.8993773828795804,7.454305887222289e-8,Stable,6.125217391304348,1.2169863387713846e-6
TP_hypo,47,-0.08695652173913043,0.3923183442750666,-0.014285675249993801,Stable,8.45595744680851,-0.16894213742035294
