parameter,non_na_n,tau,p.value,slope,trend,mean_value,percent_change
CHL_comp,117,-0.12746831712348955,0.04165554058640186,-0.025456390380858708,Improving,4.341261538461539,-0.586382325859132
PH_epi,115,-0.12829900839054156,0.04207749470535416,-0.004166699647903215,Worsening,6.678260869565217,-0.06239198691521742
SECCHI,117,0.1404361921603301,0.024714115915970725,0.012619095295667392,Improving,4.091623931623932,0.30841288218438434
SPCD_epi,115,0.5714721586575133,0,0.3375000294204799,Worsening,31.279260869565217,1.0789897844065366
TP_epi,119,-0.04472297393533685,0.4709401879596591,-0.003333399072289467,Stable,11.285210084033613,-0.029537767108169133
TP_hypo,116,0.018290854572713643,0.7723235482555908,-1.7057173749672943e-8,Stable,12.527758620689655,-1.3615503192648471e-7
