parameter,non_na_n,tau,p.value,slope,trend,mean_value,percent_change
CHL_comp,59,0.18994739918176504,0.033891235542165665,0.05750007785484191,Worsening,4.330196610169492,1.3278860761149422
PH_epi,59,0.18059614260666276,0.04360293668684112,0.010833389163017359,Improving,6.103203389830509,0.17750332851545703
SECCHI,59,-0.1852717708942139,0.03844144722672915,-0.043749935477971985,Worsening,4.6074237288135595,-0.9495531136928417
SPCD_epi,59,-0.020455873758036237,0.8238373364146385,-0.04260864816605903,Stable,37.043389830508474,-0.11502362057310175
TP_epi,59,-0.11455289304500292,0.196877051363338,-0.02142859250307083,Stable,6.457457627118644,-0.3318425569388118
TP_hypo,59,0.28170660432495614,0.0016160479200213462,0.13242309093475407,Worsening,8.390169491525423,1.578312465183324
