parameter,non_na_n,tau,p.value,slope,trend,mean_value,percent_change
CHL_comp,127,-0.0732408448943882,0.22248742100108343,-0.015000005178153445,Stable,3.493800787401575,-0.42933201092181666
PH_epi,127,-0.1908511436070491,0.0014558773625383825,-0.006000031828880556,Worsening,6.955984251968504,-0.08625712209142194
SECCHI,123,0.2031187524990004,8.502511306200944e-4,0.03148148674517864,Improving,5.630223577235772,0.5591516271656634
SPCD_epi,126,0.2759365079365079,4.579732111098522e-6,0.32380943391471806,Worsening,64.53468253968254,0.5017603266516526
TP_epi,125,-0.07354838709677419,0.21822628294328128,-5.589798092842102e-8,Stable,6.79952,-8.220871609822607e-7
TP_hypo,127,-6.249218847644045e-4,0.9933264782692053,1.555774479516305e-8,Stable,12.841732283464568,1.211498920219331e-7
