parameter,non_na_n,tau,p.value,slope,trend,mean_value,percent_change
CHL_comp,120,0.18235294117647058,0.0031390810476887854,0.19499997192993895,Worsening,12.743435833333333,1.5301993471797655
PH_epi,121,0.06942148760330578,0.2592552940413895,0.004000068455934515,Stable,6.960495867768595,0.05746815359028239
SECCHI,119,-0.2455490670844609,7.098351266843217e-5,-0.02727278687059874,Worsening,2.6768382352941176,-1.0188432947126573
SPCD_epi,121,0.2,0.001138420067718915,1.5176471190061434,Worsening,203.9099173553719,0.7442733235780804
TP_epi,121,0.36170798898071627,3.777226531553879e-9,0.2944444368593391,Worsening,17.45702479338843,1.6866816673758476
TP_hypo,127,0.2693413323334583,6.9811451728352125e-6,2.0499999476713056,Worsening,72.5740157480315,2.824702376658701
