parameter,non_na_n,tau,p.value,slope,trend,mean_value,percent_change
CHL_comp,90,-0.05917602996254682,0.4103943425186616,-0.004761971309781261,Stable,1.3371622222222221,-0.3561251754381281
PH_epi,90,0.09238451935081149,0.19804762011640253,0.00458330184221282,Stable,6.328666666666667,0.07242128687790192
SECCHI,90,-0.04968789013732834,0.489729794732257,-0.011018431186674643,Stable,8.562972222222223,-0.12867531157090675
SPCD_epi,89,0.41905005107252297,6.051483980584749e-9,0.6015384381636982,Worsening,64.09966292134831,0.9384424359638195
TP_epi,89,0.05132788559754852,0.4421194089770073,4.99985972419381e-4,Stable,6.008876404494382,0.00832078975772264
TP_hypo,90,-0.0449438202247191,0.5239550248618707,-2.272079512476921e-4,Stable,6.062111111111111,-0.0037480004421437873
