parameter,non_na_n,tau,p.value,slope,trend,mean_value,percent_change
CHL_comp,78,-0.10223110223110222,0.18632451337265232,-0.01895481147766085,Stable,4.134430769230769,-0.4584624228981221
PH_epi,77,0.16917293233082706,0.029564129274940898,0.006423587799072214,Improving,6.54948051948052,0.09807782128622483
SECCHI,75,-0.09153153153153153,0.24635079774002167,-0.009375046193599936,Stable,3.3826,-0.2771550343995724
SPCD_epi,78,0.336996336996337,1.2659093852063208e-5,1.0133332987315997,Worsening,83.96743589743589,1.2068170093574857
TP_epi,70,0.10351966873706005,0.20584728092427929,0.05166674591600895,Stable,12.146428571428572,0.4253657411491475
TP_hypo,69,0.15899403239556692,0.053323708878351805,0.07000000402331352,Stable,12.860724637681159,0.5442928450409215
