parameter,non_na_n,tau,p.value,slope,trend,mean_value,percent_change
CHL_comp,63,0.12083973374295955,0.1628237643827588,0.07111114971339683,Stable,7.0740936507936505,1.005233365908561
PH_epi,63,0.18433179723502305,0.03294882398951793,0.010000003278255353,Improving,6.627936507936508,0.1508765702007106
SECCHI,63,-0.23963133640552994,0.005513856847599419,-0.025000054389238358,Worsening,2.623452380952381,-0.952944851248365
SPCD_epi,63,0.15514592933947774,0.07289942262005789,0.9124999978579682,Stable,126.0147619047619,0.7241215108969596
TP_epi,63,0.1336405529953917,0.12037338363750605,0.08333338797092438,Stable,11.087619047619048,0.7515895668224583
TP_hypo,63,0.41781874039938555,1.2145219079329195e-6,0.42666662111878395,Worsening,14.604761904761904,2.921421272740288
