parameter,non_na_n,tau,p.value,slope,trend,mean_value,percent_change
CHL_comp,81,-0.05740740740740741,0.449701477212491,-0.00928577125072503,Stable,1.9519185185185186,-0.4757253523970259
PH_epi,81,0.06419753086419754,0.3975976989285295,0.004000027775764342,Stable,6.695222222222222,0.05974451098109611
SECCHI,80,-0.06265822784810127,0.41222650653002857,-0.017999982647598063,Stable,4.0705625,-0.4421989011984968
SPCD_epi,81,0.31512345679012344,3.080363189500446e-5,0.4666666474193356,Worsening,45.14716049382716,1.033656695825071
TP_epi,81,0.012962962962962963,0.8669320013069721,0.004825744628904198,Stable,8.651728395061728,0.05577781003456671
TP_hypo,81,0.042283950617283954,0.5783863367144835,0.013333368776360998,Stable,9.628518518518518,0.13847788474121897
