parameter,non_na_n,tau,p.value,slope,trend,mean_value,percent_change
CHL_comp,100,0.012525252525252526,0.8557073148391932,0.004999986030161354,Stable,4.9102125,0.10182830234254331
PH_epi,104,0.2546676624346527,1.2647348878336295e-4,0.011818122416735336,Improving,6.667403846153846,0.17725223624413766
SECCHI,101,-0.13287128712871288,0.04865802534645747,-0.013750007376074732,Worsening,2.784980198019802,-0.4937201128342445
SPCD_epi,104,0.03939507094846901,0.5549287901428224,0.15000000461004323,Stable,132.96028846153845,0.11281564318614869
TP_epi,104,0.16579536967886482,0.012276885020330752,0.08333333713933778,Worsening,11.393173076923077,0.7314322057314291
TP_hypo,97,0.24849656357388317,3.0258982359998576e-4,0.2615384445525706,Worsening,15.41701030927835,1.6964277723494163
