parameter,non_na_n,tau,p.value,slope,trend,mean_value,percent_change
CHL_comp,32,0.16733870967741934,0.18142369801430958,0.174999991003423,Stable,6.90921875,2.532847740613554
PH_epi,32,0.15725806451612903,0.20873003799196455,0.016666671037674254,Stable,6.733125,0.2475324761930642
SECCHI,32,-0.2923387096774194,0.018874987287315736,-0.10000002831220652,Worsening,4.21375,-2.373183703641804
SPCD_epi,32,0.1431451612903226,0.2539465597514612,0.5999999215826364,Stable,112.71125,0.5323336593131887
TP_epi,32,0.29838709677419356,0.016574564409657322,0.27999993335455664,Worsening,9.0134375,3.1064722349775726
TP_hypo,32,0.08266129032258064,0.5143642980046108,0.6999999789986724,Stable,53.159375,1.3167949754839525
