parameter,non_na_n,tau,p.value,slope,trend,mean_value,percent_change
CHL_comp,18,0.13725490196078433,0.4480659980612689,0.0189999388903379,Stable,3.1017027777777777,0.6125647830109129
PH_epi,18,0.2679738562091503,0.1291943692753168,0.01666661411523853,Stable,6.835,0.24384219627269246
SECCHI,17,-0.07352941176470588,0.7086452069622138,-0.002450561523437416,Stable,3.3529411764705883,-0.07308692262883522
SPCD_epi,18,0.13725490196078433,0.4480659980612689,0.10909085270017438,Stable,41.274166666666666,0.26430782620325316
TP_epi,18,0.1895424836601307,0.28819004565806816,0.0999999386072152,Stable,7.501666666666667,1.33303628447743
TP_hypo,0,NA,NA,NA,insufficient data,NA,NA
