parameter,non_na_n,tau,p.value,slope,trend,mean_value,percent_change
CHL_comp,39,0.19838056680161945,0.0769965772030956,0.038356142044067246,Stable,3.1077820512820513,1.234196652504773
PH_epi,38,0.029871977240398292,0.8011080370032739,0.0011111474037172062,Stable,6.708157894736842,0.01656412119620801
SECCHI,41,-0.37682926829268293,5.270762283935415e-4,-0.060121154785156165,Worsening,4.461890243902439,-1.3474368820998444
SPCD_epi,38,-0.20056899004267426,0.07798830409670221,-0.4858386230468728,Stable,79.60078947368422,-0.6103439755550284
TP_epi,38,0.14082503556187767,0.21050121963726087,0.00480842590332068,Stable,6.230526315789474,0.07717527636686342
TP_hypo,38,0.03698435277382646,0.7522870846567056,3.457832336429841e-4,Stable,9.181052631578947,0.003766270029360639
