parameter,non_na_n,tau,p.value,slope,trend,mean_value,percent_change
CHL_comp,111,-0.21588861588861588,7.854772317756886e-4,-0.03677134132385247,Improving,3.3394513513513515,-1.101119239511379
PH_epi,110,0.003336113427856547,0.960826428146375,-3.6358833363902974e-8,Stable,6.538463636363637,-5.560760965572016e-7
SECCHI,110,0.09791492910758966,0.1293013236230418,0.009999953135848026,Stable,4.933022727272728,0.20271451579905053
SPCD_epi,111,0.6864864864864865,0,1.8299999883677818,Worsening,76.36828828828828,2.3962825793077616
TP_epi,111,0.010155610155610156,0.8762513834989116,-1.970678575535409e-8,Stable,8.30045045045045,-2.3741826871919514e-7
TP_hypo,111,-0.021457821457821456,0.740107115542255,-0.0010538101196289063,Stable,14.494324324324324,-0.007270501860237843
