parameter,non_na_n,tau,p.value,slope,trend,mean_value,percent_change
CHL_comp,102,0.06037662589788391,0.3698580119100614,0.07559999397490236,Stable,20.647854411764705,0.3661397085976502
PH_epi,103,-0.3706453455168475,2.8780862804111962e-8,-0.01600000679492884,Worsening,7.089669902912622,-0.22568056078824794
SECCHI,103,0.06548638873024938,0.3275939906688874,0.006999939680099573,Stable,2.7039781553398057,0.2588756002438895
SPCD_epi,103,0.7904054825813821,0,3.73999994480982,Worsening,205.37825242718446,1.8210301726741065
TP_epi,103,0.0336950314106225,0.6154302293289935,0.008333380748516798,Stable,16.70378640776699,0.04988917210197271
TP_hypo,102,-0.24849543777907201,2.1483223697860154e-4,-0.7692308240570185,Improving,49.07058823529412,-1.5676005764767817
