parameter,non_na_n,tau,p.value,slope,trend,mean_value,percent_change
CHL_comp,40,0.05384615384615385,0.6322534349002642,0.021992530822754493,Stable,6.3871075,0.34432692455472985
PH_epi,40,0.30128205128205127,0.00626723150824815,0.012175674438476447,Improving,6.654125,0.18297934647269848
SECCHI,39,-0.19298245614035087,0.08508883426152614,-0.016666720807552375,Stable,2.2552564102564103,-0.7390166693133337
SPCD_epi,40,-0.13333333333333333,0.22933611245213048,-0.2022121810913065,Stable,61.4195,-0.3292312394130635
TP_epi,38,0.05832147937411095,0.6139864217582884,0.03926696777343767,Stable,16.38157894736842,0.2397019719503022
TP_hypo,36,0.4126984126984127,3.9655164618701555e-4,0.48679028153419457,Worsening,21.82777777777778,2.2301412745267246
