parameter,non_na_n,tau,p.value,slope,trend,mean_value,percent_change
CHL_comp,62,0.1327340031729244,0.12831892737500517,0.0866667274385678,Stable,5.804682258064516,1.4930486043083695
PH_epi,63,0.2048131080389145,0.017743538905547807,0.011176509559154344,Improving,7.082777777777777,0.1577983936503084
SECCHI,64,-0.2663690476190476,0.0018643997491962772,-0.04919790446758273,Worsening,3.28412109375,-1.4980539104118633
SPCD_epi,63,0.3891449052739375,6.518206146832739e-6,2.9333333203103393,Worsening,210.64222222222222,1.3925666418462614
TP_epi,63,0.21863799283154123,0.01133637001152965,0.16666669510304888,Worsening,13.53968253968254,1.2309497997059882
TP_hypo,63,0.12339989759344598,0.15392995081394267,0.23333334852941334,Stable,29.963968253968254,0.7787131081962485
