parameter,non_na_n,tau,p.value,slope,trend,mean_value,percent_change
CHL_comp,49,0.04336734693877551,0.6657979535143055,0.01103498840332041,Stable,3.500477551020408,0.31524237029040947
PH_epi,49,0.2032312925170068,0.039657503350418954,0.012905999422073591,Improving,6.821632653061225,0.1891922370853844
SECCHI,48,-0.07624113475177305,0.4479345034375979,-0.007272796630859428,Stable,2.6078645833333334,-0.2788793819027002
SPCD_epi,49,0.2568027210884354,0.009322776240136887,1.2233558654785184,Worsening,70.32510204081633,1.7395721157553228
TP_epi,49,0.05697278911564626,0.567580264358224,0.02787906646728534,Stable,11.60204081632653,0.24029450429146554
TP_hypo,9,NA,NA,NA,insufficient data,11.666666666666666,NA
