parameter,non_na_n,tau,p.value,slope,trend,mean_value,percent_change
CHL_comp,38,-0.05263157894736842,0.650724756811992,-0.0224999473989003,Stable,5.205007894736842,-0.43227499081512666
PH_epi,36,-0.2904761904761905,0.013132669756964255,-0.009999949932098542,Worsening,7.326666666666666,-0.1364870327401985
SECCHI,38,0.112375533428165,0.32557518239626004,0.01379308439791203,Stable,4.171644736842105,0.3306389989563987
SPCD_epi,37,0.05105105105105105,0.6659226937923859,0.04827167809009896,Stable,81.65945945945946,0.059113394099876274
TP_epi,38,-0.04836415362731152,0.677168932766238,-0.008670806884765625,Stable,8.531578947368422,-0.10163191289978214
TP_hypo,38,0.39544807965860596,4.853013563390629e-4,0.383999967062845,Worsening,15.83,2.42577363905777
