parameter,non_na_n,tau,p.value,slope,trend,mean_value,percent_change
CHL_comp,94,-0.06566003202928392,0.3499194764405542,-0.016000025942922033,Stable,3.434218085106383,-0.46590011310904844
PH_epi,92,0.10606784519827998,0.13480850267526479,0.003333304226398274,Stable,6.638152173913044,0.05021433885619053
SECCHI,93,-0.06358111266947171,0.367989508100915,-0.00795458611100925,Stable,3.9172043010752686,-0.20306794079710686
SPCD_epi,92,-0.04419493549928333,0.5345885783983744,-0.014999952353536832,Stable,25.108152173913044,-0.059741363082551076
TP_epi,94,-0.12743079386867995,0.06849178590739968,-0.05000000633299351,Stable,8.92691489361702,-0.5601039880949782
TP_hypo,94,-0.07664150080073209,0.2743881011082647,-0.06249998789280653,Stable,16.40776595744681,-0.3809171099520734
