parameter,non_na_n,tau,p.value,slope,trend,mean_value,percent_change
CHL_comp,94,-0.354381148478609,4.2068111527626684e-7,-0.09000001844018726,Improving,4.375144680851064,-2.057075251341865
PH_epi,92,-0.10559006211180125,0.13653323982050192,-0.004166629612445659,Stable,6.475282608695652,-0.06434668360034658
SECCHI,90,-0.08314606741573034,0.2458239112187952,-0.005769255757331849,Stable,2.8145,-0.20498332767212116
SPCD_epi,92,0.38987099856665075,3.6982240381178144e-8,0.7112500288523762,Worsening,74.82239130434783,0.9505844660314223
TP_epi,91,0.03028083028083028,0.6725330973497603,3.054737991631193e-8,Stable,12.6389010989011,2.416933218898904e-7
TP_hypo,89,0.07865168539325842,0.2756560937286019,0.04545454923063441,Stable,14.91505617977528,0.30475613824552994
