parameter,non_na_n,tau,p.value,slope,trend,mean_value,percent_change
CHL_comp,107,-0.014459530946922941,0.8273007986766305,-0.0030000184476380656,Stable,4.302860280373832,-0.06972149342895756
PH_epi,106,-0.08607367475292003,0.19158875349300608,-0.003333266973495677,Stable,6.447396226415094,-0.05169942805499101
SECCHI,107,0.015693881149709047,0.8116594036471072,5.960464562940834e-9,Stable,3.720210280373832,1.6021848534706717e-7
SPCD_epi,106,-0.2499550763701707,1.464670873949636e-4,-0.11909084238111853,Improving,33.41297169811321,-0.3564209836141077
TP_epi,105,0.04139194139194139,0.5324674737324346,0.005166625976562134,Stable,8.865904761904762,0.0582752253189344
TP_hypo,105,0.0924908424908425,0.1620570394029992,0.030434725806117058,Stable,9.645619047619048,0.3155290049904019
