parameter,non_na_n,tau,p.value,slope,trend,mean_value,percent_change
CHL_comp,95,0.23919372900335947,5.973144608086844e-4,0.026535062789917144,Worsening,2.2175126315789475,1.1966138281261216
PH_epi,101,0.359009900990099,1.0341929379542592e-7,0.016884460449218507,Improving,6.147722772277228,0.2746457684357195
SECCHI,103,-0.18541785646297354,0.00550131478265814,-0.04892854765057597,Worsening,8.162621359223301,-0.5994219932214481
SPCD_epi,100,-0.5783838383838383,0,-0.20909091623500023,Improving,19.0444,-1.09791285750667
TP_epi,102,0.05765870704717531,0.3698340867411074,9.315088391304016e-8,Stable,6.122156862745098,1.521537033457723e-6
TP_hypo,101,-0.009702970297029703,0.8863696269271206,-7.787719321576391e-8,Stable,6.731584158415842,-1.1568925141996726e-6
