parameter,non_na_n,tau,p.value,slope,trend,mean_value,percent_change
CHL_comp,199,-0.1262372468402619,0.008030575488152225,-0.011176462471485502,Improving,1.8432663316582913,-0.6063400757410145
PH_epi,164,0.19833906928026335,1.6132998624995842e-4,0.007272678613662724,Improving,6.74,0.10790324352615319
SECCHI,207,0.12189859762675297,0.008993559274789176,0.020312516391277378,Improving,7.993212560386473,0.25412205965776624
SPCD_epi,165,0.6325942350332594,0,0.9333332994952724,Worsening,85.19190909090909,1.0955656581181947
TP_epi,154,0.1965877259994907,9.99355910042965e-5,-7.096678129057894e-9,Worsening,5.746753246753247,-1.2349021829095092e-7
TP_hypo,156,0.0641025641025641,0.22715864341506742,8.942559361457824e-8,Stable,6.842948717948718,1.3068283469671387e-6
