parameter,non_na_n,tau,p.value,slope,trend,mean_value,percent_change
CHL_comp,19,-0.07017543859649122,0.699830117284874,-0.005714206844568259,Stable,0.5270578947368421,-1.084170619893919
PH_epi,20,0.28421052631578947,0.08518638880078377,0.023333285748958973,Stable,6.55745,0.35582864907790335
SECCHI,20,0.1,0.5590153132322269,0.03846162222325791,Stable,10.711875,0.3590559283342824
SPCD_epi,20,-0.17894736842105263,0.2838156241082612,-0.0766666065528987,Stable,17.272,-0.44387799069533757
TP_epi,19,0,NA,0,Stable,5.016315789473684,0
TP_hypo,19,-0.2046783625730994,0.14687892839956151,-0.10061853408813505,Stable,5.319473684210526,-1.8915129590131257
