parameter,non_na_n,tau,p.value,slope,trend,mean_value,percent_change
CHL_comp,31,-0.03655913978494624,0.7852217517819802,-0.016666682250798252,Stable,3.9374193548387098,-0.4232894885914679
PH_epi,31,0.14838709677419354,0.24592850616496187,0.008750045895576514,Stable,6.502580645161291,0.13456266631752747
SECCHI,32,-0.1774193548387097,0.1573831217925954,-0.051999955028295686,Stable,3.63796875,-1.4293678313838094
SPCD_epi,31,0.13763440860215054,0.2831810008418669,0.2629166456777596,Stable,38.82032258064516,0.6772654841586587
TP_epi,31,0.17419354838709677,0.17288486440071615,0.1428571791574368,Stable,8.840645161290322,1.6159135057580605
TP_hypo,31,0.2817204301075269,0.02681296815577694,0.1833333124965426,Worsening,10.456774193548387,1.753249224886729
