parameter,non_na_n,tau,p.value,slope,trend,mean_value,percent_change
CHL_comp,115,0.16689549961861175,0.00819207623256668,0.013846126869320938,Worsening,1.6187391304347827,0.8553649324336751
PH_epi,117,0.2222222222222222,3.81018417672907e-4,0.007000074684619903,Improving,6.507820512820513,0.10756404038540462
SECCHI,117,-0.32876510462717357,1.429220577442436e-7,-0.06379165649414098,Worsening,7.214465811965812,-0.8842187094204125
SPCD_epi,117,0.13925729442970822,0.026070965379376698,0.06137508392333978,Worsening,22.470726495726495,0.2731335096576079
TP_epi,117,-0.07353374594753904,0.20939330081999508,-1.7236918210983276e-4,Stable,5.746068376068376,-0.0029997760351708988
TP_hypo,117,-0.06174476864132036,0.3200191034755646,-5.555190145969391e-4,Stable,7.121965811965812,-0.007800079771003621
