parameter,non_na_n,tau,p.value,slope,trend,mean_value,percent_change
CHL_comp,44,0.24947145877378435,0.01733504048211154,0.04500005932897329,Worsening,2.8347272727272728,1.5874563934920987
PH_epi,43,0.3554817275747508,7.995170949779418e-4,0.02437491059303317,Improving,6.348488372093024,0.3839482592451696
SECCHI,43,-0.1849390919158361,0.08131006239485616,-0.01562500089406963,Stable,4.184383720930232,-0.3734122378861571
SPCD_epi,43,-0.3588039867109635,7.147708944541531e-4,-0.12347824528813478,Improving,16.57453488372093,-0.7449876944022836
TP_epi,44,0.2864693446088795,0.005737201397304936,0.08333332557231188,Worsening,7.355,1.1330159833081153
TP_hypo,39,0.08097165991902834,0.4705739377106366,-1.6763806343078613e-8,Stable,8.068717948717948,-2.0776294883057896e-7
