parameter,non_na_n,tau,p.value,slope,trend,mean_value,percent_change
CHL_comp,114,-0.1471821145784816,0.02029073527158909,-0.030881497049331998,Improving,4.05510350877193,-0.7615464557817001
PH_epi,117,0.13351016799292661,0.03275274875865186,0.004999973177909947,Improving,6.7847863247863245,0.07369389305075001
SECCHI,115,0.1688787185354691,0.007403180623071437,0.016304413825273603,Improving,3.2072173913043476,0.5083663449031978
SPCD_epi,118,0.568738229755179,0,2.8763121604919464,Worsening,176.31389830508473,1.631358723357656
TP_epi,115,0.22807017543859648,2.960887920335775e-4,0.13333326280117108,Worsening,12.333565217391305,1.0810601837428209
TP_hypo,116,-0.03253373313343328,0.6059062580863777,-0.04463040828704834,Stable,28.076724137931034,-0.15895874485853442
