parameter,non_na_n,tau,p.value,slope,trend,mean_value,percent_change
CHL_comp,218,0.04811229019574684,0.2902889315679009,0.009090888127684686,Stable,3.0324091743119266,0.29979094525551514
PH_epi,72,0.29890453834115804,1.9985443422432247e-4,0.025000027120113504,Improving,6.859861111111111,0.3644392607252682
SECCHI,226,-0.011288102261553589,0.8009164294894144,-5.0663948059082037e-8,Stable,5.028637168141593,-1.0075085229862715e-6
SPCD_epi,72,0.2934272300469484,2.6104988427300135e-4,0.275000008800994,Worsening,37.31166666666667,0.7370349099057328
TP_epi,71,0.03380281690140845,0.6746099207733374,1.4901161193847656e-8,Stable,7.326478873239437,2.0338775899942012e-7
TP_hypo,72,0.07981220657276995,0.31618517260501733,-7.078051567077637e-8,Stable,8.624305555555555,-8.207097396402123e-7
