parameter,non_na_n,tau,p.value,slope,trend,mean_value,percent_change
CHL_comp,28,-0.14285714285714285,0.29486696936813717,-0.03934867858886737,Stable,4.249575,-0.9259438553000564
PH_epi,28,0.12169312169312169,0.37342155743831285,0.004237670898437278,Stable,6.545535714285714,0.06474139143704476
SECCHI,28,0.10582010582010581,0.4371406252842509,0.002500057220458847,Stable,2.7000892857142857,0.09259164997565915
SPCD_epi,28,-0.24603174603174602,0.06896285725192786,-0.06556228637695527,Stable,23.203214285714285,-0.2825569146138539
TP_epi,28,-0.042328042328042326,0.7664642364469529,-0.029415130615234375,Stable,11.314642857142857,-0.2599740087833599
TP_hypo,3,NA,NA,NA,insufficient data,10,NA
