parameter,non_na_n,tau,p.value,slope,trend,mean_value,percent_change
CHL_comp,66,-0.07645687645687646,0.3666855805668565,-0.03717726707458541,Stable,7.979383195592287,-0.4659165522357877
PH_epi,65,-0.19567307692307692,0.021403103454232797,-0.008518495112657311,Worsening,6.8250769230769235,-0.12481170847839984
SECCHI,65,0.20673076923076922,0.01497238492754338,0.025000008046627137,Improving,3.366769230769231,0.742551874899819
SPCD_epi,66,-0.5855477855477855,3.6488589927330395e-12,-1.192000027336178,Improving,65.23424242424242,-1.827261240475762
TP_epi,66,0.15011655011655012,0.07498212202031729,0.062042140960694755,Stable,11.61969696969697,0.5339394058424637
TP_hypo,66,0.11794871794871795,0.16272995990847416,0.2250000081025076,Stable,27.883333333333333,0.8069336811805413
