parameter,non_na_n,tau,p.value,slope,trend,mean_value,percent_change
CHL_comp,84,-0.08605851979345955,0.24760327264440218,-0.09530883789062441,Stable,11.271790476190477,-0.8455518942793188
PH_epi,83,-0.08081104907434616,0.2805743189966561,-0.0043750455975534565,Stable,7.00277108433735,-0.06247591910206578
SECCHI,84,-0.1368330464716007,0.06490595259672816,-0.010000018402934158,Stable,1.6008630952380953,-0.62466418475634
SPCD_epi,83,0,1,6.576298910239644e-8,Stable,681.7951807228916,9.64556379419835e-9
TP_epi,83,0.12224507787246547,0.10212232867715376,0.16500002145767212,Stable,26.65421686746988,0.6190390896798258
TP_hypo,15,0.08571428571428572,0.6888122275054009,0.50811767578125,Stable,32.373333333333335,1.5695562472649816
