parameter,non_na_n,tau,p.value,slope,trend,mean_value,percent_change
CHL_comp,132,0.0916030534351145,0.11946872422315291,0.04849998019635668,Stable,6.823865151515151,0.7107406011032894
PH_epi,134,-0.022556390977443608,0.7002231752703283,-7.691977918148365e-4,Stable,6.840522388059702,-0.011244722963811798
SECCHI,135,-0.1628524046434494,0.004832431295580086,-0.01212114077806473,Worsening,2.333562962962963,-0.5194263437689429
SPCD_epi,134,0.5199192009875435,0,0.991071431431922,Worsening,60.51231343283582,1.6378012592956601
TP_epi,132,0.04533888503354152,0.43838013207571613,-6.128102570914848e-8,Stable,11.026439393939395,-5.557644087975594e-7
TP_hypo,88,-0.05172413793103448,0.4739604781154765,6.835907774742985e-8,Stable,11.055681818181819,6.183162546791887e-7
