parameter,non_na_n,tau,p.value,slope,trend,mean_value,percent_change
CHL_comp,15,-0.0761904761904762,0.7287151925758497,-0.10578125000000003,Stable,6.7602866666666666,-1.5647450354669385
PH_epi,15,-0.29523809523809524,0.13668583519005906,-0.022344970703125244,Stable,6.783333333333333,-0.3294098875153599
SECCHI,14,0.13186813186813187,0.5436301416718328,0.019656372070312497,Stable,2.4348214285714285,0.8073024099284928
SPCD_epi,15,-0.38095238095238093,0.05331421358551536,-2.9386962890624972,Stable,126.71333333333334,-2.31916895543418
TP_epi,15,0.580952380952381,0.002847156536303297,0.7999999858438969,Worsening,12.2,6.557376933146696
TP_hypo,15,0.6,0.0018295471889158144,1.0000000186264515,Worsening,15.6,6.410256529656741
