parameter,non_na_n,tau,p.value,slope,trend,mean_value,percent_change
CHL_comp,49,-0.06377551020408163,0.5226796886573679,-0.01458847045898445,Stable,2.765322448979592,-0.5275504295843553
PH_epi,49,0.29336734693877553,0.0029509697746623598,0.016153834164142466,Improving,6.4346938775510205,0.251042776417057
SECCHI,49,0.10799319727891156,0.2762199527784328,0.03327026367187501,Stable,6.5712244897959184,0.5063023447690534
SPCD_epi,49,0.41496598639455784,2.5905799353020953e-5,0.5689208984375003,Worsening,35.41244897959184,1.606556210685595
TP_epi,41,-0.3207317073170732,0.0023357245403716753,-0.1605539321899414,Improving,8.56341463414634,-1.8748821474758184
TP_hypo,41,-0.036585365853658534,0.7435416896062772,-0.005555536597967148,Stable,14.659268292682928,-0.037897775571377974
