parameter,non_na_n,tau,p.value,slope,trend,mean_value,percent_change
CHL_comp,64,-0.25992063492063494,0.0024108283007096,-0.026818184033036447,Improving,2.299734375,-1.1661426782402402
PH_epi,64,-0.046130952380952384,0.5933911945984656,-0.0012902770936488598,Stable,6.88015625,-0.018753601615499067
SECCHI,64,-0.1076388888888889,0.20984671952645506,-0.012500023841858186,Stable,6.2078515625,-0.20135829144768128
SPCD_epi,65,0.7206730769230769,0,1.2515151351690281,Worsening,93.73092307692308,1.3352211779051135
TP_epi,64,0.04513888888888889,0.6012005338557342,0.010303027927875519,Stable,7.16625,0.14377153919937932
TP_hypo,65,-0.09038461538461538,0.2890235383916344,-0.16538461905438706,Stable,28.724307692307693,-0.5757653790161728
