parameter,non_na_n,tau,p.value,slope,trend,mean_value,percent_change
CHL_comp,103,-0.11003236245954692,0.09992603145340073,-0.01823531366884724,Stable,3.002430582524272,-0.60735171613913
PH_epi,101,0.11267326732673268,0.0952804321081886,0.005600033402443144,Stable,6.996108910891089,0.08004497176602518
SECCHI,103,0.1635256044165239,0.014359691917984474,0.019280004501342596,Improving,3.5483495145631068,0.5433513362258638
SPCD_epi,104,0.36874533233756535,2.8924896255944077e-8,0.5549999425001453,Worsening,67.96052884615385,0.8166504174158657
TP_epi,102,0.052028732284993204,0.43695487826763557,-7.450580596923828e-9,Stable,9.441862745098039,-7.891007101106155e-8
TP_hypo,102,-0.0203843913803145,0.7629424640654934,-9.080395102500916e-9,Stable,17.573333333333334,-5.167144405823738e-8
