parameter,non_na_n,tau,p.value,slope,trend,mean_value,percent_change
CHL_comp,47,0.07493061979648474,0.4626208973087642,0.005999982804060043,Stable,1.490704255319149,0.402493169429874
PH_epi,47,0.15911193339500462,0.11658053538670043,0.00592262268066406,Stable,6.299840425531915,0.09401226508311111
SECCHI,48,-0.1870567375886525,0.05758269308508779,-0.0050000339746474175,Stable,2.5375,-0.19704567387773073
SPCD_epi,47,-0.5753931544865865,1.2034606866606623e-8,-0.21532762527465835,Improving,18.059255319148935,-1.1923394484950773
TP_epi,45,0.052525252525252523,0.6169331602305808,0.007777834311127663,Stable,9.452444444444444,0.08228384051174178
TP_hypo,13,0.3333333333333333,0.12117485453492982,0.20000001834705472,Stable,16.661538461538463,1.2003694545298758
