parameter,non_na_n,tau,p.value,slope,trend,mean_value,percent_change
CHL_comp,118,0.09329277125887295,0.13457371313532063,0.013333290383219822,Stable,3.2635381355932203,0.4085532274865297
PH_epi,119,-0.05369605469306367,0.3874522033883885,-0.0017390802502631857,Stable,6.574008403361344,-0.026453879331428592
SECCHI,121,-0.1325068870523416,0.03097912623914678,-0.016666641458869154,Worsening,4.997971074380165,-0.33346814559018045
SPCD_epi,119,0.064663153396952,0.2978930827745394,0.043750040866435996,Stable,39.51806722689076,0.11070895905725248
TP_epi,119,0.11081042586526135,0.07275568330676196,0.013043498671614175,Stable,7.095210084033614,0.18383527079721043
TP_hypo,121,0.006198347107438017,0.9212910920851194,5.494803190231323e-8,Stable,11.152396694214875,4.927015547323261e-7
