parameter,non_na_n,tau,p.value,slope,trend,mean_value,percent_change
CHL_comp,44,0.05919661733615222,0.5770537196894641,0.043923721313476584,Stable,8.678697727272727,0.5061095880254787
PH_epi,44,0.14693446088794926,0.16157737586278564,0.009999973773956741,Stable,6.665909090909091,0.1500166539563916
SECCHI,45,0.17575757575757575,0.08913513212997204,0.030517578125,Stable,1.7852222222222223,1.7094554249393168
SPCD_epi,44,0.2029598308668076,0.05277990838623281,1.1139022827148441,Stable,58.43784090909091,1.9061318238086367
TP_epi,42,0.05110336817653891,0.6401673137338448,0.15000002207234786,Stable,27.43809523809524,0.5466852592015454
TP_hypo,0,NA,NA,NA,insufficient data,NA,NA
