parameter,non_na_n,tau,p.value,slope,trend,mean_value,percent_change
CHL_comp,72,0.15688575899843504,0.05158287500843728,0.0324010086059574,Stable,4.334748611111111,0.7474714571199126
PH_epi,66,0.0979020979020979,0.24695819063857805,0.0039999338984492115,Stable,7.339242424242424,0.0545006373578414
SECCHI,66,-0.3748251748251748,8.669041044129244e-6,-0.04017862230539304,Worsening,3.8684469696969694,-1.0386240943750198
SPCD_epi,81,0.5805555555555556,1.5765166949677223e-14,5.9720000001834705,Worsening,366.93728395061726,1.627526081810533
TP_epi,71,0.48933601609657945,1.4917376223166912e-9,0.236363707669078,Worsening,12.421267605633803,1.9028952211115124
TP_hypo,69,0.3934356351236147,1.7303526940182223e-6,0.46746072769165387,Worsening,25.895652173913042,1.8051707080100805
