parameter,non_na_n,tau,p.value,slope,trend,mean_value,percent_change
CHL_comp,83,-0.07875404055245372,0.293402683000044,-0.01852771043777466,Stable,4.772915662650602,-0.3881843247882875
PH_epi,83,0.13076697032030563,0.080519954793703,0.005086669921875073,Stable,6.801048192771084,0.07479244048412649
SECCHI,84,0.07200229489386116,0.3335160656543774,0.005357168912887724,Stable,3.6393154761904762,0.14720265247505948
SPCD_epi,83,0.28474875110196884,1.3941667863037743e-4,0.33214279558509474,Worsening,48.32355421686747,0.6873310561853486
TP_epi,84,0.047905909351692484,0.5199468768695819,0.004560232162475114,Stable,9.867619047619048,0.04621410839300135
TP_hypo,84,-0.07142857142857142,0.3372376955161689,-0.047619061125443875,Stable,19.354761904761904,-0.24603279213539705
