parameter,non_na_n,tau,p.value,slope,trend,mean_value,percent_change
CHL_comp,54,0.07407407407407407,0.43285002113786986,0.023937814235686805,Stable,3.734719865319865,0.6409534074555446
PH_epi,51,0.2556862745098039,0.008208611760220919,0.013636413514613765,Improving,6.398627450980392,0.21311466590423866
SECCHI,54,-0.09503843466107617,0.31282154937190043,-0.017857171446084973,Stable,4.263981481481482,-0.41879101782310413
SPCD_epi,51,0.2,0.03889346526063786,0.8188423156738271,Worsening,74.22019607843137,1.103260782022894
TP_epi,52,0.13650075414781296,0.15452921889678572,0.06833339402452066,Stable,8.073076923076924,0.8464355619997794
TP_hypo,53,0.03265602322206096,0.7351108724051716,0.011474609375,Stable,10.341509433962264,0.11095681387976648
