parameter,non_na_n,tau,p.value,slope,trend,mean_value,percent_change
CHL_comp,87,0.19406575781876503,0.0077667280990627585,0.08272733193822293,Worsening,7.213218390804598,1.1468851690901753
PH_epi,80,-0.32531645569620254,1.921864769793835e-5,-0.01434306144714433,Worsening,7.3169625,-0.19602480465280955
SECCHI,84,-0.23866896156052783,0.0012692227145882917,-0.010000025480985678,Worsening,1.949602976190476,-0.5129262523247542
SPCD_epi,79,0.3037974683544304,7.359358204905853e-5,0.6999999541323518,Worsening,147.5906329113924,0.4742848108474501
TP_epi,81,0.42098765432098767,2.5596074593181584e-8,0.32000005245208957,Worsening,18.220123456790123,1.7563001327130667
TP_hypo,35,0.22521008403361345,0.05561461145027491,1.0857092285156251,Stable,19.057142857142857,5.6971248872634
