parameter,non_na_n,tau,p.value,slope,trend,mean_value,percent_change
CHL_comp,114,-0.19422449930135072,0.0021925843344985374,-0.02125004194676879,Improving,1.9536701754385966,-1.0876985385723146
PH_epi,114,0.14920043471510636,0.01864979308663961,0.005333293080330042,Improving,6.621710526315789,0.08054252838650437
SECCHI,110,-0.1469557964970809,0.022890879180540225,-0.018750075995921996,Worsening,6.0085,-0.3120591827564616
SPCD_epi,114,-0.2623816177612172,3.5005538804977476e-5,-0.10555550130084163,Improving,27.781929824561402,-0.37994301320105667
TP_epi,114,-0.111939139885111,0.06997899808221453,-3.8455951958868667e-4,Stable,5.925438596491228,-0.006489975608158443
TP_hypo,113,0.009481668773704172,0.8828782412771181,7.63777643442154e-8,Stable,7.310088495575221,1.0448268087376325e-6
