parameter,non_na_n,tau,p.value,slope,trend,mean_value,percent_change
CHL_comp,93,-0.0037400654511453952,0.9602689881506499,-4.3473646044719244e-4,Stable,2.9193870967741935,-0.014891360619068258
PH_epi,94,0.029283916723861818,0.6780015663212522,0.001249959766864966,Stable,6.978829787234043,0.017910735824957974
SECCHI,94,-0.15328300160146419,0.028648731206267763,-0.01896547246724367,Worsening,5.121755319148936,-0.37029243463342754
SPCD_epi,94,0.057195149851292613,0.41575111735049797,0.10200005456805437,Stable,57.3281914893617,0.17792302864984388
TP_epi,92,-0.05327281414237936,0.44980436210564,9.313225746154785e-9,Stable,7.878695652173913,1.1820771048041503e-7
TP_hypo,92,-0.08074534161490683,0.25476188940372557,-0.09090910013765097,Stable,16.220652173913045,-0.5604528052445144
