parameter,non_na_n,tau,p.value,slope,trend,mean_value,percent_change
CHL_comp,97,-0.3404209621993127,7.803967732034067e-7,-0.31200004451908214,Improving,11.55539175257732,-2.7000386590051653
PH_epi,96,0.08662280701754387,0.21188606742105276,0.003914413452148547,Stable,6.049079861111111,0.06471089061518089
SECCHI,96,0.1432017543859649,0.03785622220037199,0.007142799943685722,Improving,1.2860833333333332,0.555391688746379
SPCD_epi,95,0.4026875699888018,7.397164880629248e-9,1.3263158141169744,Worsening,91.38624561403509,1.451329798270298
TP_epi,101,-0.16574257425742575,0.014009505021565838,-0.2666667075827718,Improving,28.99079207920792,-0.9198324311187899
TP_hypo,97,-0.002147766323024055,0.9776050625913775,5.052424967288971e-8,Stable,76.5553264604811,6.599704032216623e-8
