parameter,non_na_n,tau,p.value,slope,trend,mean_value,percent_change
CHL_comp,70,-0.12712215320910972,0.1205756084625711,-0.006479606628417834,Stable,1.2725157142857142,-0.5091965903191187
PH_epi,83,0.3643843667352336,1.0825366434374928e-6,0.014285764694214144,Improving,6.188734939759036,0.23083497408228593
SECCHI,69,-0.13000852514919012,0.11493478846828742,-0.03021850585937469,Stable,10.808985507246376,-0.27956838168684855
SPCD_epi,71,-0.6414486921529176,2.4424906541753444e-15,-0.16521434783935424,Improving,16.95894366197183,-0.9742018791525642
TP_epi,70,-0.367287784679089,2.926968287741971e-7,-0.08648681640625,Improving,5.650428571428572,-1.5306240104258841
TP_hypo,70,-0.16687370600414078,0.03969961511282416,-0.03749996104277622,Improving,6.597285714285714,-0.5684149916620115
