parameter,non_na_n,tau,p.value,slope,trend,mean_value,percent_change
CHL_comp,81,-0.10987654320987654,0.14719266375409323,-0.038333325106650745,Stable,4.820295061728395,-0.7952485193490564
PH_epi,82,0.059921710328214396,0.42714613565874116,0.0034478187561033918,Stable,6.624817073170732,0.052043984279451456
SECCHI,81,-0.05617283950617284,0.4596482098021657,-0.004444405436515832,Stable,1.954320987654321,-0.22741430218432246
SPCD_epi,81,0.40185185185185185,1.0857004628661571e-7,1.9343749659135965,Worsening,178.35246913580247,1.084579863282246
TP_epi,82,0.336645588678109,7.43565406291502e-6,0.21226110458374117,Worsening,15.804878048780488,1.3430100752983625
TP_hypo,25,0.18333333333333332,0.1986479928749123,0.29499997943639755,Stable,17.54,1.6818698941641823
