parameter,non_na_n,tau,p.value,slope,trend,mean_value,percent_change
CHL_comp,109,-0.1946992864424057,0.0027026457598922082,-0.036409239172934975,Improving,4.245320183486238,-0.8576323480750013
PH_epi,109,-0.01783893985728848,0.7851695365331233,-4.5459181070355633e-4,Stable,6.825559633027523,-0.00666013975621687
SECCHI,108,-0.002249913464866736,0.9745026611448466,3.5015100362635284e-8,Stable,-1.1879259259259258,-2.9475828078541895e-6
SPCD_epi,109,0.43153244988107375,2.9027669157244418e-11,1.4333332759619226,Worsening,125.01788990825688,1.1465025341683177
TP_epi,108,0.00380754586362063,0.9552033566975151,4.21423465013504e-8,Stable,11.895092592592592,3.5428346751662636e-7
TP_hypo,109,0.04926945293917771,0.44747795225844245,-6.05359673500061e-9,Stable,14.78605504587156,-4.0941256584127524e-8
