parameter,non_na_n,tau,p.value,slope,trend,mean_value,percent_change
CHL_comp,103,0.13173424709689702,0.04882432272460835,0.03784358978271464,Worsening,5.285252427184466,0.7160223717616169
PH_epi,104,0.05619865571321882,0.3990542706866784,0.0020000395178796427,Stable,7.018557692307692,0.028496446215319663
SECCHI,104,-0.039581777445855115,0.5528048609154377,-0.003846159391104805,Stable,4.165817307692308,-0.09232664581816287
SPCD_epi,104,0.44958924570575054,1.3391510123028638e-11,1.7950000093784197,Worsening,172.40490384615384,1.0411536849208156
TP_epi,103,0.1298305730059014,0.05194867668058345,0.05957238078117226,Stable,11.004466019417476,0.5413473100471778
TP_hypo,101,0.08,0.23565707079952425,0.02024204730987616,Stable,12.24,0.16537620351206012
