parameter,estimate,std.error,statistic,p.value,non_na_n,significant,slope_dir,trend,mean_value,percent_change
CHL_comp,0.03712478764478772,0.020857809632466404,1.7798986709995097,0.08403230687156518,36,FALSE,NA,Stable,5.289268518518519,0.7018888815118443
PH_epi,-0.0019738309738309354,0.0039075875826131284,-0.5051277628717848,0.6167278947568413,36,FALSE,NA,Stable,7.025,-0.028097238061650327
SECCHI,-0.006949753324753287,0.010712606380051304,-0.6487453265990348,0.520861136312869,36,FALSE,NA,Stable,4.18394675925926,-0.16610520459834185
SPCD_epi,1.790990347490349,0.3788501318487393,4.727437572083054,3.864882118649522e-5,36,TRUE,increasing,Worsening,170.69041666666666,1.0492623912143177
TP_epi,0.08253625053625059,0.0646152367011222,1.2773496585336683,0.21013279120892117,36,FALSE,NA,Stable,10.831111111111111,0.7620293955952557
TP_hypo,-0.005901758901758857,0.06163585665421797,-0.0957520382148364,0.9242796629598864,36,FALSE,NA,Stable,12.43138888888889,-0.047474654316653375
