parameter,estimate,std.error,statistic,p.value,non_na_n,significant,slope_dir,trend,mean_value,percent_change
CHL_comp,-0.08050759522716816,0.026949631888220336,-2.9873356178329833,0.005192541354823344,36,TRUE,decreasing,Improving,4.802175,-1.676481911366582
PH_epi,-7.618173474070357e-4,0.0034640045355274515,-0.21992388854971187,0.8272455677334272,36,FALSE,NA,Stable,6.812430555555555,-0.011182753955352566
SECCHI,5.74804956402087e-4,0.0060827565217968565,0.09449744607438088,0.92526873354714545,36,FALSE,NA,Stable,2.783611111111111,0.020649614240569936
SPCD_epi,0.42369664983937627,0.18086035665167655,2.342672864763748,0.025137266551337717,36,TRUE,increasing,Worsening,65.12569444444445,0.6505829280650683
TP_epi,0.003439651216154518,0.04483733177044844,0.07671400327219151,0.9393007221456754,36,FALSE,NA,Stable,10.767222222222223,0.03194557653928142
TP_hypo,-0.03927040064317272,0.12227157578244303,-0.32117358749875174,0.7512534225284155,23,FALSE,NA,Stable,12.233478260869566,-0.3210076464416862
