parameter,estimate,std.error,statistic,p.value,non_na_n,significant,slope_dir,trend,mean_value,percent_change
CHL_comp,0.018959849035237633,0.02080590473566817,0.9112725101895814,0.36941641024385985,32,FALSE,NA,Stable,3.094169791666667,0.6127604595682177
PH_epi,0.0032932045391754596,0.0040854629219366535,0.806078675073219,0.4265413054561594,32,FALSE,NA,Stable,6.8181770833333335,0.04830036678316145
SECCHI,0.0025609053813921666,0.012499265990700727,0.20488446147937353,0.8390936698382642,31,FALSE,NA,Stable,5.2881182795698924,0.04842753595898118
SPCD_epi,0.910112848376941,0.25213725291121125,3.6095929414184273,0.0011024868949111883,32,TRUE,increasing,Worsening,94.14203125,0.9667444352885055
TP_epi,0.036284718313942456,0.022376478432890427,1.621556243658465,0.1153629624558039,32,FALSE,NA,Stable,6.802395833333334,0.5334108629218375
TP_hypo,0.20626421903192887,0.0482807847797353,4.2721803295646374,1.7985230849498746e-4,32,TRUE,increasing,Worsening,13.0328125,1.5826531612568573
