parameter,estimate,std.error,statistic,p.value,non_na_n,significant,slope_dir,trend,mean_value,percent_change
CHL_comp,-0.06616926086956541,0.015316061180445067,-4.320253104894075,2.7594836628164405e-4,24,TRUE,decreasing,Improving,2.462848611111111,-2.68669623342026
PH_epi,0.008512318840579668,0.008747465673348104,0.9731182903083707,0.34107336514094533,24,FALSE,NA,Stable,7.2856250000000005,0.11683718062046383
SECCHI,0.0241731884057972,0.023200379543686173,1.041930730498578,0.30875912332938915,24,FALSE,NA,Stable,5.887027777777778,0.41061787574785386
SPCD_epi,6.7754723947550595,0.8712891772130685,7.776376169881149,9.420577421073966e-8,24,TRUE,increasing,Worsening,325.907705026455,2.0789543451281927
TP_epi,0.059434782608695634,0.04198782649133266,1.4155241548634212,0.17091618317059645,24,FALSE,NA,Stable,8.1,0.7337627482555017
TP_hypo,0.5828782608695747,0.20751696799725194,2.8088221724466096,0.010228490743130881,24,TRUE,increasing,Worsening,15.47888888888889,3.7656337289686115
