parameter,estimate,std.error,statistic,p.value,non_na_n,significant,slope_dir,trend,mean_value,percent_change
CHL_comp,-0.1598104395604461,0.11527889784055417,-1.386293957992944,0.19311305302530543,13,FALSE,NA,Stable,2.8893769230769233,-5.530965457779822
PH_epi,-0.02945054945054849,0.017645156857545335,-1.669044355247825,0.12328954017553599,13,FALSE,NA,Stable,6.527692307692308,-0.4511632604962648
SECCHI,0.025686813186813838,0.022322744524337967,1.1507013915250477,0.2742553027038912,13,FALSE,NA,Stable,2.9942307692307693,0.8578768694375849
SPCD_epi,-0.33692307692306867,0.15793356462550337,-2.133321550247982,0.056254182463570404,13,FALSE,NA,Stable,29.717692307692307,-1.1337457613956703
TP_epi,-0.16608391608396736,0.17954489278891592,-0.9250272369441658,0.3767344051680688,12,FALSE,NA,Stable,11.075000000000001,-1.499629039132888
TP_hypo,NA,NA,NA,NA,6,FALSE,NA,Stable,12.15,NA
