parameter,estimate,std.error,statistic,p.value,non_na_n,significant,slope_dir,trend,mean_value,percent_change
CHL_comp,0.06905501477185713,0.0347757169413968,1.9857251221657624,0.05472048464544495,38,FALSE,NA,Stable,7.194558070175439,0.9598228841618515
PH_epi,8.627949812160331e-4,0.0027156949717591027,0.3177068817331698,0.7525428404667024,38,FALSE,NA,Stable,6.859348684210526,0.01257838055677346
SECCHI,-0.010437041798883934,0.004348132414160017,-2.400350496432659,0.021673831948164985,38,TRUE,decreasing,Worsening,2.298207236842105,-0.4541384097817544
SPCD_epi,0.988660867345079,0.1238197786112892,7.984676425959449,1.7553275457815507e-9,38,TRUE,increasing,Worsening,60.51052631578948,1.6338659197665912
TP_epi,0.018998978735820935,0.027660633761756148,0.6868598492522286,0.4965720230570072,38,FALSE,NA,Stable,11.15890350877193,0.17025847316347867
TP_hypo,0.0022122004357325218,0.08004910814625986,0.027635541319093168,0.9781813506411421,26,FALSE,NA,Stable,11.533846153846154,0.019180075806671193
