parameter,estimate,std.error,statistic,p.value,non_na_n,significant,slope_dir,trend,mean_value,percent_change
CHL_comp,0.011991669046406762,0.024026477137203402,0.49910226030758625,0.6208301224760787,37,FALSE,NA,Stable,4.48803963963964,0.26719169190247205
PH_epi,-0.002825711956229259,0.002871237057821278,-0.9841444295001667,0.3317991750034186,37,FALSE,NA,Stable,6.728815315315315,-0.041994196954666226
SECCHI,0.00571745291218138,0.008043815269371412,0.710788689286766,0.48192524722569285,37,FALSE,NA,Stable,2.954635885885886,0.1935078680758364
SPCD_epi,0.17392606457166812,0.1148918023396881,1.513824842415126,0.1390492477505879,37,FALSE,NA,Stable,49.24286486486486,0.3532005399136833
TP_epi,0.026462912134229844,0.029274133713240686,0.9039690941310647,0.3723725142537807,36,FALSE,NA,Stable,12.226666666666667,0.2164360316321961
TP_hypo,0.06847683146415963,0.05515275204909333,1.2415850328412639,0.22288707389376447,36,FALSE,NA,Stable,14.8375,0.4615119222521289
