parameter,estimate,std.error,statistic,p.value,non_na_n,significant,slope_dir,trend,mean_value,percent_change
CHL_comp,-0.047693816184604,0.02065174462451569,-2.3094327889367112,0.026940529321768072,37,TRUE,decreasing,Improving,4.891272072072072,-0.9750800094912659
PH_epi,0.021752489331436885,0.0036594741002442263,5.9441572028027645,9.14592938924717e-7,37,TRUE,increasing,Improving,5.6978333333333335,0.3817677362407386
SECCHI,-0.009080676070808015,0.0063990037376357774,-1.4190765380241874,0.164721507923641,37,FALSE,NA,Stable,3.136846846846847,-0.28948420226304306
SPCD_epi,-0.11377378694484101,0.058670635009823884,-1.939194742408883,0.060572767954620056,37,FALSE,NA,Stable,26.084283783783786,-0.4361775385052838
TP_epi,-0.015541923502450296,0.027562969683352995,-0.5638697020313104,0.5764383230198699,37,FALSE,NA,Stable,11.490495495495496,-0.1352589495252232
TP_hypo,0.19772897897898137,0.13622779361690981,1.4514584265749826,0.15555740598654028,37,FALSE,NA,Stable,14.744234234234234,1.3410596700904267
