parameter,estimate,std.error,statistic,p.value,non_na_n,significant,slope_dir,trend,mean_value,percent_change
CHL_comp,0.7166363636363846,0.2623170244264602,2.7319475935779054,0.023150631534555332,11,TRUE,increasing,Worsening,7.921818181818182,9.046362175809309
PH_epi,-0.006681818181818983,0.03544823499914639,-0.18849508817519076,0.854670370504049,11,FALSE,NA,Stable,7.100454545454546,-0.09410409064721696
SECCHI,-0.0555795454545462,0.04466540664596622,-1.2443532843009646,0.2447990876731604,11,FALSE,NA,Stable,3.198068181818182,-1.7379099598479428
SPCD_epi,1.0422727272726806,1.5193491172632783,0.6859994950667233,0.5099973589774618,11,FALSE,NA,Stable,155.70909090909092,0.6693717888836692
TP_epi,0.6008636363636575,0.33929954687103947,1.770894308302843,0.11035074074439692,11,FALSE,NA,Stable,12.700454545454546,4.731040406571155
TP_hypo,0.5040909090910666,4.400237646454102,0.11455992825689411,0.9113090069324037,11,FALSE,NA,Stable,53.49545454545455,0.9423060582890189
