parameter,estimate,std.error,statistic,p.value,non_na_n,significant,slope_dir,trend,mean_value,percent_change
CHL_comp,0.001969835625099428,0.019319977557910362,0.10195848412323334,0.9193715302231127,37,FALSE,NA,Stable,4.9621234234234235,0.03969743307473833
PH_epi,0.004243006164058917,0.003729768168103879,1.1376058706125844,0.2630131756617629,37,FALSE,NA,Stable,6.415693693693694,0.06613479954988469
SECCHI,-0.002186956693535842,0.005348064577300727,-0.4089248852413151,0.6850863121321529,37,FALSE,NA,Stable,3.149740990990991,-0.0694329057465696
SPCD_epi,-0.2642587324166317,0.2622335245698824,-1.0077229173885036,0.32050389034012033,37,FALSE,NA,Stable,40.42801801801802,-0.6536524553314894
TP_epi,-0.08937727200885144,0.036244830696478395,-2.4659315629672807,0.01871111102828225,37,TRUE,decreasing,Improving,10.575945945945946,-0.845099553890139
TP_hypo,-0.015519203413939826,0.04051145567220396,-0.38308185071187123,0.7039759732564536,37,FALSE,NA,Stable,11.576081081081082,-0.13406267030474617
