parameter,estimate,std.error,statistic,p.value,non_na_n,significant,slope_dir,trend,mean_value,percent_change
CHL_comp,0.06363359788359992,0.04846588838771687,1.3129563905760804,0.20112258855722082,27,FALSE,NA,Stable,7.053833333333333,0.9021137142962442
PH_epi,0.013408017908017898,0.005239762945875806,2.558897806354253,0.01693645975337139,27,TRUE,increasing,Improving,6.596932098765432,0.20324626216066571
SECCHI,-0.021708363858364187,0.008923548391064885,-2.432705343997539,0.022478772227785226,27,TRUE,decreasing,Worsening,2.6224148148148148,-0.8278005346723589
SPCD_epi,-0.20406440781440993,0.2059792712430675,-0.9907036110133727,0.33132282961539583,27,FALSE,NA,Stable,58.506574074074074,-0.3487888515845208
TP_epi,0.30840150590150806,0.06617218346797905,4.660591350302724,8.980734042561587e-5,27,TRUE,increasing,Worsening,13.095432098765432,2.3550311557156065
TP_hypo,0.4273370497427062,0.11094329858085132,3.8518509473673075,0.0015679843810869113,17,TRUE,increasing,Worsening,15.344117647058825,2.785021984138779
