parameter,estimate,std.error,statistic,p.value,non_na_n,significant,slope_dir,trend,mean_value,percent_change
CHL_comp,-0.029078560939797236,0.03904311274081105,-0.7447808050765878,0.4636354992859377,26,FALSE,NA,Stable,4.209115384615385,-0.6908473226008828
PH_epi,0.008427312775330651,0.005473513695707032,1.5396531814545988,0.1367270302801592,26,FALSE,NA,Stable,6.764230769230769,0.12458641733018533
SECCHI,0.008601468428782308,0.013572487944361505,0.6337429411647157,0.5322425400780081,26,FALSE,NA,Stable,3.0585673076923077,0.28122540926758693
SPCD_epi,0.842031326480706,0.7864195317145017,1.0707151749460786,0.29494764274998675,26,FALSE,NA,Stable,165.54807692307693,0.5086325024916851
TP_epi,0.024437102300537906,0.0781868556945671,0.3125474491006542,0.7573240850351752,26,FALSE,NA,Stable,10.94923076923077,0.22318556267176673
TP_hypo,-0.2857244248653948,0.1925960028195649,-1.4835428600928857,0.15094503666868073,26,FALSE,NA,Stable,25.100384615384616,-1.1383268792234664
