parameter,estimate,std.error,statistic,p.value,non_na_n,significant,slope_dir,trend,mean_value,percent_change
CHL_comp,-0.005196330645161225,0.012654634361364268,-0.4106266919118649,0.6843645752884855,31,FALSE,NA,Stable,2.333115053763441,-0.22272071995674889
PH_epi,-2.9099462365590186e-4,0.004747845557033581,-0.061289825071250456,0.9515488517640572,31,FALSE,NA,Stable,6.576666666666667,-0.004424652158984823
SECCHI,0.0027832661290321213,0.012797410841335576,0.2174866591015571,0.8293520883615029,31,FALSE,NA,Stable,4.743682795698925,0.05867310798174987
SPCD_epi,0.745539650537634,0.11470641430604188,6.49954629867952,4.085409160103811e-7,31,TRUE,increasing,Worsening,50.638440860215056,1.4722800265427995
TP_epi,0.021415322580645168,0.03074364710997615,0.6965771661390171,0.49161358079531237,31,FALSE,NA,Stable,6.583118279569892,0.32530666579553447
TP_hypo,0.026103494623655323,0.053892380398915744,0.48436336325163504,0.6317661744767651,31,FALSE,NA,Stable,9.921612903225807,0.263097289505906
