parameter,estimate,std.error,statistic,p.value,non_na_n,significant,slope_dir,trend,mean_value,percent_change
CHL_comp,-0.018119055356764918,0.007203292764350364,-2.515385109215258,0.016493642439587387,38,TRUE,decreasing,Improving,1.7578741231068102,-1.030736792731318
PH_epi,0.006496727395411837,0.002532955563512227,2.5648801301525386,0.014511346552497185,39,TRUE,increasing,Improving,6.753477207977208,0.09619825751004092
SECCHI,0.015646306855656593,0.0093546665670921,1.6725670277439135,0.10284908970478945,39,FALSE,NA,Stable,8.132775040261883,0.1923858311363395
SPCD_epi,0.8893441343744073,0.10122276231411892,8.786009332708739,1.3806323262554044e-10,39,TRUE,increasing,Worsening,86.82354660154661,1.024312147090482
TP_epi,0.03603036515440485,0.01804190908689612,1.9970372858476373,0.05387579752226367,36,FALSE,NA,Stable,5.05569885361552,0.7126683411658942
TP_hypo,0.0162854251012155,0.02487978857987452,0.6545644489273885,0.5167967861764822,39,FALSE,NA,Stable,6.139957264957265,0.2652367825776528
