parameter,estimate,std.error,statistic,p.value,non_na_n,significant,slope_dir,trend,mean_value,percent_change
CHL_comp,-0.05620473251029065,0.05863855597735106,-0.958494484959683,0.358407014917582,13,FALSE,NA,Stable,3.6390128205128205,-1.5445049325869127
PH_epi,-0.010061836690491602,0.009765855199080308,-1.0303077902935902,0.3249877375550062,13,FALSE,NA,Stable,6.6545,-0.15120349673892258
SECCHI,-0.03284600389863353,0.030920267985972673,-1.0622806992984177,0.3108737756575806,13,FALSE,NA,Stable,5.0442307692307695,-0.6511598180438214
SPCD_epi,0.4833695852284952,0.16377253649643633,2.951469126443024,0.013174737383397113,13,TRUE,increasing,Worsening,33.34046794871795,1.4497984430571926
TP_epi,-0.1281865930257739,0.14457327601083902,-0.8866548269692901,0.3942366523607034,13,FALSE,NA,Stable,9.398076923076923,-1.3639662036710136
TP_hypo,0.0017598007364107082,0.26225165562932495,0.00671035129287446,0.994766106309223,13,FALSE,NA,Stable,10.416666666666668,0.016894087069542797
