parameter,estimate,std.error,statistic,p.value,non_na_n,significant,slope_dir,trend,mean_value,percent_change
CHL_comp,-0.005346534080298822,0.015024643256104864,-0.35585098355838835,0.7242170105097374,35,FALSE,NA,Stable,4.020342571428571,-0.1329870274810688
PH_epi,-0.001202287581699284,0.003343046837693169,-0.3596382701382996,0.7214089862165456,35,FALSE,NA,Stable,6.829319047619048,-0.01760479446510038
SECCHI,0.018526645658263313,0.008922678629037482,2.0763546944267612,0.04572526503121287,35,TRUE,increasing,Improving,3.191729761904762,0.5804578407417229
SPCD_epi,3.2314822595704964,0.35261275215009447,9.164394196937527,1.373620632103174e-10,35,TRUE,increasing,Worsening,172.84014285714287,1.8696364201928515
TP_epi,0.06393043884220408,0.054082062666291834,1.1821006021290406,0.24561386212102862,35,FALSE,NA,Stable,11.498000000000001,0.556013557507428
TP_hypo,0.01959990662931821,0.07358855133839041,0.26634450974839524,0.7916310904967399,35,FALSE,NA,Stable,21.003714285714285,0.09331638377241268
