parameter,estimate,std.error,statistic,p.value,non_na_n,significant,slope_dir,trend,mean_value,percent_change
CHL_comp,-0.010778454290807466,0.014236400150019412,-0.757105319970426,0.4545256768524448,34,FALSE,NA,Stable,3.0190916666666667,-0.35700983874755265
PH_epi,0.005821237585943303,0.004269473360853043,1.3634556522400265,0.18225510159798858,34,FALSE,NA,Stable,7.008303921568627,0.08306200260562287
SECCHI,0.019168862999744955,0.010013481347450465,1.9143055581389328,0.06455929649031959,34,FALSE,NA,Stable,3.570422794117647,0.5368793586946088
SPCD_epi,0.5008855742296896,0.12915243699239196,3.8782510488686754,4.924549717431754e-4,34,TRUE,increasing,Worsening,67.8052181372549,0.7387124295002939
TP_epi,0.034746243952125506,0.04103154085342931,0.8468179168860412,0.4033854443893463,34,FALSE,NA,Stable,9.361495098039216,0.3711612684538304
TP_hypo,-0.09748051948051567,0.21608171475017662,-0.45112803548980535,0.6549396739947076,34,FALSE,NA,Stable,17.501274509803924,-0.5569909747196338
