parameter,estimate,std.error,statistic,p.value,non_na_n,significant,slope_dir,trend,mean_value,percent_change
CHL_comp,0.03128925142946489,0.02476471553206163,1.263460966832277,0.21412037627284353,40,FALSE,NA,Stable,3.9195571130952382,0.7982853808897827
PH_epi,0.00869822681642932,0.002647241264004989,3.2857703355945143,0.002231436088998053,39,TRUE,increasing,Improving,6.487449938949939,0.1340777485496438
SECCHI,-0.3791858025104964,0.3987606975461426,-0.9509106710964637,0.3476590147436165,40,FALSE,NA,Stable,-1.4379479166666667,26.369926067245466
SPCD_epi,0.37049415036183236,0.12995816241762176,2.8508724921120843,0.007009408941827321,40,TRUE,increasing,Worsening,44.518349404761906,0.832227958393719
TP_epi,0.026498972572143092,0.02447477434051242,1.0827054911096798,0.2857618373995582,40,FALSE,NA,Stable,8.113761904761905,0.3265929279560329
TP_hypo,0.009495652806579586,0.04502870362938081,0.21087999523005949,0.8343180822862393,34,FALSE,NA,Stable,7.971106442577031,0.11912590648469218
