parameter,estimate,std.error,statistic,p.value,non_na_n,significant,slope_dir,trend,mean_value,percent_change
CHL_comp,-0.010459692424842373,0.03774434720436845,-0.2771194417062746,0.7850298786053811,19,FALSE,NA,Stable,2.6733140350877194,-0.39126313959217135
PH_epi,0.022226029664944358,0.007312080744354012,3.0396313227402585,0.00740141392764216,19,TRUE,increasing,Improving,6.439122807017544,0.3451717001067565
SECCHI,0.0262800974208697,0.031116705626974075,0.8445655441779263,0.41008212399780697,19,FALSE,NA,Stable,6.575581140350877,0.39966197450750907
SPCD_epi,0.6367043272414126,0.1307913016766679,4.868093818772625,1.4453643456218117e-4,19,TRUE,increasing,Worsening,35.41710526315789,1.7977311316397577
TP_epi,-0.448038600162764,0.2114716263337861,-2.1186700453874665,0.05122138843814705,17,FALSE,NA,Stable,6.922058823529412,-6.472620524977257
TP_hypo,-0.06738828818354402,0.11877080673462835,-0.5673809081225728,0.5788487943390805,17,FALSE,NA,Stable,14.792058823529413,-0.455570715256695
