parameter,estimate,std.error,statistic,p.value,non_na_n,significant,slope_dir,trend,mean_value,percent_change
CHL_comp,-0.008795926881336631,0.011482427475558072,-0.7660337415637916,0.44927027106622264,34,FALSE,NA,Stable,2.173418137254902,-0.4047047703598431
PH_epi,-0.0032029820147233684,0.0035613154633138194,-0.8993817165927165,0.3751677389905971,34,FALSE,NA,Stable,6.9074341736694675,-0.04637006932230863
SECCHI,0.047431618039491995,0.011201515488953559,4.234392934265633,1.8049665013693722e-4,34,TRUE,increasing,Improving,6.983875,0.6791590347692649
SPCD_epi,1.9692067205461912,0.1991230605677892,9.889395607576034,2.9740483648254266e-11,34,TRUE,increasing,Worsening,101.81243697478992,1.9341514446155457
TP_epi,-0.011693663642295026,0.02886768650423195,-0.40507796288354303,0.6881155863847395,34,FALSE,NA,Stable,5.4482808123249296,-0.21463034019542437
TP_hypo,0.16643604340863263,0.10045576175474044,1.6568093308075345,0.10733232579284238,34,FALSE,NA,Stable,14.055644257703081,1.1841224803154697
