parameter,estimate,std.error,statistic,p.value,non_na_n,significant,slope_dir,trend,mean_value,percent_change
CHL_comp,-0.06334403148723416,0.03955935041677957,-1.6012404354437033,0.11885460732912588,35,FALSE,NA,Stable,5.739399047619048,-1.1036701048607525
PH_epi,0.007812196781646672,0.00339966840875902,2.297929045526636,0.028041019669114063,35,TRUE,increasing,Improving,6.286780952380952,0.12426386159816828
SECCHI,0.00715386871800692,0.010341849211089582,0.6917398012664713,0.49408948205847825,34,FALSE,NA,Stable,4.097071078431372,0.1746093387461047
SPCD_epi,-0.07172930541803021,0.05575739598847194,-1.2864536470257781,0.20723716669545755,35,FALSE,NA,Stable,25.25340476190476,-0.28403815681216665
TP_epi,-0.010747098372736057,0.036596232847586604,-0.29366679399748086,0.7708516129758584,35,FALSE,NA,Stable,7.23952380952381,-0.14845034915967717
TP_hypo,0.07574314911690606,0.05610914563611442,1.3499251905941392,0.18651214500867352,34,FALSE,NA,Stable,13.08343137254902,0.578924190146527
