parameter,estimate,std.error,statistic,p.value,non_na_n,significant,slope_dir,trend,mean_value,percent_change
CHL_comp,0.029201405801405764,0.02361292760179498,1.2366702805282799,0.22421683556848682,38,FALSE,NA,Stable,4.455017794486215,0.6554722595619504
PH_epi,-0.0016700811897715738,0.0040984586568838105,-0.40749006628784445,0.6861298446114352,37,FALSE,NA,Stable,7.348783783783784,-0.022725953557878018
SECCHI,-0.03648789984316385,0.01124471388758854,-3.244893574698927,0.0025398460765308118,38,TRUE,decreasing,Worsening,3.966809210526316,-0.9198299667737898
SPCD_epi,5.313652511371726,0.6281343546603665,8.459420300685238,5.570016229557028e-10,37,TRUE,increasing,Worsening,329.59731231231234,1.61216500040411
TP_epi,0.23807079444570808,0.036415608298159215,6.53760312052078,1.5220868003075144e-7,37,TRUE,increasing,Worsening,11.48081081081081,2.0736409507029827
TP_hypo,0.7601362842571897,0.2027519515324239,3.749094785583997,6.408328987080615e-4,37,TRUE,increasing,Worsening,23.53996138996139,3.2291313977318143
