parameter,estimate,std.error,statistic,p.value,non_na_n,significant,slope_dir,trend,mean_value,percent_change
CHL_comp,-0.0010178910256410417,0.022338755898574612,-0.04556614657784014,0.9640493734992204,25,FALSE,NA,Stable,3.557309,-0.028614073886779074
PH_epi,-0.008616666666666727,0.003313323020604882,-2.6006117161174536,0.015987976738348324,25,TRUE,decreasing,Worsening,6.793866666666667,-0.12683008203477733
SECCHI,-0.017338173076923008,0.015295532033245612,-1.1335449488934162,0.2686632763936003,25,FALSE,NA,Stable,5.276698333333333,-0.32857995628433706
SPCD_epi,-0.06610858974359005,0.09752610272503481,-0.6778553422766894,0.5046261319578238,25,FALSE,NA,Stable,45.16378666666667,-0.14637521479655244
TP_epi,-0.025782051282051376,0.041127874032228874,-0.6268753707485072,0.5369144034078877,25,FALSE,NA,Stable,7.085333333333334,-0.3638791581019671
TP_hypo,-0.044474358974359134,0.11934841240074302,-0.3726430714890871,0.7128260524185346,25,FALSE,NA,Stable,11.774666666666667,-0.377712254906232
