parameter,estimate,std.error,statistic,p.value,non_na_n,significant,slope_dir,trend,mean_value,percent_change
CHL_comp,0.16031424840133332,0.16563977085699083,0.96784876948269,0.3459454531698798,20,FALSE,NA,Stable,3.8298566666666667,4.185907263753125
PH_epi,-0.010165360713320746,0.008938825662416092,-1.1372143385748874,0.27036135697585517,20,FALSE,NA,Stable,6.824933333333333,-0.14894446900561784
SECCHI,0.02506614203368458,0.022121869345324646,1.1330933042953801,0.27204269577734647,20,FALSE,NA,Stable,4.223229166666667,0.5935302358566754
SPCD_epi,0.527601774295236,0.22844399842466023,2.309545349991922,0.03298427941548467,20,TRUE,increasing,Worsening,42.875416666666666,1.2305461154979702
TP_epi,-0.01658785913717015,0.08601472960967375,-0.19284905285925094,0.8492364138788696,20,FALSE,NA,Stable,8.069166666666666,-0.20557090741096956
TP_hypo,0.13299941029043408,0.1283914505550655,1.0358899265912747,0.3156569515798649,18,FALSE,NA,Stable,8.45351851851852,1.573302406555114
