parameter,estimate,std.error,statistic,p.value,non_na_n,significant,slope_dir,trend,mean_value,percent_change
CHL_comp,-0.015574567967105754,0.009509358001046499,-1.6378148730326256,0.11042109612587525,37,FALSE,NA,Stable,1.9427175675675676,-0.8016897683488967
PH_epi,-0.0010737727132216776,0.0032102544638507808,-0.3344821182597657,0.7400119661691844,37,FALSE,NA,Stable,6.989292792792793,-0.015363109617169406
SECCHI,-0.01647378689906057,0.01348895131754626,-1.221280032172084,0.23014307735178308,37,FALSE,NA,Stable,8.645315315315315,-0.19055160278396083
SPCD_epi,0.9743210488204591,0.13226717266222643,7.366310394406057,1.2944525101707941e-8,37,TRUE,increasing,Worsening,122.89306306306307,0.7928202166467951
TP_epi,-0.01590388882537084,0.03335952041153736,-0.47674213025767875,0.6365089293445032,37,FALSE,NA,Stable,6.029216216216216,-0.2637803697037045
TP_hypo,0.3099634958141192,0.11410213554541591,2.7165442113109695,0.010182230441690815,37,TRUE,increasing,Worsening,18.533630630630633,1.6724380775229266
