parameter,estimate,std.error,statistic,p.value,non_na_n,significant,slope_dir,trend,mean_value,percent_change
CHL_comp,-0.12853225920678646,0.17450468110908926,-0.7365547926272318,0.4714360984203493,19,FALSE,NA,Stable,6.663184210526316,-1.9289915323627809
PH_epi,-0.012367563025209997,0.012331372021142773,-1.0029348724541902,0.32918520668426754,20,FALSE,NA,Stable,7.115591666666667,-0.17380934157796665
SECCHI,0.02046554621848711,0.024450644934101453,0.8370145766561641,0.4135596559578536,20,FALSE,NA,Stable,3.1335,0.6531209898990621
SPCD_epi,1.4420823529411577,0.3460746169974831,4.166969439864021,5.792075338294921e-4,20,TRUE,increasing,Worsening,100.70108333333333,1.4320425413574576
TP_epi,0.08980504201680581,0.08516598346607226,1.0544707917637282,0.3056166053537611,20,FALSE,NA,Stable,10.791166666666667,0.8322088314529396
TP_hypo,0.5537781512605007,0.23463513656827784,2.36016719132496,0.02975687480108582,20,TRUE,increasing,Worsening,18.6705,2.96605956594896
