parameter,estimate,std.error,statistic,p.value,non_na_n,significant,slope_dir,trend,mean_value,percent_change
CHL_comp,-0.10443869230769232,0.1093358751976731,-0.9552097343975438,0.3494043869271014,25,FALSE,NA,Stable,7.731662666666667,-1.350792149248264
PH_epi,0.01158717948717938,0.00596067631411086,1.9439370428064942,0.06423566564750033,25,FALSE,NA,Stable,7.0758,0.16375787172022074
SECCHI,0.018622999999999973,0.009859817348739362,1.8887773821064786,0.07159696244541448,25,FALSE,NA,Stable,2.361902,0.7884747123292994
SPCD_epi,1.2596153846153824,1.0128508501023576,1.2436336351873398,0.22616150356114506,25,FALSE,NA,Stable,213.682,0.5894812780746073
TP_epi,0.34419871794871776,0.17225390286744927,1.9982056268041797,0.05765165625344055,25,FALSE,NA,Stable,20.131,1.7097944361865667
TP_hypo,1.3964102564102565,0.7452852596731164,1.8736587612409306,0.07373918892010868,25,FALSE,NA,Stable,38.254666666666665,3.650300415836647
