parameter,estimate,std.error,statistic,p.value,non_na_n,significant,slope_dir,trend,mean_value,percent_change
CHL_comp,-0.02881247546505435,0.012242997801005552,-2.353384026801663,0.024183868437801435,38,TRUE,decreasing,Improving,1.936755701754386,-1.4876670010035302
PH_epi,0.0049031098693295555,0.0028413336671328213,1.725636776154229,0.09298825963997855,38,FALSE,NA,Stable,6.621162280701754,0.07405210235701837
SECCHI,-0.01766025877165633,0.008171203048109022,-2.161280128235617,0.03740149814329457,38,TRUE,decreasing,Worsening,6.04530701754386,-0.2921317101084387
SPCD_epi,-0.08467035800713002,0.034514807053812206,-2.4531604037397643,0.01913543888295313,38,TRUE,decreasing,Improving,27.802719298245616,-0.3045398441024897
TP_epi,-0.05978260007140887,0.019194741571921817,-3.1145300835338787,0.0036045506035601712,38,TRUE,decreasing,Improving,5.264561403508772,-1.1355665836011415
TP_hypo,-0.03518030705756406,0.03629110754868484,-0.9693919374152297,0.33881783575213986,38,FALSE,NA,Stable,6.97280701754386,-0.5045357912394393
