parameter,estimate,std.error,statistic,p.value,non_na_n,significant,slope_dir,trend,mean_value,percent_change
CHL_comp,0.004911453130719219,0.011796634467082998,0.41634358887901474,0.6797752173190426,36,FALSE,NA,Stable,1.5348546296296297,0.3199946780565391
PH_epi,0.009365962948531755,0.003812044567009116,2.4569395199595414,0.019271566610984028,36,TRUE,increasing,Improving,6.314097222222222,0.14833415797857227
SECCHI,-0.005098414272726152,0.0036830024033231356,-1.384309244035764,0.17528304478549564,36,FALSE,NA,Stable,2.4925925925925925,-0.2045426231257149
SPCD_epi,-0.199337513135678,0.033108306908047704,-6.020770367065331,8.094179607064487e-7,36,TRUE,decreasing,Improving,17.706481481481482,-1.1257883919182774
TP_epi,-0.10038156636321657,0.08081882203511861,-1.2420567862223637,0.22271515042133083,36,FALSE,NA,Stable,9.676666666666668,-1.0373568690652761
TP_hypo,0.8767503302509806,1.0117636032228687,0.8665565033750796,0.41142005653702374,10,FALSE,NA,Stable,13.01,6.739049425449505
