parameter,estimate,std.error,statistic,p.value,non_na_n,significant,slope_dir,trend,mean_value,percent_change
CHL_comp,0.10277555777556198,0.05792782455573312,1.7742001976387058,0.1064246176028836,12,FALSE,NA,Stable,2.018270757020757,5.0922581828055975
PH_epi,NA,NA,NA,NA,2,FALSE,NA,Stable,6.733333333333333,NA
SECCHI,-0.055335163025383945,0.036115999246624855,-1.5321509629989034,0.15648806034530502,12,FALSE,NA,Stable,7.14474855006105,-0.7744872004615351
SPCD_epi,NA,NA,NA,NA,3,FALSE,NA,Stable,47.28333333333334,NA
TP_epi,NA,NA,NA,NA,4,FALSE,NA,Stable,13.291666666666668,NA
TP_hypo,NA,NA,NA,NA,3,FALSE,NA,Stable,8.944444444444445,NA
