parameter,estimate,std.error,statistic,p.value,non_na_n,significant,slope_dir,trend,mean_value,percent_change
CHL_comp,-0.15903352898551046,0.1651935394845515,-0.9627103425578146,0.34615604073608974,24,FALSE,NA,Stable,6.92639375,-2.2960509426064677
PH_epi,0.01467318840579713,0.00535710632095524,2.73901384939859,0.011979764806166311,24,TRUE,increasing,Improving,6.667430555555556,0.22007260943379264
SECCHI,-1.364130434781792e-4,0.011682082195671533,-0.011677117246163805,0.9907884669468128,24,FALSE,NA,Stable,2.1352604166666667,-0.006388590469500306
SPCD_epi,2.243687681159441,0.30688389903940155,7.3111938690252645,2.544736298346057e-7,24,TRUE,increasing,Worsening,77.0320138888889,2.912669120134571
TP_epi,0.12052173913043715,0.0729594543293057,1.6519002264799978,0.11275785093456711,24,FALSE,NA,Stable,14.423611111111112,0.8355864436583028
TP_hypo,-0.16206521739130797,0.1445294007656245,-1.1213304457971174,0.27977836035239234,17,FALSE,NA,Stable,15.5921568627451,-1.0394021739130666
