parameter,estimate,std.error,statistic,p.value,non_na_n,significant,slope_dir,trend,mean_value,percent_change
CHL_comp,-0.10339737632369136,0.06025519058304056,-1.7159911921811033,0.09500422992876288,37,FALSE,NA,Stable,7.808946396396396,-1.3240886935964404
PH_epi,-0.0077971787577050386,0.0054701862350647395,-1.4253954842933714,0.16290066977450182,37,FALSE,NA,Stable,7.465301801801802,-0.10444559328898313
SECCHI,-0.020876145882725496,0.01173095630217384,-1.7795774994794737,0.08383022363740128,37,FALSE,NA,Stable,4.732583333333333,-0.4411152305694669
SPCD_epi,0.10914169432590486,0.1089624557294443,1.0016449573870252,0.32339016289066247,37,FALSE,NA,Stable,73.95041441441441,0.147587670995703
TP_epi,-0.034467915283705686,0.052063849975354785,-0.662031626551275,0.5122866818226299,37,FALSE,NA,Stable,10.029486486486487,-0.34366580313106765
TP_hypo,-0.19744823771140804,0.7777997819490029,-0.25385483808782283,0.8010931057591522,37,FALSE,NA,Stable,99.17738738738738,-0.19908594379500463
