parameter,estimate,std.error,statistic,p.value,non_na_n,significant,slope_dir,trend,mean_value,percent_change
CHL_comp,-0.03193399315738344,0.035325476755981876,-0.9039932674645605,0.37320128871728464,32,FALSE,NA,Stable,5.547964583333333,-0.5755983600421044
PH_epi,0.0086150720918865345,0.0030967352722450435,2.781985327935654,0.00925128780737644,32,TRUE,increasing,Improving,6.176203125,0.13948815991842134
SECCHI,0.011906081989247579,0.00656245733342253,1.8142719082697911,0.07964874345333545,32,FALSE,NA,Stable,2.5142265625,0.4735484926787531
SPCD_epi,-0.02400562072336205,0.1185029956023735,-0.20257395689734986,0.8408356407453943,32,FALSE,NA,Stable,28.853479166666666,-0.08319835741366967
TP_epi,-0.07772269061583932,0.037602248512923764,-2.0669692289578454,0.04746052848115065,32,TRUE,decreasing,Improving,11.627656250000001,-0.6684295523084398
TP_hypo,-0.11154738409334794,0.07069564729306023,-1.5778536354712447,0.13416338262826044,18,FALSE,NA,Stable,11.731481481481483,-0.9508380017428236
