parameter,estimate,std.error,statistic,p.value,non_na_n,significant,slope_dir,trend,mean_value,percent_change
CHL_comp,-0.04675901630375185,0.022484664702142162,-2.0795958900510985,0.04474411396777339,38,TRUE,decreasing,Improving,5.905669736842105,-0.7917648359516114
PH_epi,0.0010717985191668476,0.0027279672780341005,0.39289273291402355,0.6967156512773733,38,FALSE,NA,Stable,6.251285087719299,0.01714525100242836
SECCHI,-0.0011425301820036512,0.005375522955246541,-0.21254307562551383,0.8328823025090407,38,FALSE,NA,Stable,3.011212719298246,-0.03794252643399814
SPCD_epi,-0.03980048874785917,0.05204970316518964,-0.7646631263495345,0.4494557998544826,38,FALSE,NA,Stable,30.596140350877192,-0.13008336440945267
TP_epi,-0.08075755917861328,0.030052260271144368,-2.6872374473661544,0.010836685147122587,38,TRUE,decreasing,Improving,11.224298245614035,-0.7194887146746105
TP_hypo,0.01655724550461697,0.04244905578807388,0.3900497949183772,0.6987980420348053,38,FALSE,NA,Stable,13.981578947368423,0.1184218575523141
