parameter,estimate,std.error,statistic,p.value,non_na_n,significant,slope_dir,trend,mean_value,percent_change
CHL_comp,0.01880529477197192,0.08777551558001268,0.2142430568218054,0.8319101222078669,30,FALSE,NA,Stable,10.274006666666667,0.18303759557587646
PH_epi,0.009533926585094618,0.0067532075146505815,1.4117627163701802,0.16903693994816713,30,FALSE,NA,Stable,6.6555,0.14324884058439816
SECCHI,-0.010255283648498661,0.008292459782434662,-1.2366998354603675,0.22647159140572515,30,FALSE,NA,Stable,2.0693055555555557,-0.4955905917792493
SPCD_epi,1.7520470893585045,0.40202667343833626,4.358036929177132,1.5984686048133845e-4,30,TRUE,increasing,Worsening,108.16805555555555,1.6197453863434255
TP_epi,0.003919169447538977,0.09931325470628585,0.03946270272915465,0.9688015262564362,30,FALSE,NA,Stable,18.83388888888889,0.020809135440164477
TP_hypo,-0.3362921764923839,0.17727770357073613,-1.8969795395516216,0.06818936608647304,30,FALSE,NA,Stable,27.082222222222224,-1.241745133515818
