parameter,estimate,std.error,statistic,p.value,non_na_n,significant,slope_dir,trend,mean_value,percent_change
CHL_comp,-0.021592874312746306,0.03983730675991882,-0.5420264588386122,0.5914418077852776,35,FALSE,NA,Stable,4.964273333333334,-0.43496545945119136
PH_epi,-0.014775951967135327,0.005670883768541885,-2.6055818758095555,0.013804492957693227,34,TRUE,decreasing,Worsening,7.315,-0.20199524220280693
SECCHI,0.01883442015087624,0.01555914072585693,1.2105051610964797,0.23468415121406475,35,FALSE,NA,Stable,4.210880952380952,0.447279805909182
SPCD_epi,-0.013126006904492234,0.4751834252904924,-0.027623031877570127,0.9781291884242381,35,FALSE,NA,Stable,82.381,-0.01593329396886689
TP_epi,-0.04702991944764142,0.05067957499538591,-0.9279856717804604,0.3601531743342897,35,FALSE,NA,Stable,8.448571428571428,-0.5566612041486133
TP_hypo,0.39282265694924723,0.0844314278840798,4.652564415807031,5.115852471309527e-5,35,TRUE,increasing,Worsening,16.185904761904762,2.4269428414888297
