parameter,estimate,std.error,statistic,p.value,non_na_n,significant,slope_dir,trend,mean_value,percent_change
CHL_comp,0.3126111187795198,0.23825263705376937,1.3120993020067562,0.19779186811865407,38,FALSE,NA,Stable,21.03924254385965,1.485847782437187
PH_epi,-0.01569031080313323,0.0032801880724682444,-4.7833570687081775,2.9073273910127985e-5,38,TRUE,decreasing,Worsening,7.071894736842106,-0.22186855697090882
SECCHI,0.0028421384131061033,0.009027199528390015,0.31484165207246656,0.7546995432588046,38,FALSE,NA,Stable,2.6761875,0.10620101966346165
SPCD_epi,3.523042806448927,0.19165107150377278,18.382588622154266,6.998156735031374e-20,38,TRUE,increasing,Worsening,209.78478070175439,1.679360530665733
TP_epi,0.09164897966787092,0.07252565204583379,1.2636767417127366,0.21446815787634485,38,FALSE,NA,Stable,17.21526315789474,0.532370483258292
TP_hypo,-0.1993478443096851,0.37806306384863914,-0.5272872792183046,0.6012288008050677,38,FALSE,NA,Stable,50.92368421052632,-0.3914639080031024
