parameter,estimate,std.error,statistic,p.value,non_na_n,significant,slope_dir,trend,mean_value,percent_change
CHL_comp,-0.057714616402113415,0.03170011574572928,-1.8206437119993444,0.08019056985595212,28,FALSE,NA,Stable,2.790938988095238,-2.067928272466555
PH_epi,0.01060559204524691,0.004614456793229815,2.298340307532427,0.02983524294388277,28,TRUE,increasing,Improving,6.750720238095238,0.15710311894422913
SECCHI,-0.0533386927567964,0.018390627734578384,-2.900319310825266,0.007486352781743403,28,TRUE,decreasing,Worsening,6.590907738095238,-0.8092768837970596
SPCD_epi,-0.05659323116218816,0.10086663349258079,-0.5610698920208421,0.5795538808096246,28,FALSE,NA,Stable,46.96955952380952,-0.12048916731590864
TP_epi,-0.03675752599890154,0.03926517903047346,-0.9361354489272607,0.35781788776685264,28,FALSE,NA,Stable,5.682357142857143,-0.6468710972365863
TP_hypo,-0.058347336252508694,0.019494244378160008,-2.993054520126822,0.005985495946742561,28,TRUE,decreasing,Improving,6.356172619047619,-0.9179633680441359
