parameter,estimate,std.error,statistic,p.value,non_na_n,significant,slope_dir,trend,mean_value,percent_change
CHL_comp,-0.027036000000000112,0.0181748233419813,-1.4875522854492198,0.1510626934638893,24,FALSE,NA,Stable,1.9061611111111112,-1.4183481051211189
PH_epi,-0.0030817391304349276,0.007142118597990429,-0.4314880925250994,0.6703124443961992,24,FALSE,NA,Stable,6.646472222222222,-0.0463665389307015
SECCHI,0.02298586956521785,0.02064749293033751,1.1132523276685349,0.27761624744282376,24,FALSE,NA,Stable,5.5946597222222225,0.4108537553037768
SPCD_epi,0.08855797101449327,0.07185711049218496,1.2324176467424843,0.23080213299752605,24,FALSE,NA,Stable,37.24319444444444,0.2377829623250898
TP_epi,-0.11112536231884172,0.0742818247452685,-1.4959966680936987,0.1488631996254502,24,FALSE,NA,Stable,5.359930555555556,-2.0732612329027384
TP_hypo,0.12463695652173899,0.21130506341893232,0.589843681476929,0.5613052671185894,24,FALSE,NA,Stable,9.057708333333334,1.3760319049252412
