parameter,estimate,std.error,statistic,p.value,non_na_n,significant,slope_dir,trend,mean_value,percent_change
CHL_comp,-0.09527036499448273,0.05725975936186305,-1.663827547587216,0.10561625231285776,35,FALSE,NA,Stable,7.8737351515151515,-1.2099767538682038
PH_epi,-0.006791316526610699,0.005761227129188074,-1.178796873361213,0.24690895916936037,35,FALSE,NA,Stable,6.808761904761905,-0.09974378046412513
SECCHI,0.023907563025210122,0.010159763173456618,2.3531614484549195,0.02472527942481948,35,TRUE,increasing,Improving,3.4905238095238094,0.684927659280791
SPCD_epi,-1.034802054154995,0.16163446189460373,-6.402112779821383,2.968644538593016e-7,35,TRUE,decreasing,Improving,62.82033333333334,-1.6472406293424022
TP_epi,0.03999486461251169,0.07963984118911041,0.5021966896887836,0.6188638545240995,35,FALSE,NA,Stable,11.227,0.3562382169102315
TP_hypo,0.14027077497665708,0.21528846216102393,0.6515480373107141,0.5192048895272512,35,FALSE,NA,Stable,29.00857142857143,0.4835494064988671
