parameter,estimate,std.error,statistic,p.value,non_na_n,significant,slope_dir,trend,mean_value,percent_change
CHL_comp,-0.11277286150162462,0.05369735489580432,-2.100156734357807,0.04452712876705799,31,TRUE,decreasing,Improving,8.311363978494624,-1.3568514360990642
PH_epi,-0.0018587774972133628,0.0040486339866716604,-0.45911225942689976,0.6495764075020658,31,FALSE,NA,Stable,6.713521505376344,-0.027687071468003945
SECCHI,5.674840476353679e-4,0.004018590661427125,0.1412146932710576,0.88867673457659635,31,FALSE,NA,Stable,1.8215268817204302,0.031154305397863787
SPCD_epi,1.435334672649509,0.35956450179667115,3.991869791031739,4.089928116499478e-4,31,TRUE,increasing,Worsening,116.06252688172043,1.2366908693210357
TP_epi,-0.18157629836893355,0.07448942697550671,-2.437611695262989,0.021149347837414324,31,TRUE,decreasing,Improving,21.228494623655916,-0.8553423197827438
TP_hypo,-0.33210036772658397,0.2798741527919601,-1.1866060670970404,0.2583444113411063,14,FALSE,NA,Stable,26.297619047619047,-1.2628533675433704
