parameter,estimate,std.error,statistic,p.value,non_na_n,significant,slope_dir,trend,mean_value,percent_change
CHL_comp,-0.024978245614036648,0.022438571979621326,-1.1131833895990284,0.2811228623757171,19,FALSE,NA,Stable,1.1247070175438596,-2.220866876832
PH_epi,0.0022222222222219295,0.01566173372196817,0.14188864794099362,0.8888359187791173,19,FALSE,NA,Stable,6.780701754385965,0.03277274687364812
SECCHI,0.0786008771929837,0.038461460542947676,2.0436269471674033,0.0568049570813865,19,FALSE,NA,Stable,7.5275219298245615,1.044179982811629
SPCD_epi,-0.26692105263156074,0.23356866311575147,-1.1427947956326683,0.26896349873678455,19,FALSE,NA,Stable,74.68026315789474,-0.35741846820654044
TP_epi,0.06580701754386001,0.08822407471665196,0.7459077100577308,0.46591305977287967,19,FALSE,NA,Stable,3.7749122807017543,1.74327276107265
TP_hypo,-0.006476608187139946,0.08301841943840205,-0.07801411097624492,0.9387277240497085,19,FALSE,NA,Stable,5.796052631578947,-0.11174170765553595
