parameter,estimate,std.error,statistic,p.value,non_na_n,significant,slope_dir,trend,mean_value,percent_change
CHL_comp,0.1499780952380979,0.0811150371732564,1.8489555138556435,0.08008645220912002,21,FALSE,NA,Stable,5.6956396825396824,2.6332089738377333
PH_epi,-6.536796536794517e-4,0.011559629769091348,-0.056548493916932306,0.9554953122947707,21,FALSE,NA,Stable,7.085674603174604,-0.00922536935843177
SECCHI,-0.04397970779221313,0.02235615728852267,-1.9672302008177265,0.0639316421901982,21,FALSE,NA,Stable,3.278343253968254,-1.3415223600816697
SPCD_epi,2.5855627705630884,0.9599334513181068,2.6934812689492094,0.014390159826238274,21,TRUE,increasing,Worsening,213.03650793650795,1.2136712132615661
TP_epi,0.1528636363636347,0.09318951309247663,1.640352345353929,0.11738300028399751,21,FALSE,NA,Stable,13.418650793650794,1.13918782681165
TP_hypo,0.7619805194805399,0.6910304524550286,1.1026728514980007,0.2839409018323847,21,FALSE,NA,Stable,29.59015873015873,2.5751146738659365
