parameter,estimate,std.error,statistic,p.value,non_na_n,significant,slope_dir,trend,mean_value,percent_change
CHL_comp,-0.34649103765684214,0.0805409550598106,-4.302047789221447,1.567560220595006e-4,33,TRUE,decreasing,Improving,11.75875505050505,-2.9466643039048597
PH_epi,0.004165947368873155,0.0033911553191803066,1.2284743625013694,0.22851402602749252,33,FALSE,NA,Stable,6.062971380471381,0.06871131508704668
SECCHI,0.0024363143089034126,0.004801190872195541,0.5074395860852973,0.6154377082720326,33,FALSE,NA,Stable,1.2557564935064935,0.19401168311703532
SPCD_epi,0.9552389437487698,0.27274307222070043,3.502339898026088,0.001424082348599646,33,TRUE,increasing,Worsening,90.71337542087542,1.053029874940521
TP_epi,-0.34377244316473077,0.15488588503828127,-2.2195207980363394,0.033900803925756035,33,TRUE,decreasing,Improving,29.90496632996633,-1.1495496746981886
TP_hypo,1.3445056974826708,0.8446774856471201,1.5917385278152938,0.12159078100370847,33,FALSE,NA,Stable,80.82717171717172,1.663432814632348
