parameter,estimate,std.error,statistic,p.value,non_na_n,significant,slope_dir,trend,mean_value,percent_change
CHL_comp,-0.031952075098814293,0.019272004334120834,-1.6579528805026034,0.11219116533088791,23,FALSE,NA,Stable,2.151954347826087,-1.4847933521959893
PH_epi,-0.008302206851119895,0.007555513846910797,-1.0988275608169782,0.28428198387806974,23,FALSE,NA,Stable,6.594876811594204,-0.12588873284977967
SECCHI,-0.016680912384716775,0.021151221206429052,-0.7886500841684972,0.4391296082098527,23,FALSE,NA,Stable,4.048440217391304,-0.41203306678603896
SPCD_epi,0.4416106719367597,0.1581277061825379,2.792746967612225,0.0109054983709512,23,TRUE,increasing,Worsening,46.97184782608696,0.9401603138369626
TP_epi,-0.04134832015810297,0.041580619534691915,-0.9944132776474114,0.33134259389591636,23,FALSE,NA,Stable,6.828130434782609,-0.6055584402353233
TP_hypo,0.15424835309617932,0.06296076060125166,2.449912479188075,0.023143841364185812,23,TRUE,increasing,Worsening,9.245398550724637,1.6683797053193516
