parameter,estimate,std.error,statistic,p.value,non_na_n,significant,slope_dir,trend,mean_value,percent_change
CHL_comp,-0.035975448725740336,0.01332714732742853,-2.6994110473814197,0.010742541956253092,36,TRUE,decreasing,Improving,3.106165740740741,-1.1581947561227404
PH_epi,-0.004650415246287976,0.003349818940114159,-1.3882586878350787,0.17383180986893634,37,FALSE,NA,Stable,6.688873873873874,-0.06952463649302867
SECCHI,-0.004224749260931884,0.008627759171869354,-0.4896693540898312,0.6275125306302357,36,FALSE,NA,Stable,3.718888888888889,-0.1136024599593276
SPCD_epi,0.43583074042721853,0.07430383328547417,5.8655216178789,1.1610864085903134e-6,37,TRUE,increasing,Worsening,46.69364864864865,0.9333833466445802
TP_epi,-0.05174948713842283,0.050996317783528484,-1.0147690928998332,0.31717988515380263,37,FALSE,NA,Stable,10.922162162162163,-0.47380258936000313
TP_hypo,-0.12447684306054478,0.07055566504490243,-1.764235982770856,0.08641938223716897,37,FALSE,NA,Stable,19.190990990990993,-0.6486212364904924
