parameter,estimate,std.error,statistic,p.value,non_na_n,significant,slope_dir,trend,mean_value,percent_change
CHL_comp,-0.03468309291503122,0.049885176717710374,-0.6952584955506018,0.4924272361299038,31,FALSE,NA,Stable,5.798710215053764,-0.5981173679793835
PH_epi,0.0071908924233929595,0.005332450444572174,1.348515564868018,0.18793064252827596,31,FALSE,NA,Stable,6.888129032258065,0.10439543727646522
SECCHI,-0.012544675179839097,0.00846667658503711,-1.4816528131012947,0.1492178886730579,31,FALSE,NA,Stable,4.547204301075269,-0.27587665627587216
SPCD_epi,1.224831254671143,0.1505855281683669,8.133791271772688,5.718139730334911e-9,31,TRUE,increasing,Worsening,74.38806451612903,1.6465427117082359
TP_epi,-0.02816809136771182,0.06529243724782009,-0.4314143039384284,0.669357440407794,31,FALSE,NA,Stable,8.947956989247313,-0.3147991368483463
TP_hypo,0.0508483977952142,0.16647149563364275,0.30544807446866046,0.7622066760991666,31,FALSE,NA,Stable,27.776021505376345,0.18306580654602367
