parameter,estimate,std.error,statistic,p.value,non_na_n,significant,slope_dir,trend,mean_value,percent_change
CHL_comp,0.03789487401335707,0.055229150793677614,0.6861389948746976,0.4994844777925801,25,FALSE,NA,Stable,5.905959333333334,0.6416379096868778
PH_epi,0.001140276693555367,0.004529816628400626,0.2517268991433705,0.8034878080631767,25,FALSE,NA,Stable,6.485476190476191,0.017582004159229565
SECCHI,-0.015638815703876912,0.009341249092504628,-1.674167506830047,0.10764437875293684,25,FALSE,NA,Stable,3.5026654761904763,-0.44648327995300874
SPCD_epi,0.23973823618701215,0.11274237281197182,2.1264253200244423,0.044417070984583834,25,TRUE,increasing,Worsening,41.1201,0.5830195845511371
TP_epi,0.05048800850030459,0.04357575030725703,1.1586262575930082,0.25849757538448576,25,FALSE,NA,Stable,11.227333333333334,0.4496883365029207
TP_hypo,0.0800038815161766,0.05168254119377856,1.5479866056935936,0.13527640261433913,25,FALSE,NA,Stable,13.551638095238095,0.5903631793730466
