parameter,estimate,std.error,statistic,p.value,non_na_n,significant,slope_dir,trend,mean_value,percent_change
CHL_comp,-0.031351557795698946,0.015605350324153056,-2.009026208605828,0.053924106529988074,31,FALSE,NA,Stable,4.013743440860215,-0.7811051766921048
PH_epi,0.002961021505376249,0.004612216985680802,0.641995273546129,0.5259189871083589,31,FALSE,NA,Stable,6.7839838709677425,0.04364723681092503
SECCHI,0.020801999327956913,0.010058498284773554,2.0681018914569735,0.047652683987928136,31,TRUE,increasing,Improving,3.2261827956989246,0.644786754045359
SPCD_epi,2.835569892473117,0.43278992413417927,6.551838973945235,3.547533635116059e-7,31,TRUE,increasing,Worsening,178.39983870967743,1.589446444000232
TP_epi,0.11834274193548393,0.052699902067983244,2.2455969990764113,0.032519640453131014,31,TRUE,increasing,Worsening,12.270752688172044,0.9644293625896007
TP_hypo,-0.22378158602150475,0.22413859826861018,-0.9984071808699473,0.3263403215233961,31,FALSE,NA,Stable,27.87672043010753,-0.8027543504716403
