parameter,estimate,std.error,statistic,p.value,non_na_n,significant,slope_dir,trend,mean_value,percent_change
CHL_comp,0.05218150994575285,0.09629781983231622,0.5418763377677368,0.597069510806358,15,FALSE,NA,Stable,3.3549333333333333,1.5553665233015914
PH_epi,-0.006335895117540659,0.0167454808576271,-0.37836447764083375,0.7112664933555397,15,FALSE,NA,Stable,6.518666666666667,-0.09719618200358957
SECCHI,-0.018207504520795354,0.04469466005633573,-0.40737538886850383,0.6903608717158672,15,FALSE,NA,Stable,4.6,-0.39581531566946426
SPCD_epi,1.9319122965642923,0.5730369403974,3.3713573425554637,0.005010685477237977,15,TRUE,increasing,Worsening,60.40466666666667,3.1982831843526864
TP_epi,0.07709086799276177,0.10677642998332794,0.7219839435051231,0.4830896506227701,15,FALSE,NA,Stable,4.793333333333333,1.6082934908086604
TP_hypo,-0.29117428267801243,0.12731905729359114,-2.286965430529223,0.0411567761302171,14,TRUE,decreasing,Improving,8.016428571428571,-3.632219511264523
