parameter,estimate,std.error,statistic,p.value,non_na_n,significant,slope_dir,trend,mean_value,percent_change
CHL_comp,0.0966728655959473,0.03719559776210244,2.5990405158764407,0.023267019535796123,14,TRUE,increasing,Worsening,1.8800183150183152,5.142123607184407
PH_epi,NA,NA,NA,NA,3,FALSE,NA,Stable,6.983888888888889,NA
SECCHI,-0.05045503763636047,0.025289146740375815,-1.9951261366918966,0.06924439275598858,14,FALSE,NA,Stable,6.84017464678179,-0.7376279151015375
SPCD_epi,NA,NA,NA,NA,3,FALSE,NA,Stable,46.76111111111111,NA
TP_epi,NA,NA,NA,NA,5,FALSE,NA,Stable,6.8,NA
TP_hypo,NA,NA,NA,NA,2,FALSE,NA,Stable,8.5,NA
