parameter,estimate,std.error,statistic,p.value,non_na_n,significant,slope_dir,trend,mean_value,percent_change
CHL_comp,-0.03136282756440655,0.016977721528031627,-1.847293084211796,0.0731719146985638,37,FALSE,NA,Stable,2.5559933333333333,-1.2270308828820584
PH_epi,5.923028291450739e-5,0.0030674217651826007,0.01930946816209393,0.9847038922778952,37,FALSE,NA,Stable,7.100630630630631,8.341552461411015e-4
SECCHI,0.02109471313418683,0.010164748213193424,2.075281422790853,0.04537406639023217,37,TRUE,increasing,Improving,4.774752252252252,0.4417970194000421
SPCD_epi,1.090704362256995,0.12085086420399142,9.025209454985193,1.1560442272035245e-10,37,TRUE,increasing,Worsening,68.67852252252253,1.5881302075176529
TP_epi,-0.037626047099731476,0.034202892427076144,-1.1000837774160133,0.2788046548875329,37,FALSE,NA,Stable,7.19490990990991,-0.5229536932478784
TP_hypo,-0.06457325746799439,0.03198523238089453,-2.018845969259407,0.05121562692369367,37,FALSE,NA,Stable,7.783738738738739,-0.8295917891825041
