parameter,estimate,std.error,statistic,p.value,non_na_n,significant,slope_dir,trend,mean_value,percent_change
CHL_comp,0.012027857137322458,0.0324608376424653,0.3705344042504807,0.713677140807576,31,FALSE,NA,Stable,4.296337096774193,0.27995608506495684
PH_epi,-0.005791410959753256,0.0037138239009898368,-1.5594199170859138,0.1297447002340574,31,FALSE,NA,Stable,7.100532258064517,-0.08156305399747449
SECCHI,-0.016565187828350952,0.009215535692456618,-1.7975284759528842,0.08267263796393574,31,FALSE,NA,Stable,4.021397849462366,-0.4119261124726967
SPCD_epi,2.65307553427247,1.1315297519380694,2.344680314174963,0.026100018129671488,31,TRUE,increasing,Worsening,416.9050537634409,0.6363740401616409
TP_epi,0.12826096052815095,0.04382886901441521,2.926403610505355,0.006601993880022987,31,TRUE,increasing,Worsening,12.67752688172043,1.0117190973035035
TP_hypo,0.24532331427154547,0.09434174151047484,2.6003687269680835,0.014501880044568576,31,TRUE,increasing,Worsening,18.54978494623656,1.322512983210177
