parameter,estimate,std.error,statistic,p.value,non_na_n,significant,slope_dir,trend,mean_value,percent_change
CHL_comp,0.05948095441595594,0.06212520876390241,0.9574366927603324,0.3483035585075711,25,FALSE,NA,Stable,4.515844666666667,1.3171612136043933
PH_epi,0.008452231718898572,0.006067419805213908,1.3930520699483044,0.17692336380271237,25,FALSE,NA,Stable,6.117146666666667,0.138172781845434
SECCHI,-0.053641476733141756,0.02455700605249077,-2.1843654971002056,0.03938698027160331,25,TRUE,decreasing,Worsening,4.6054433333333336,-1.1647407828231175
SPCD_epi,0.013202991452999567,0.18429272603712693,0.07164141383604984,0.9435066132707354,25,FALSE,NA,Stable,37.310433333333336,0.03538686172589678
TP_epi,-0.07743637226970748,0.04208006818126463,-1.8402149905304714,0.07867726522933349,25,FALSE,NA,Stable,5.8251333333333335,-1.3293493528567153
TP_hypo,0.14389458689458712,0.062201796783485724,2.313350969513962,0.029992303528140946,25,TRUE,increasing,Worsening,8.277066666666666,1.7384732138751302
