parameter,estimate,std.error,statistic,p.value,non_na_n,significant,slope_dir,trend,mean_value,percent_change
CHL_comp,0.03398522177419333,0.01872634883631711,1.8148343850288526,0.07990605051227435,31,FALSE,NA,Stable,2.630133870967742,1.2921479833910001
PH_epi,0.01589180107526876,0.0041266610184073505,3.851007147032897,5.986368355053416e-4,31,TRUE,increasing,Improving,6.311559139784946,0.2517888325737884
SECCHI,-0.048597782258064534,0.014652629613700707,-3.3166594351517595,0.0024587925907115283,31,TRUE,decreasing,Worsening,6.1207930107526884,-0.7939785281529779
SPCD_epi,0.024926075268817433,0.14605238315840266,0.17066531014275607,0.8656721038176889,31,FALSE,NA,Stable,36.49010752688172,0.06830913077045543
TP_epi,-0.02947647849462364,0.05013198424933058,-0.5879774945277025,0.561098700275473,31,FALSE,NA,Stable,5.820537634408602,-0.5064219208956049
TP_hypo,0.014510752688172023,0.056990857450792055,0.25461544776197,0.8008170270446071,31,FALSE,NA,Stable,8.520698924731184,0.17030002839385405
