parameter,estimate,std.error,statistic,p.value,non_na_n,significant,slope_dir,trend,mean_value,percent_change
CHL_comp,-0.01218523483922636,0.13611040172454633,-0.08952464091529354,0.9294078906602268,26,FALSE,NA,Stable,10.725511263736264,-0.1136098274440821
PH_epi,0.006854985754985954,0.006931285534504417,0.9889919728254395,0.3325337697331554,26,FALSE,NA,Stable,6.966378205128205,0.09840099910079171
SECCHI,-0.003574623524623701,0.005614656817794917,-0.6366593080621422,0.5303729218727656,26,FALSE,NA,Stable,1.993962912087912,-0.17927231760196846
SPCD_epi,9.024313390313491,2.5271139428907468,3.570995845161871,0.0015450725257324834,26,TRUE,increasing,Worsening,383.1948717948718,2.355019352958434
TP_epi,-0.08108262108262451,0.17520745207796878,-0.4627806644122766,0.6476902976844086,26,FALSE,NA,Stable,25.630769230769232,-0.31634876172692633
TP_hypo,0.3074301994301908,0.5057675253954896,0.6078488317133309,0.5489970243496808,26,FALSE,NA,Stable,45.85769230769231,0.6704005019864934
