parameter,estimate,std.error,statistic,p.value,non_na_n,significant,slope_dir,trend,mean_value,percent_change
CHL_comp,-0.0018885887096773608,0.02065437242719822,-0.09143771936592068,0.9277734887742988,31,FALSE,NA,Stable,2.6232268817204303,-0.07199486719344456
PH_epi,0.004847446236559122,0.0035841443605408797,1.3524695851892525,0.18667776983752535,31,FALSE,NA,Stable,6.5918817204301074,0.07353660824246154
SECCHI,0.016477150537634336,0.011335080593473218,1.453642115885964,0.15678277484653275,31,FALSE,NA,Stable,4.816854838709678,0.3420728066210145
SPCD_epi,0.6260678763440859,0.14233974939813432,4.3984050765252505,1.343996190178027e-4,31,TRUE,increasing,Worsening,59.09274193548387,1.0594666211759352
TP_epi,-0.00959946236559121,0.03937013164683119,-0.24382601642542,0.80908227774064,31,FALSE,NA,Stable,6.180645161290323,-0.15531489213639224
TP_hypo,0.17999999999999952,0.05829546621499873,3.087718680148194,0.0044128769364668,31,TRUE,increasing,Worsening,13.741935483870968,1.309859154929574
