parameter,estimate,std.error,statistic,p.value,non_na_n,significant,slope_dir,trend,mean_value,percent_change
CHL_comp,0.21840226489411074,0.3541429718601177,0.6167064780276851,0.5466752771510064,17,FALSE,NA,Stable,7.48156862745098,2.919204190585923
PH_epi,-0.01909670933858492,0.006191078344811801,-3.084553009184288,0.007551741772693779,17,TRUE,decreasing,Worsening,6.707941176470588,-0.2846880858998936
SECCHI,0.009703758411295015,0.026861299794890707,0.36125423882655033,0.7229470917965397,17,FALSE,NA,Stable,2.838235294117647,0.341894078739928
SPCD_epi,0.6497031429509018,0.15252074481761677,4.259769015210438,6.851071695947562e-4,17,TRUE,increasing,Worsening,34.82833333333333,1.8654442540581955
TP_epi,-0.19928606597737378,0.20230743703500736,-0.9850654474105627,0.34021548334758334,17,FALSE,NA,Stable,13.53921568627451,-1.4719173591377355
TP_hypo,-0.13804775972428995,0.4244294270932696,-0.3252549208703985,0.7494806778055,17,FALSE,NA,Stable,24.911764705882355,-0.5541468513135606
