parameter,estimate,std.error,statistic,p.value,non_na_n,significant,slope_dir,trend,mean_value,percent_change
CHL_comp,-0.058681348000786275,0.02989518217445029,-1.9629031747777033,0.061862922947303535,25,FALSE,NA,Stable,4.7632053333333335,-1.2319718318697914
PH_epi,0.0024332165490659786,0.006302928520162291,0.3860453979895883,0.7030109832960072,25,FALSE,NA,Stable,6.633866666666667,0.036678707476775416
SECCHI,-0.012154710571017668,0.00919159692239391,-1.3223720180118634,0.19904434324633466,25,FALSE,NA,Stable,1.9500333333333333,-0.6233078359866158
SPCD_epi,1.970467055403124,0.5158828608535436,3.819601705982105,8.795642838360277e-4,25,TRUE,increasing,Worsening,179.54,1.0975086640320397
TP_epi,0.18063627009016037,0.06982830419493972,2.5868631949857748,0.016487238568318987,25,TRUE,increasing,Worsening,16.028666666666666,1.1269575557760703
TP_hypo,NA,NA,NA,NA,8,FALSE,NA,Stable,17.864583333333336,NA
