parameter,estimate,std.error,statistic,p.value,non_na_n,significant,slope_dir,trend,mean_value,percent_change
CHL_comp,0.0839950938086298,0.03247035156913562,2.5868242796752012,0.01363989179680805,40,TRUE,increasing,Worsening,4.9000025,1.7141847133471828
PH_epi,-0.00523758434547901,0.0037601067069145547,-1.3929350291701788,0.17195296279909977,39,FALSE,NA,Stable,6.777183760683761,-0.07728260779741025
SECCHI,-0.0031150551684089077,0.010222103256563007,-0.3047372042939319,0.7621866390361005,41,FALSE,NA,Stable,5.545548780487805,-0.056172171442605126
SPCD_epi,0.9736663292847667,0.14421220148955566,6.751622395524438,6.087400752039848e-8,39,TRUE,increasing,Worsening,63.644401709401706,1.529853849095001
TP_epi,-0.01886605937921701,0.04415508985825111,-0.42726805538799223,0.6716604144796705,39,FALSE,NA,Stable,6.9587606837606835,-0.27111234653095345
TP_hypo,0.24260495313126934,0.08471599714174281,2.8637442905305615,0.006941240361638475,38,TRUE,increasing,Worsening,14.560526315789474,1.666182580695506
