parameter,estimate,std.error,statistic,p.value,non_na_n,significant,slope_dir,trend,mean_value,percent_change
CHL_comp,0.10001159163394698,0.05951038474144079,1.6805737699138528,0.10530004849546587,27,FALSE,NA,Stable,6.281006172839507,1.5922861541900684
PH_epi,0.005253433969936125,0.005699930485007869,0.921666322730403,0.3655121152853362,27,FALSE,NA,Stable,6.650246913580247,0.0789960739534086
SECCHI,-0.015575324972362997,0.011352093940583171,-1.372022206113181,0.18224369477046293,27,FALSE,NA,Stable,2.599537037037037,-0.5991576480909007
SPCD_epi,2.2389552281477547,0.29023574286700904,7.714264294365984,4.530682927542653e-8,27,TRUE,increasing,Worsening,74.23185185185186,3.016165126280491
TP_epi,0.06503646806185627,0.05390637938882974,1.206470714583604,0.23892927452195717,27,FALSE,NA,Stable,9.438271604938272,0.6890718002629638
TP_hypo,0.0966497046615511,0.08799867503623289,1.0983086350079272,0.2873823602383701,19,FALSE,NA,Stable,10.214912280701755,0.9461628451195211
