parameter,estimate,std.error,statistic,p.value,non_na_n,significant,slope_dir,trend,mean_value,percent_change
CHL_comp,-0.08117709938669582,0.03492779452079649,-2.324140430291465,0.03023132846516238,23,TRUE,decreasing,Improving,3.4688159420289857,-2.3401962151734566
PH_epi,0.020735558525973558,0.005751533819709421,3.6052223938798225,0.0016628652923338257,23,TRUE,increasing,Improving,6.632521739130435,0.31263461080931365
SECCHI,-0.012300184777480636,0.016527688416649554,-0.7442168842613076,0.4649921271831745,23,FALSE,NA,Stable,4.419420289855072,-0.27832122701061324
SPCD_epi,0.5966060570320206,0.31637395232411775,1.8857622527053417,0.07323664274163268,23,FALSE,NA,Stable,39.16644927536232,1.5232579620315905
TP_epi,0.011379475284374333,0.05663836540969855,0.20091461330248336,0.8426985383763242,23,FALSE,NA,Stable,9.542391304347827,0.11925181981574651
TP_hypo,-0.04195254757037366,0.06604387882981622,-0.6352223448062189,0.5321446172499475,23,FALSE,NA,Stable,11.113840579710144,-0.3774801993017953
