parameter,estimate,std.error,statistic,p.value,non_na_n,significant,slope_dir,trend,mean_value,percent_change
CHL_comp,-0.019358190991900934,0.025654095237797783,-0.7545848260272808,0.4563811214152984,32,FALSE,NA,Stable,1.5769,-1.2276105645190523
PH_epi,0.022590293695507812,0.008856793005875496,2.5506177778482195,0.01629388429133681,31,TRUE,increasing,Improving,5.921451612903226,0.38149925343106916
SECCHI,-0.08051833438552243,0.020426016060330413,-3.9419500184325207,3.966086123392232e-4,35,TRUE,decreasing,Worsening,8.593428571428571,-0.9369756636277837
SPCD_epi,-0.2928068700327774,0.054000813672777565,-5.422267742243016,7.848519837760133e-6,31,TRUE,decreasing,Improving,15.756774193548388,-1.8582919729386436
TP_epi,-0.09442642616910608,0.02762883569892364,-3.417676633141104,0.0018912835299207248,31,TRUE,decreasing,Improving,3.888709677419355,-2.4282200010305175
TP_hypo,-0.03123465649836057,0.06392577197706716,-0.488608201862087,0.628793758727721,31,FALSE,NA,Stable,6.5041935483870965,-0.4802233553782561
