parameter,estimate,std.error,statistic,p.value,non_na_n,significant,slope_dir,trend,mean_value,percent_change
CHL_comp,0.030396712169313122,0.050387079873729694,0.6032640162019203,0.5519921909406149,26,FALSE,NA,Stable,7.563703296703297,0.4018760516764556
PH_epi,-0.010238021164021182,0.005256586933995905,-1.947655635220045,0.06324619264032533,26,FALSE,NA,Stable,7.247075091575092,-0.14127107880975515
SECCHI,-0.00412156264550273,0.0039534407925133404,-1.0425254510723325,0.3075564568140948,26,FALSE,NA,Stable,1.8923654761904762,-0.21779950529428668
SPCD_epi,0.9765505291005233,0.30122272387171173,3.2419550442563163,0.0034691323473946337,26,TRUE,increasing,Worsening,147.15703296703296,0.6636111841962024
TP_epi,0.2883658095238089,0.06862595215932875,4.201993567306878,3.159029770692675e-4,26,TRUE,increasing,Worsening,18.82456043956044,1.531859458018465
TP_hypo,-0.1025108225108123,0.6298513385043598,-0.16275399644975544,0.8743078558398587,11,FALSE,NA,Stable,18.907359307359307,-0.5421741917757497
