parameter,estimate,std.error,statistic,p.value,non_na_n,significant,slope_dir,trend,mean_value,percent_change
CHL_comp,-0.047962178482176133,0.031363717590638496,-1.5292249186841287,0.13742868690948232,30,FALSE,NA,Stable,4.59121196969697,-1.0446517999765048
PH_epi,0.0013592453319501735,0.005299375165654003,0.25649162202359893,0.7994464917460384,30,FALSE,NA,Stable,6.608833333333333,0.020567099568005048
SECCHI,0.0033732332728217294,0.013181416330431765,0.25590825661382,0.7998924138059179,30,FALSE,NA,Stable,4.289291666666667,0.0786431311966054
SPCD_epi,0.8217356068464643,0.22289903237832015,3.6865822075519645,9.671565869334664e-4,30,TRUE,increasing,Worsening,65.26833333333333,1.2590111695510293
TP_epi,-0.07162344398340428,0.038519054872930884,-1.8594289039458594,0.07350434451809867,30,FALSE,NA,Stable,7.5393333333333334,-0.9499970463799313
TP_hypo,0.32563537344398374,0.18059948382432406,1.803080310909092,0.08214834396529921,30,FALSE,NA,Stable,23.903333333333336,1.3623011021223694
