parameter,estimate,std.error,statistic,p.value,non_na_n,significant,slope_dir,trend,mean_value,percent_change
CHL_comp,-0.03302755903704965,0.019425929174737316,-1.7001791131824335,0.09944381310972704,32,FALSE,NA,Stable,2.6244114583333333,-1.2584748832800874
PH_epi,-0.0055847421459841225,0.004028846461861146,-1.386188875364643,0.17590662082496594,32,FALSE,NA,Stable,6.934015625,-0.08054123970890421
SECCHI,-0.01081436082582966,0.009716450295969625,-1.1129950235340007,0.2745495306473088,32,FALSE,NA,Stable,6.2636523437500005,-0.1726526351134486
SPCD_epi,1.2084572813127907,0.11265867202053767,10.726713351391973,8.711537079558009e-12,32,TRUE,increasing,Worsening,88.025,1.3728568944195294
TP_epi,-0.028969843613298064,0.02920965088217616,-0.9917901357381704,0.329503589093581,31,FALSE,NA,Stable,6.831849462365591,-0.4240410122161414
TP_hypo,0.06721536936591743,0.3059681467140681,0.21968093766548588,0.8276076078514424,32,FALSE,NA,Stable,31.894895833333333,0.21074020657459147
