parameter,estimate,std.error,statistic,p.value,non_na_n,significant,slope_dir,trend,mean_value,percent_change
CHL_comp,-0.03977500823451909,0.02613641946045898,-1.521823151587138,0.14296971870871775,23,FALSE,NA,Stable,3.819492028985507,-1.0413690598821255
PH_epi,-0.006848155467720701,0.005596340772537087,-1.2236845013667934,0.23462441109121682,23,FALSE,NA,Stable,6.7386739130434785,-0.10162467506352114
SECCHI,-0.0027713274044795884,0.010216344449944436,-0.2712640923627688,0.7888365778317755,23,FALSE,NA,Stable,2.56643115942029,-0.1079837031399502
SPCD_epi,0.2605368906455863,0.11213385744032581,2.3234453589027386,0.030275543288778062,23,TRUE,increasing,Worsening,43.893152173913045,0.5935707000793414
TP_epi,-0.13743824110671923,0.09646178877588416,-1.4247946554882813,0.168909541662698,23,FALSE,NA,Stable,15.494384057971015,-0.8870197136749993
TP_hypo,-0.1945417564010625,0.17688541731130336,-1.0998179463188051,0.29489835839217593,13,FALSE,NA,Stable,15.22551282051282,-1.2777353294725347
