parameter,estimate,std.error,statistic,p.value,non_na_n,significant,slope_dir,trend,mean_value,percent_change
CHL_comp,-0.008924035087717583,0.011301743096126303,-0.789615815172468,0.4406273291617774,19,FALSE,NA,Stable,0.5270578947368422,-1.6931792838760753
PH_epi,0.025126315789473403,0.012173815785415931,2.063963857542053,0.05462951621284821,19,FALSE,NA,Stable,6.541552631578948,0.3841032428322543
SECCHI,0.05579824561402809,0.042614885389023804,1.3093604524488498,0.2078339069701042,19,FALSE,NA,Stable,10.666052631578948,0.5231386675219134
SPCD_epi,-0.0311052631578908,0.18039761047587224,-0.172426137329857,0.865138639277658,19,FALSE,NA,Stable,17.318421052631578,-0.17960796231573475
TP_epi,5.876706084024947e-16,0.027784583020250758,2.115096015564357e-14,0.9999999999999833,19,FALSE,NA,Stable,2.647894736842105,2.2193881056742992e-14
TP_hypo,-0.11647368421052576,0.06931822405381884,-1.6802750762930005,0.11118475135405308,19,FALSE,NA,Stable,3.7405263157894737,-3.1138314337976496
