parameter,estimate,std.error,statistic,p.value,non_na_n,significant,slope_dir,trend,mean_value,percent_change
CHL_comp,0.05416076923076922,0.03128962170960407,1.7309499531004258,0.09685651387823735,25,FALSE,NA,Stable,2.89716,1.8694434974516154
PH_epi,0.024926923076923103,0.005323416616357827,4.682504653182225,1.0269747012223678e-4,25,TRUE,increasing,Improving,6.3884,0.3901903931645342
SECCHI,-0.022118076923076956,0.008385794127585323,-2.6375649803181878,0.014715368953084396,25,TRUE,decreasing,Worsening,4.18687,-0.5282723591388544
SPCD_epi,-0.13066730769230783,0.03683551621104752,-3.5473184885927775,0.0017177849679344338,25,TRUE,decreasing,Improving,16.4261,-0.7954858894826394
TP_epi,0.0587461538461539,0.06686328842363136,0.8786010265296997,0.3887044096104,25,FALSE,NA,Stable,7.2328,0.8122186960257978
TP_hypo,-0.05119937825575572,0.08170894889326306,-0.6266067419694482,0.5376698694023624,23,FALSE,NA,Stable,7.819130434782609,-0.6547963188847762
