parameter,estimate,std.error,statistic,p.value,non_na_n,significant,slope_dir,trend,mean_value,percent_change
CHL_comp,0.010466235977562079,0.14240314588642664,0.07349722446377277,0.9421060281948312,23,FALSE,NA,Stable,10.326188405797101,0.1013562368442392
PH_epi,-0.008487379807692475,0.006580049531562155,-1.2898656411295288,0.21112176995651077,23,FALSE,NA,Stable,6.257463768115942,-0.1356360998994316
SECCHI,-0.007343659855769643,0.006884760007313265,-1.0666544437233711,0.29823788745351,23,FALSE,NA,Stable,1.626876811594203,-0.4513961846056108
SPCD_epi,0.5919959935897411,0.22669272137777383,2.611446851896073,0.01630188267284567,23,TRUE,increasing,Worsening,49.672463768115946,1.1917991351371924
TP_epi,0.12275641025641004,0.22464566324805213,0.5464446029428278,0.5905196493257747,23,FALSE,NA,Stable,20.98985507246377,0.5848368644405366
TP_hypo,0.8460543337644769,0.3845758526209617,2.1999673874437167,0.0553435160610556,11,FALSE,NA,Stable,20.772727272727273,4.072909265386978
