parameter,estimate,std.error,statistic,p.value,non_na_n,significant,slope_dir,trend,mean_value,percent_change
CHL_comp,0.14174133333333336,0.04288954254236253,3.3047993737245784,0.003094250636119579,25,TRUE,increasing,Worsening,3.8546026666666666,3.6771969925477843
PH_epi,0.02026282051282043,0.010717450844692968,1.8906380637009506,0.07133710610279002,25,FALSE,NA,Stable,6.1052333333333335,0.3318926469556789
SECCHI,-0.030907051282051373,0.016473243769432277,-1.8761970450168681,0.07337567073996303,25,FALSE,NA,Stable,3.985175,-0.7755506667097775
SPCD_epi,0.10618205128205134,0.1135898820383633,0.934784413687391,0.3596107546573808,25,FALSE,NA,Stable,31.085933333333333,0.34157588303193304
TP_epi,0.040200000000000055,0.04122389880610421,0.9751624946752357,0.3396252468540679,25,FALSE,NA,Stable,7.8649000000000004,0.5111317372121712
TP_hypo,0.25121537392271415,0.08372947056286173,3.000322016058954,0.006589700110256899,24,TRUE,increasing,Worsening,12.66107638888889,1.9841549502313705
