parameter,estimate,std.error,statistic,p.value,non_na_n,significant,slope_dir,trend,mean_value,percent_change
CHL_comp,0.04386503623188413,0.05394431938167259,0.8131539471566146,0.42525352641094216,23,FALSE,NA,Stable,4.380873188405797,1.0012852311720681
PH_epi,-0.003739459815546593,0.007786948114724637,-0.4802214886311501,0.6360343089865554,23,FALSE,NA,Stable,6.7275,-0.0555846869646465
SECCHI,-0.015047646430932841,0.018156684891204544,-0.8287661828741776,0.41701821635991554,22,FALSE,NA,Stable,4.036875,-0.372754827209979
SPCD_epi,0.6577437417654822,0.2057728260342892,3.1964557927385333,0.004339048711480761,23,TRUE,increasing,Worsening,55.98061594202899,1.1749490974636865
TP_epi,-0.0856765480895916,0.06869875424186618,-1.247133940565386,0.2260787097807443,23,FALSE,NA,Stable,9.07027536231884,-0.9445859653337819
TP_hypo,1.0036637022397907,0.19904479344077095,5.042401184628059,5.423073755064048e-5,23,TRUE,increasing,Worsening,19.721463768115942,5.089194767897667
