parameter,estimate,std.error,statistic,p.value,non_na_n,significant,slope_dir,trend,mean_value,percent_change
CHL_comp,-0.02021963448284998,0.020003232780326296,-1.0108183364609205,0.32018707818571635,32,FALSE,NA,Stable,4.169804635416667,-0.4849060387892618
PH_epi,0.008117392524498755,0.005172531273283976,1.5693269108733918,0.12741999318349093,31,FALSE,NA,Stable,6.547612903225806,0.12397483853236904
SECCHI,-0.004012511441339056,0.008851204630102336,-0.4533294177487188,0.6535736627002904,32,FALSE,NA,Stable,3.3737239583333336,-0.11893419529561311
SPCD_epi,0.9728198729338062,0.2551370931349771,3.812929985916034,6.367874572124026e-4,32,TRUE,increasing,Worsening,85.17327083333333,1.1421656858023166
TP_epi,0.03473496473375137,0.05954958016021588,0.5832948719419729,0.5640545171904319,32,FALSE,NA,Stable,12.0015625,0.2894203545059352
TP_hypo,-0.029750646099175142,0.09000442490276057,-0.3305464829236706,0.7432845710532081,32,FALSE,NA,Stable,13.104947916666667,-0.22701842302889838
