parameter,estimate,std.error,statistic,p.value,non_na_n,significant,slope_dir,trend,mean_value,percent_change
CHL_comp,0.02213971230097621,0.029845908121426616,0.7418005915886987,0.4636181922979087,34,FALSE,NA,Stable,4.644825,0.4766533141932411
PH_epi,-0.003523588828441807,0.00526756541879652,-0.6689217025892847,0.508496647959159,33,FALSE,NA,Stable,6.873909090909091,-0.05126033501231253
SECCHI,-0.026790165672834293,0.00945720907652438,-2.8327771392233987,0.007920420482022477,34,TRUE,decreasing,Worsening,3.7093382352941178,-0.7222357189734698
SPCD_epi,0.1848046658879909,0.06300452510680625,2.9331967120569065,0.006155721595285874,34,TRUE,increasing,Worsening,43.47382352941177,0.4250941161477624
TP_epi,-0.0645638598887692,0.05290044073818298,-1.2204786763178646,0.23148629791344835,33,FALSE,NA,Stable,8.100606060606061,-0.7970250547394073
TP_hypo,0.06016341867277891,0.06635896987362996,0.9066358140783456,0.3726200561402213,29,FALSE,NA,Stable,9.466206896551725,0.6355599378954496
