parameter,estimate,std.error,statistic,p.value,non_na_n,significant,slope_dir,trend,mean_value,percent_change
CHL_comp,-0.015371167523799073,0.010666972210839008,-1.4410056780854834,0.15822512821452653,38,FALSE,NA,Stable,2.93824649122807,-0.5231408450478413
PH_epi,-0.005858846700952022,0.0034781885858753176,-1.684453432095198,0.10074622866354484,38,FALSE,NA,Stable,7.153982456140351,-0.08189629673921414
SECCHI,-0.001959413867308367,0.00784645849409607,-0.24971952235300723,0.8042237371593377,38,FALSE,NA,Stable,5.086304824561403,-0.03852332754117483
SPCD_epi,1.3285653061969038,0.10081904952922217,13.177721000155056,2.431048720822105e-15,38,TRUE,increasing,Worsening,66.32355263157895,2.0031576317646285
TP_epi,-0.07284495021336744,0.035851769503019486,-2.031836955975976,0.049600601139373035,38,TRUE,decreasing,Improving,7.633421052631579,-0.9542896914910065
TP_hypo,0.11330042557094103,0.06715992638208554,1.6870242669170519,0.10049321566727171,37,FALSE,NA,Stable,12.627837837837838,0.8972274353369472
