parameter,estimate,std.error,statistic,p.value,non_na_n,significant,slope_dir,trend,mean_value,percent_change
CHL_comp,-0.008920131543413458,0.009441767593004899,-0.9447522887581025,0.3510833840460772,38,FALSE,NA,Stable,1.66853007518797,-0.5346101743121743
PH_epi,0.004043546365915045,0.0024659521335162657,1.6397505494760949,0.10953314304351912,39,FALSE,NA,Stable,6.786683760683761,0.05958059206088094
SECCHI,0.005010766503342202,0.010872352492834903,0.4608723371178774,0.647662446975624,38,FALSE,NA,Stable,8.609625313283209,0.058199588495580976
SPCD_epi,0.9266728118372994,0.10063004645855561,9.208708973606097,4.1307580182442073e-11,39,TRUE,increasing,Worsening,87.65441086691087,1.057189025255447
TP_epi,0.028141972643250773,0.017510187636970626,1.607177103221466,0.11726405000956774,36,FALSE,NA,Stable,5.067901234567901,0.5552983639715743
TP_hypo,0.01764338731444391,0.01980843932191988,0.8907005255542702,0.37884531789632303,39,FALSE,NA,Stable,5.407621082621082,0.32626892759083875
