parameter,estimate,std.error,statistic,p.value,non_na_n,significant,slope_dir,trend,mean_value,percent_change
CHL_comp,-0.02512328902469807,0.028551282530312146,-0.8799355684994303,0.38545489471577443,34,FALSE,NA,Stable,5.43026137254902,-0.46265340286751144
PH_epi,0.003355946014769306,0.0033947179209662397,0.9885787546713459,0.3302857626306075,34,FALSE,NA,Stable,6.659627450980392,0.05039239866601341
SECCHI,0.010828665648076611,0.00794391378235531,1.3631398759801236,0.18235358599414153,34,FALSE,NA,Stable,3.5624995098039216,0.3039625863323309
SPCD_epi,0.03985721925133601,0.08391736067993047,0.4749579697025456,0.6380426834127237,34,FALSE,NA,Stable,44.41607352941177,0.08973602591175255
TP_epi,-0.08139332824038358,0.06321438597214835,-1.287576031763477,0.2071281693082866,34,FALSE,NA,Stable,12.439627450980392,-0.6543067994690532
TP_hypo,-0.20237015533484967,0.14076477603308205,-1.4376476916873675,0.160241772869968,34,FALSE,NA,Stable,17.295549019607844,-1.170070722273251
