parameter,estimate,std.error,statistic,p.value,non_na_n,significant,slope_dir,trend,mean_value,percent_change
CHL_comp,-0.3002515018314969,0.13500452986976938,-2.22401057298693,0.035812193738591416,26,TRUE,decreasing,Improving,10.723229853479854,-2.8000099404197765
PH_epi,0.005656630036630077,0.008644154403217528,0.6543878987775329,0.5190842769815698,26,FALSE,NA,Stable,7.08057967032967,0.07988936358323195
SECCHI,-0.022072934472934593,0.016113961682659,-1.3698018468474038,0.1834292675138949,26,FALSE,NA,Stable,2.718937728937729,-0.8118219934944352
SPCD_epi,20.985789173789293,5.430625601042036,3.864341001479187,7.418353105588803e-4,26,TRUE,increasing,Worsening,829.8166666666667,2.5289669413472002
TP_epi,-0.16020089540090118,0.12248510348452168,-1.3079214601892026,0.2032898155156616,26,FALSE,NA,Stable,19.781904761904762,-0.8098355407584914
TP_hypo,-1.8827557997557463,0.8961200179803035,-2.1010085278522688,0.04632490804234309,26,TRUE,decreasing,Improving,86.80828754578755,-2.168866421610581
