parameter,estimate,std.error,statistic,p.value,non_na_n,significant,slope_dir,trend,mean_value,percent_change
CHL_comp,-0.014271487253964241,0.007145389611782384,-1.9973000815002846,0.05384592325241693,36,FALSE,NA,Stable,1.2711032407407408,-1.1227638162300233
PH_epi,0.011588181070715428,0.0036199089081304725,3.201235546200588,0.002607841544552032,44,TRUE,increasing,Improving,6.1889962121212125,0.18723845795897978
SECCHI,-0.04385521825888763,0.022256567081835186,-1.9704394706351769,0.05697508955476652,36,FALSE,NA,Stable,10.800740740740741,-0.4060389866915733
SPCD_epi,-0.14875900639344844,0.018486141153485985,-8.047055637968908,1.7960620496246398e-9,37,TRUE,decreasing,Improving,16.934481981981982,-0.8784384816242129
TP_epi,-0.1208112712975096,0.02984614593607255,-4.047801399761136,2.822965797013361e-4,36,TRUE,decreasing,Improving,4.194861111111111,-2.879982628686121
TP_hypo,-0.07539488505543541,0.03376287575165976,-2.2330705953484737,0.032233795272634654,36,TRUE,decreasing,Improving,5.97625,-1.2615751525695111
