parameter,estimate,std.error,statistic,p.value,non_na_n,significant,slope_dir,trend,mean_value,percent_change
CHL_comp,0.024703612565445666,0.04622738372770296,0.5343934822476528,0.5984289035937895,24,FALSE,NA,Stable,4.548216666666667,0.5431494226406467
PH_epi,-0.0031776342904242336,0.00885340054299455,-0.35891681111599627,0.7232407142988302,23,FALSE,NA,Stable,6.503478260869565,-0.04886053528530376
SECCHI,0.0055562827225129575,0.021671481766171844,0.2563868397400519,0.800034450060391,24,FALSE,NA,Stable,3.7459375,0.1483282281808748
SPCD_epi,-0.3423262123918204,0.19910312204626598,-1.7193412583067047,0.10025927296389629,23,FALSE,NA,Stable,17.746956521739133,-1.9289291207339576
TP_epi,-0.08328616568210245,0.10217148681045533,-0.8151605529301124,0.4241295061166649,23,FALSE,NA,Stable,6.797391304347826,-1.2252666052759091
TP_hypo,0.21957480423135095,0.07579499838423479,2.8969563811881036,0.008623944760707975,23,TRUE,increasing,Worsening,10.216521739130435,2.1492129105971025
