parameter,estimate,std.error,statistic,p.value,non_na_n,significant,slope_dir,trend,mean_value,percent_change
CHL_comp,0.2892528618152027,0.17893631923460276,1.6165128636404122,0.1243876997684129,19,FALSE,NA,Stable,8.8431,3.2709441464554594
PH_epi,0.016414009266830086,0.008181212148247774,2.006305296745738,0.06100242884765278,19,FALSE,NA,Stable,6.553245614035088,0.2504714493178189
SECCHI,-0.03039554374488797,0.019386736539171088,-1.567852520380286,0.13534000637548402,19,FALSE,NA,Stable,2.6805263157894736,-1.1339393896581023
SPCD_epi,1.3004772417552248,0.44678842332436247,2.910722780323911,0.009738655929815607,19,TRUE,increasing,Worsening,95.34333333333333,1.3639938905938798
TP_epi,0.1945876260561434,0.0761570890893258,2.555082243596636,0.020494328960003017,19,TRUE,increasing,Worsening,11.838070175438597,1.6437444885220407
TP_hypo,0.8737245843553947,0.4411015934660575,1.980778571870263,0.06403248208949586,19,FALSE,NA,Stable,17.394122807017546,5.023102309033349
