parameter,estimate,std.error,statistic,p.value,non_na_n,significant,slope_dir,trend,mean_value,percent_change
CHL_comp,0.014801947565545755,0.0454551471508857,0.32563853586067065,0.7486717350453808,19,FALSE,NA,Stable,3.0572894736842104,0.4841526356255874
PH_epi,-0.02342434456928794,0.009110277863950116,-2.571199794243312,0.01982486429743145,19,TRUE,decreasing,Worsening,6.460789473684211,-0.3625616445900133
SECCHI,-0.022896067415730456,0.029443456536557333,-0.7776283802583585,0.44747569191516534,19,FALSE,NA,Stable,5.1375,-0.44566554580497236
SPCD_epi,0.8347584269663014,0.4584986319124948,1.820634498917363,0.08631225015206101,19,FALSE,NA,Stable,68.20657894736843,1.2238679022597545
TP_epi,-0.2624194756554159,0.14383299553850368,-1.8244734087121683,0.08570667938922398,19,FALSE,NA,Stable,8.089473684210526,-3.2439622885184787
TP_hypo,-0.02232958801497817,0.08893047775423352,-0.2510903863205117,0.8047540654314026,19,FALSE,NA,Stable,8.626315789473685,-0.2588542844933405
