parameter,estimate,std.error,statistic,p.value,non_na_n,significant,slope_dir,trend,mean_value,percent_change
CHL_comp,0.012529081691456586,0.15131069167774802,0.0828036773378859,0.9354952363440743,13,FALSE,NA,Stable,7.196074358974359,0.1741099531000723
PH_epi,4.0845719552949725e-4,0.01444829139560479,0.02827027669539881,0.9779529669645673,13,FALSE,NA,Stable,6.751025641025641,0.006050298387956395
SECCHI,-0.0057237296923618435,0.017579014588361707,-0.32560014462649534,0.7508365128595131,13,FALSE,NA,Stable,2.1166666666666667,-0.2704124264107957
SPCD_epi,1.6640027652956058,0.6148023040864291,2.7065655971609366,0.020415805795313775,13,TRUE,increasing,Worsening,75.0271794871795,2.2178666140314487
TP_epi,0.007054384145649885,0.1376079976363895,0.05126434703519296,0.9600339557958552,13,FALSE,NA,Stable,18.617948717948718,0.03789023298173055
TP_hypo,0.27118907708262674,0.2271351696950995,1.1939545841652972,0.2576081216218936,13,FALSE,NA,Stable,21.3,1.2731881553174964
