parameter,estimate,std.error,statistic,p.value,non_na_n,significant,slope_dir,trend,mean_value,percent_change
CHL_comp,0.0246920634920636,0.038078333147805156,0.648454421474246,0.5211781822877048,35,FALSE,NA,Stable,5.300433333333333,0.46584990205952215
PH_epi,-0.007152427637721738,0.004134612940104786,-1.7298904979338814,0.092994109387354,35,FALSE,NA,Stable,6.9405809523809525,-0.10305229038886307
SECCHI,0.012359570494864615,0.0067132354163953,1.8410750894687287,0.0746160118587553,35,FALSE,NA,Stable,3.807611904761905,0.32460163493572947
SPCD_epi,0.31554551820728366,0.059748611332246584,5.281219281442653,8.046251637191296e-6,35,TRUE,increasing,Worsening,42.782357142857144,0.7375599178736847
TP_epi,-0.018611577964519066,0.0336538786956128,-0.5530292104768689,0.5839707422527605,35,FALSE,NA,Stable,9.485190476190477,-0.1962172294930445
TP_hypo,-0.14812633053221266,0.07871665246378949,-1.8817661307479046,0.06871289891374475,35,FALSE,NA,Stable,16.917247619047618,-0.8755935591167499
