parameter,estimate,std.error,statistic,p.value,non_na_n,significant,slope_dir,trend,mean_value,percent_change
CHL_comp,-0.04379116246372479,0.042175710053129686,-1.0383029096264196,0.3077092532194067,31,FALSE,NA,Stable,3.584668211143695,-1.2216238682171687
PH_epi,0.013431114264560978,0.0055478292907372466,2.4209674740687865,0.0219674314198114,31,TRUE,increasing,Improving,6.393360215053764,0.21007911040169716
SECCHI,0.0024878557913782084,0.018612342810617414,0.1336669873692102,0.8945892030586229,31,FALSE,NA,Stable,4.484086021505377,0.05548189261862102
SPCD_epi,0.722266277969743,0.28566545180170727,2.528364117587097,0.017159933205955873,31,TRUE,increasing,Worsening,75.89556451612903,0.9516580877611758
TP_epi,0.020937335472197786,0.04332538270110246,0.483257946424672,0.6325412661237111,31,FALSE,NA,Stable,7.975483870967742,0.26252119383519307
TP_hypo,-0.027862866074368164,0.09070086932870444,-0.3071951380464917,0.7608900532019505,31,FALSE,NA,Stable,10.561451612903227,-0.26381663331513355
