parameter,estimate,std.error,statistic,p.value,non_na_n,significant,slope_dir,trend,mean_value,percent_change
CHL_comp,-0.16292356140349698,0.3769810581227572,-0.4321797021176693,0.6710428398421283,19,FALSE,NA,Stable,12.599377368421052,-1.2931080373213273
PH_epi,-0.009110964912280268,0.015563700731932932,-0.5853983618167871,0.5659704676938399,19,FALSE,NA,Stable,7.120407894736842,-0.12795565994210495
SECCHI,0.0032498538011694264,0.0153985158201486,0.21104980760009795,0.8353576068632994,19,FALSE,NA,Stable,2.070912280701754,0.15692860733184572
SPCD_epi,6.167456140350673,2.0307235909240897,3.037073173284083,0.0074419744032434825,19,TRUE,increasing,Worsening,322.8236842105263,1.9104720136731437
TP_epi,-0.10671929824561467,0.25459078231970833,-0.41917974120366785,0.6803336734702544,19,FALSE,NA,Stable,28.629473684210527,-0.37276025197931445
TP_hypo,0.3938811188811352,0.511541026829605,0.7699893033454334,0.4591092991409831,12,FALSE,NA,Stable,34.21083333333333,1.1513344765482723
