parameter,estimate,std.error,statistic,p.value,non_na_n,significant,slope_dir,trend,mean_value,percent_change
CHL_comp,0.04891941391941237,0.16385285066015998,0.29855699014278353,0.7708424223243441,13,FALSE,NA,Stable,6.42474358974359,0.7614220433249186
PH_epi,-0.0059111721611723855,0.008491724826744925,-0.6961097164329894,0.500803933509244,13,FALSE,NA,Stable,7.000192307692308,-0.08444299672562952
SECCHI,-0.006135531135530891,0.01762812404027543,-0.3480535490624461,0.7343693371803572,13,FALSE,NA,Stable,3.1705128205128204,-0.1935185720062311
SPCD_epi,2.311749084249112,0.4215210832588888,5.484302389755644,1.906952349621919e-4,13,TRUE,increasing,Worsening,87.97935897435897,2.62760391891791
TP_epi,-0.3168498168498224,0.31919953578692434,-0.9926387144288629,0.3422197165205406,13,FALSE,NA,Stable,9.76923076923077,-3.2433445819273157
TP_hypo,-0.4761904761904872,0.25548391252238395,-1.8638765607159953,0.0892298515105554,13,FALSE,NA,Stable,11.666666666666668,-4.081632653061319
