parameter,estimate,std.error,statistic,p.value,non_na_n,significant,slope_dir,trend,mean_value,percent_change
CHL_comp,0.06702173865016038,0.02408337922822081,2.7829042600311076,0.0085266605855387,38,TRUE,increasing,Worsening,5.503615864661654,1.2177764636609623
PH_epi,0.001584323594850034,0.0031340714034380013,0.5055161133572352,0.6162776737859625,38,FALSE,NA,Stable,6.61549298245614,0.023948685291505224
SECCHI,0.005990899806689592,0.0056828231577022844,1.0542119014507343,0.2988101863285349,38,FALSE,NA,Stable,3.4558026315789476,0.17335769560289863
SPCD_epi,0.09628372907320341,0.08108814381802579,1.1873958946363212,0.24284739347749756,38,FALSE,NA,Stable,45.19190350877193,0.213055263437873
TP_epi,0.1305810993179407,0.03294434361814494,3.9636879954718487,3.3514509908547644e-4,38,TRUE,increasing,Worsening,14.227280701754387,0.9178219088756614
TP_hypo,1.0013666703140396,0.3266902049818907,3.065187309088584,0.004108579235125985,38,TRUE,increasing,Worsening,52.03236842105263,1.924507187931273
