parameter,estimate,std.error,statistic,p.value,non_na_n,significant,slope_dir,trend,mean_value,percent_change
CHL_comp,-0.05114341463414633,0.022783998848895,-2.244707567505286,0.030688045670124158,40,TRUE,decreasing,Improving,4.199603333333333,-1.2178153643275755
PH_epi,-0.0015185897435898096,0.0024905698808032465,-0.609735850134043,0.5456657803690749,40,FALSE,NA,Stable,6.8250875,-0.02225011391560635
SECCHI,-0.3626909943714813,0.36153632788545326,-1.003193777213984,0.3221130341819557,40,FALSE,NA,Stable,-0.7247583333333331,50.04302505959202
SPCD_epi,1.1223886804252643,0.5664697606353478,1.9813743970488422,0.054818736289299806,40,FALSE,NA,Stable,123.54708333333333,0.9084703986066832
TP_epi,0.015904784240150224,0.13482375967243754,0.11796722090224941,0.9067149958124447,40,FALSE,NA,Stable,11.803291666666667,0.13474871831784405
TP_hypo,0.14433520950594,0.1025629768477367,1.4072837386556911,0.16747062832558823,40,FALSE,NA,Stable,15.265666666666668,0.9454890681001376
