parameter,estimate,std.error,statistic,p.value,non_na_n,significant,slope_dir,trend,mean_value,percent_change
CHL_comp,-0.03176847902209171,0.03436568267600317,-0.924424499917616,0.3644672814516683,26,FALSE,NA,Stable,4.293965384615385,-0.7398401285653878
PH_epi,4.3961291144082026e-4,0.0037952225978033958,0.11583323510332702,0.9087484775392927,26,FALSE,NA,Stable,6.552884615384616,0.006708692999243625
SECCHI,0.0035008276564587686,0.006050218303659425,0.5786283206246163,0.5682309681193163,26,FALSE,NA,Stable,2.702019230769231,0.12956338787648553
SPCD_epi,-0.06155832855839214,0.04531735549116606,-1.3583830718099164,0.18697467434073217,26,FALSE,NA,Stable,23.205000000000002,-0.2652804505856158
TP_epi,-0.054395492455595044,0.0720470000807815,-0.7550001026358488,0.457594517633954,26,FALSE,NA,Stable,10.95423076923077,-0.4965706273815775
TP_hypo,NA,NA,NA,NA,3,FALSE,NA,Stable,10,NA
