parameter,estimate,std.error,statistic,p.value,non_na_n,significant,slope_dir,trend,mean_value,percent_change
CHL_comp,0.00827431885326607,0.0065086299608598155,1.2712842645878426,0.2117803431492214,38,FALSE,NA,Stable,1.6373859649122808,0.5053371062521198
PH_epi,0.006185231790494943,0.0025106207714691827,2.46362647070566,0.018665711939937456,38,TRUE,increasing,Improving,6.515934210526316,0.09492471210809446
SECCHI,-0.06286031476820908,0.01307057229413745,-4.809300874790605,2.6869073979738083e-5,38,TRUE,decreasing,Worsening,7.184353070175439,-0.8749613800185081
SPCD_epi,0.11513602874129542,0.03858268287471969,2.9841374461996093,0.0050836338594480454,38,TRUE,increasing,Worsening,22.772065789473686,0.505602038065939
TP_epi,-0.038742750848017295,0.020921642483291984,-1.8518025474795892,0.07226959515694402,38,FALSE,NA,Stable,4.526929824561403,-0.855828394728229
TP_hypo,-0.08429259218732614,0.029593251275749594,-2.8483721305877707,0.007219707261094504,38,TRUE,decreasing,Improving,6.694649122807018,-1.2591039596109985
