parameter,estimate,std.error,statistic,p.value,non_na_n,significant,slope_dir,trend,mean_value,percent_change
CHL_comp,-0.038039860913544096,0.022806134104348705,-1.6679662032808358,0.10424647214443701,37,FALSE,NA,Stable,3.5522274774774774,-1.0708734492577352
PH_epi,0.005124901217006484,0.0030215764683682446,1.6961017768893691,0.0987454003923883,37,FALSE,NA,Stable,6.551247747747748,0.0782278645891292
SECCHI,-0.024323494547178852,0.009478899753609247,-2.566067284118843,0.01472464295474224,37,TRUE,decreasing,Worsening,5.809873873873874,-0.41865787580274216
SPCD_epi,0.14998340445709077,0.067091817987134,2.23549471391359,0.031863108102846496,37,TRUE,increasing,Worsening,48.630765765765766,0.30841259045662295
TP_epi,-0.02823613086771081,0.024470214016403473,-1.1538979940585268,0.2563607707536953,37,FALSE,NA,Stable,5.990022522522523,-0.4713860550864839
TP_hypo,-0.006236367946893434,0.040510792126430537,-0.15394337211255438,0.8785386154444393,37,FALSE,NA,Stable,13.974121621621622,-0.04462797817105113
