parameter,estimate,std.error,statistic,p.value,non_na_n,significant,slope_dir,trend,mean_value,percent_change
CHL_comp,-0.0663966617315192,0.1130897020788936,-0.5871150114552391,0.565859537706858,17,FALSE,NA,Stable,4.379333333333333,-1.516136285542378
PH_epi,0.02575701494641711,0.010639787679746378,2.420820388685715,0.02863434341814607,17,TRUE,increasing,Improving,6.592254901960785,0.39071630768943727
SECCHI,-0.013272260998307311,0.021861766493308735,-0.6070992022703002,0.5528646326626299,17,FALSE,NA,Stable,4.3525,-0.3049341986974684
SPCD_epi,0.8334211082909594,0.3939992045002513,2.1152862715752714,0.051549364939511476,17,FALSE,NA,Stable,52.5364705882353,1.5863667638107208
TP_epi,0.10744165961646981,0.07083909372051762,1.516700087106715,0.1501322415214444,17,FALSE,NA,Stable,7.984019607843138,1.34570886462909
TP_hypo,0.8057751692047274,0.23233218594894348,3.468202935007041,0.0034408782780351002,17,TRUE,increasing,Worsening,17.111176470588237,4.709057676950175
