parameter,estimate,std.error,statistic,p.value,non_na_n,significant,slope_dir,trend,mean_value,percent_change
CHL_comp,-0.17057509881422936,0.06858443553399941,-2.4870817625913104,0.02136578641586993,23,TRUE,decreasing,Improving,5.010173913043478,-3.4045744074902156
PH_epi,0.017366600790513876,0.007943036786619636,2.1863930958709155,0.040249933919523605,23,TRUE,increasing,Improving,6.505434782608695,0.2669552669552676
SECCHI,0.019167490118577022,0.011351301814351147,1.6885719745680692,0.10609723912157976,23,FALSE,NA,Stable,3.1256521739130436,0.6132317050038552
SPCD_epi,0.1359041501976285,0.1109563657160794,1.2248432013841073,0.2341964566531332,23,FALSE,NA,Stable,22.809565217391306,0.5958208712106773
TP_epi,0.07033596837944646,0.05733045022868232,1.226851840494661,0.23345599145980933,23,FALSE,NA,Stable,8.564782608695651,0.8212230431632411
TP_hypo,2.557762642283868,1.1297647443105758,2.263978102666595,0.0348472546626139,22,TRUE,increasing,Worsening,21.256818181818183,12.032669331817619
