parameter,estimate,std.error,statistic,p.value,non_na_n,significant,slope_dir,trend,mean_value,percent_change
CHL_comp,0.0071715714878716336,0.027159099076567106,0.26405778290559245,0.7934285900830218,34,FALSE,NA,Stable,5.842323529411765,0.12275204294606576
PH_epi,0.0018939986953682832,0.004315067313067932,0.438926801821241,0.663664085219456,34,FALSE,NA,Stable,6.444117647058824,0.029391125350306538
SECCHI,-0.014358064994367016,0.009755790503877268,-1.4717479827657896,0.15085611155190887,34,FALSE,NA,Stable,3.3285637254901963,-0.4313591740609536
SPCD_epi,-0.05716758583881667,0.05419990955668017,-1.0547542663153897,0.2994366484225538,34,FALSE,NA,Stable,22.812892156862745,-0.25059332874468127
TP_epi,0.031971060902570445,0.0671893962491008,0.47583491871305983,0.6374245380433607,34,FALSE,NA,Stable,10.136372549019608,0.31540929211074326
TP_hypo,-0.16440704500977738,0.08930108121871673,-1.8410420430085352,0.07490328016137796,34,FALSE,NA,Stable,16.34294117647059,-1.0059819908455585
