parameter,estimate,std.error,statistic,p.value,non_na_n,significant,slope_dir,trend,mean_value,percent_change
CHL_comp,-0.13188017621146042,0.0814840672932454,-1.6184780729814232,0.11862806666450217,26,FALSE,NA,Stable,3.290770512820513,-4.0075774259453345
PH_epi,0.0038700522108012364,0.006710872031626186,0.5766839529293545,0.5695228935843917,26,FALSE,NA,Stable,6.550429487179487,0.05908089260980077
SECCHI,0.029181045031815765,0.021163687586716076,1.3788261101591759,0.1806649690563802,26,FALSE,NA,Stable,5.142964743589744,0.5673973376579605
SPCD_epi,0.7945366291401742,0.09729225610883996,8.166494034749624,2.187546702777243e-8,26,TRUE,increasing,Worsening,34.83602564102564,2.280790114600402
TP_epi,-0.02842160221895599,0.08819202451306797,-0.3222695291992597,0.7500390095817108,26,FALSE,NA,Stable,6.468461538461539,-0.4393873574104267
TP_hypo,0.42843024963290166,0.2885676547829123,1.4846786967694183,0.15064576044553973,26,FALSE,NA,Stable,13.740576923076924,3.1179931674729375
