parameter,estimate,std.error,statistic,p.value,non_na_n,significant,slope_dir,trend,mean_value,percent_change
CHL_comp,0.17233674563375012,0.06138944845479822,2.80726981544139,0.01088067443664499,22,TRUE,increasing,Worsening,4.7588954545454545,3.6213601933436648
PH_epi,0.017579975791111417,0.006625341475965583,2.6534444835613997,0.01525158174027174,22,TRUE,increasing,Improving,6.227954545454546,0.2822752745352342
SECCHI,-0.021073969963830805,0.00978067426978011,-2.154654104875388,0.042950715401752285,23,TRUE,decreasing,Worsening,1.9911956521739131,-1.0583575722869336
SPCD_epi,0.2332254020404487,0.24086206411723873,0.96829445888551,0.3444619691624501,22,FALSE,NA,Stable,40.29659090909091,0.5787720419491691
TP_epi,0.34882586892615847,0.10135933819232378,3.4414773729508825,0.002581962108506415,22,TRUE,increasing,Worsening,12.365454545454547,2.820970855894532
TP_hypo,NA,NA,NA,NA,4,FALSE,NA,Stable,16,NA
