parameter,estimate,std.error,statistic,p.value,non_na_n,significant,slope_dir,trend,mean_value,percent_change
CHL_comp,-0.027761117326769565,0.022462121883673095,-1.2359080531455988,0.2271377775806575,29,FALSE,NA,Stable,5.001110344827587,-0.5550990762577671
PH_epi,0.009495580666815781,0.0089007885862861,1.0668246498345224,0.2954977807075615,29,FALSE,NA,Stable,6.3372356321839085,0.1498378980669756
SECCHI,-0.008389753753369783,0.007698616464598858,-1.0897742200756506,0.28544368999485187,29,FALSE,NA,Stable,2.917198275862069,-0.287596281088933
SPCD_epi,-0.18287320589457517,0.10460159757659274,-1.7482831059121193,0.09177879013604968,29,FALSE,NA,Stable,27.493620689655174,-0.6651477735829227
TP_epi,-0.0091765762021972265,0.06929700806402074,-0.1324238442404231,0.8956310147034545,29,FALSE,NA,Stable,11.164080459770116,-0.08219733130072931
TP_hypo,0.05071471193086762,0.09321365576510666,0.5440695519835198,0.5908586830445366,29,FALSE,NA,Stable,15.10057471264368,0.33584623695417565
