parameter,estimate,std.error,statistic,p.value,non_na_n,significant,slope_dir,trend,mean_value,percent_change
CHL_comp,-0.001124848484844779,0.04288567462417313,-0.02622900291769555,0.9797171568050256,10,FALSE,NA,Stable,1.8211733333333333,-0.06176504258306617
PH_epi,0.07119191919191185,0.028851048891515088,2.4675677983010504,0.03885752240567046,10,TRUE,increasing,Improving,6.396,1.113069405752218
SECCHI,-0.01276767676768024,0.07755428154893991,-0.16462890910314623,0.8733197534439159,10,FALSE,NA,Stable,5.523733333333333,-0.23114216413440616
SPCD_epi,-0.017616161616150906,0.2276184490571535,-0.07739338216704747,0.9402112495039835,10,FALSE,NA,Stable,16.727333333333334,-0.10531362809065543
TP_epi,0.18464646464646578,0.09689437626097655,1.9056468679785568,0.09315400736887468,10,FALSE,NA,Stable,5.108,3.614848563948038
TP_hypo,0.17927272727270996,0.16852851334483804,1.063753092664429,0.3184922855157446,10,FALSE,NA,Stable,6.181333333333333,2.900227468820804
