parameter,estimate,std.error,statistic,p.value,non_na_n,significant,slope_dir,trend,mean_value,percent_change
CHL_comp,-0.15334972656733714,0.024579227748289318,-6.238996934230778,3.3350686966852e-7,38,TRUE,decreasing,Improving,5.397071681388787,-2.8413505623085746
PH_epi,-7.641097185628625e-4,0.0032734664091131405,-0.23342525111472823,0.8167534544109395,38,FALSE,NA,Stable,6.808670450163872,-0.011222598070442253
SECCHI,0.03265254131650913,0.007623769434840873,4.282991713690338,1.3095765022726923e-4,38,TRUE,increasing,Improving,3.0484490728569678,1.0711197902974179
SPCD_epi,1.3726980807608442,0.3207150255465843,4.2801177725346635,1.3208099306316457e-4,38,TRUE,increasing,Worsening,146.48317510121458,0.9371028992321879
TP_epi,-0.02358573148046419,0.04961004838319594,-0.475422464785445,0.637358010758438,38,FALSE,NA,Stable,13.539022556390979,-0.1742055704703051
TP_hypo,0.47489890566814835,0.3421434370100142,1.388011150581411,0.17366455013597604,38,FALSE,NA,Stable,22.88639868903027,2.075026797010983
