parameter,estimate,std.error,statistic,p.value,non_na_n,significant,slope_dir,trend,mean_value,percent_change
CHL_comp,-0.008654500750750726,0.02136391281389042,-0.40509904838797745,0.6879423917085388,36,FALSE,NA,Stable,4.289372800925926,-0.2017661124927757
PH_epi,-7.755255255255183e-4,0.0036066000112644136,-0.2150295356023226,0.8310289227912924,36,FALSE,NA,Stable,6.456310185185186,-0.012011900037037547
SECCHI,0.001570624195624208,0.00767006564693213,0.20477324027238616,0.8389702596725671,36,FALSE,NA,Stable,3.717673611111111,0.04224750098906051
SPCD_epi,-0.12862012012012017,0.04685978638031231,-2.7447867362485177,0.009601453006053256,36,TRUE,decreasing,Improving,33.307314814814816,-0.38616178108392873
TP_epi,0.00403474903474908,0.02713547825486587,0.1486890703326955,0.8826773904012328,36,FALSE,NA,Stable,8.84851851851852,0.045598017637698364
TP_hypo,0.034316816816816836,0.03125135871823763,1.0980903942838898,0.27988080428569967,36,FALSE,NA,Stable,9.633657407407409,0.3562179488594884
