parameter,estimate,std.error,statistic,p.value,non_na_n,significant,slope_dir,trend,mean_value,percent_change
CHL_comp,-0.4053188811188984,0.10132014222631691,-4.000378130278826,0.0025167971252402126,12,TRUE,decreasing,Improving,4.595566666666667,-8.819780247315858
PH_epi,0.0644055944055944,0.021372342466640055,3.013501889468815,0.013039379060806525,12,TRUE,increasing,Improving,5.761666666666667,1.1178292346935679
SECCHI,0.11024475524476013,0.05456091803101349,2.0205810170220166,0.07091147346738605,12,FALSE,NA,Stable,2.5741666666666667,4.2827357168569815
SPCD_epi,1.9666783216784403,0.516389641111416,3.808516215479447,0.003437541551664458,12,TRUE,increasing,Worsening,45.13583333333334,4.357243849148179
TP_epi,-0.41150349650351625,0.2944474123028369,-1.397544958147868,0.19248038233233217,12,FALSE,NA,Stable,12.479166666666668,-3.297523845103302
TP_hypo,-0.8402097902098178,0.25879683111393803,-3.246599993490286,0.008770836644621026,12,TRUE,decreasing,Improving,13.98,-6.01008433626479
