parameter,estimate,std.error,statistic,p.value,non_na_n,significant,slope_dir,trend,mean_value,percent_change
CHL_comp,-0.026475978407558092,0.019823434411536483,-1.3355898810425142,0.18984163929511894,39,FALSE,NA,Stable,3.327000854700855,-0.7957911513653236
PH_epi,0.0012276653171391584,0.002374010336192591,0.5171271996684198,0.6081451573063172,39,FALSE,NA,Stable,6.540649572649572,0.018769776663663078
SECCHI,0.00799139676113373,0.007380617109765431,1.0827545505050202,0.2859234170177328,39,FALSE,NA,Stable,4.941196581196581,0.1617299904955107
SPCD_epi,1.8597962213225663,0.19229908898770312,9.671373021644913,1.1317011967733366e-11,39,TRUE,increasing,Worsening,75.76867521367521,2.454571385968879
TP_epi,-0.018989203778674954,0.02760813904186028,-0.6878117989004242,0.4958608731916858,39,FALSE,NA,Stable,8.155982905982906,-0.232825448478383
TP_hypo,-0.09485020242914637,0.08668607180412471,-1.0941804197042089,0.2809481429338443,39,FALSE,NA,Stable,14.667094017094017,-0.646687082789553
