parameter,estimate,std.error,statistic,p.value,non_na_n,significant,slope_dir,trend,mean_value,percent_change
CHL_comp,0.01892017041196324,0.017395760153240077,1.08763113800688,0.2854192439029356,32,FALSE,NA,Stable,3.294133823121323,0.5743594956332292
PH_epi,0.02183741830065153,0.009212868981267521,2.3703168193375417,0.03160355127304351,17,TRUE,increasing,Improving,6.860509803921569,0.3183060577826
SECCHI,-0.009177290500660245,0.00969271353102916,-0.9468236599875878,0.3512932739758503,32,FALSE,NA,Stable,4.918875375839439,-0.18657294197241336
SPCD_epi,0.23810702614378826,0.2085682836302573,1.1416262434507838,0.27150733640132463,17,FALSE,NA,Stable,36.88721568627451,0.645500132536125
TP_epi,-0.019746732026135617,0.05088482847959297,-0.38806718261917533,0.7034181724071609,17,FALSE,NA,Stable,7.2851960784313725,-0.27105285586750366
TP_hypo,0.0900204248365925,0.056296206466595,1.5990495716617914,0.1306565930729822,17,FALSE,NA,Stable,8.471666666666668,1.0626058410772279
