parameter,estimate,std.error,statistic,p.value,non_na_n,significant,slope_dir,trend,mean_value,percent_change
CHL_comp,-0.026415354357001104,0.04687634031667395,-0.5635114468952078,0.5772748937719758,32,FALSE,NA,Stable,4.950096354166667,-0.5336331349341592
PH_epi,0.004247108243842449,0.0033557717700364777,1.2656129602628734,0.21539298252744324,32,FALSE,NA,Stable,6.495755208333334,0.0653828247467497
SECCHI,-0.007526446545920902,0.00710547454664287,-1.0592461483768074,0.29794207614726154,32,FALSE,NA,Stable,2.916354166666667,-0.2580772469937517
SPCD_epi,2.110039135545213,0.5145165174070464,4.101013406098118,2.890755472923149e-4,32,TRUE,increasing,Worsening,174.5159375,1.2090810534397254
TP_epi,0.1526339691189776,0.06264871456543822,2.436346382806425,0.020986196606474352,32,TRUE,increasing,Worsening,11.530416666666667,1.3237506807557773
TP_hypo,0.06873991610196105,0.10873019251351032,0.632206331221383,0.5367700228599586,17,FALSE,NA,Stable,11.770588235294118,0.5839972882225576
