parameter,estimate,std.error,statistic,p.value,non_na_n,significant,slope_dir,trend,mean_value,percent_change
CHL_comp,7.94506048387157e-4,0.020016382874277566,0.03969278832131814,0.9686100564185787,31,FALSE,NA,Stable,3.346520161290323,0.02374125987876368
PH_epi,0.0022983870967741024,0.005098533223902759,0.45079378633817413,0.6554907867967696,31,FALSE,NA,Stable,6.822741935483871,0.03368714687595904
SECCHI,-0.004161962365591372,0.009132049651947137,-0.4557533658069805,0.6519617899428027,31,FALSE,NA,Stable,6.027231182795699,-0.06905264190747148
SPCD_epi,-0.41391801075268775,0.13473793850505164,-3.0720227379549003,0.00459091122126718,31,TRUE,decreasing,Improving,48.45876344086022,-0.8541654416292306
TP_epi,0.008377016129032471,0.032951186930057115,0.25422501917195583,0.8011157125492876,31,FALSE,NA,Stable,7.024784946236559,0.11924943173556299
TP_hypo,0.028884408602150437,0.04904051079658382,0.5889907778889313,0.5604278981276529,31,FALSE,NA,Stable,10.480483870967742,0.27560186111410256
