parameter,estimate,std.error,statistic,p.value,non_na_n,significant,slope_dir,trend,mean_value,percent_change
CHL_comp,0.0027570904177723686,0.030246173108705712,0.09115501679711009,0.9281259750645984,26,FALSE,NA,Stable,3.116926282051282,0.08845542589983547
PH_epi,-0.0036955850851397055,0.0051332962944278075,-0.7199243669513608,0.47882428748881867,25,FALSE,NA,Stable,6.700333333333333,-0.055155242303463095
SECCHI,-0.05835642012705617,0.015041614463378363,-3.879664664264321,6.744321208943512e-4,27,TRUE,decreasing,Worsening,4.4117901234567904,-1.3227379021677463
SPCD_epi,-0.2587008495806537,0.3268680741489088,-0.7914534028881614,0.4367659748042877,25,FALSE,NA,Stable,79.83953333333334,-0.3240260041357795
TP_epi,0.03128961986711673,0.04791521463589473,0.653020551089773,0.5202178578572945,25,FALSE,NA,Stable,5.900133333333334,0.530320555475301
TP_hypo,-0.09105389754202578,0.07022272883771455,-1.296644249648177,0.20761233052206166,25,FALSE,NA,Stable,9.249533333333334,-0.9844161241506862
