parameter,estimate,std.error,statistic,p.value,non_na_n,significant,slope_dir,trend,mean_value,percent_change
CHL_comp,-0.06481212604349584,0.019589418903968453,-3.308527239180439,0.0021788351094228285,37,TRUE,decreasing,Improving,4.837650900900901,-1.3397437593404287
PH_epi,0.0023842050552577375,0.0032978685706511893,0.7229533270293298,0.4743796272272771,38,FALSE,NA,Stable,6.159712719298246,0.03870643265209553
SECCHI,0.005321321939975849,0.00725018539898868,0.7339566710553518,0.467863711259621,37,FALSE,NA,Stable,2.9979481981981984,0.1774987954486347
SPCD_epi,-0.10075240726556911,0.058768973887496356,-1.7143809156587149,0.09505733780814157,38,FALSE,NA,Stable,30.84362061403509,-0.3266555782355937
TP_epi,-0.08855928803297143,0.03444321527593115,-2.5711678576900012,0.014413604655709488,38,TRUE,decreasing,Improving,10.67,-0.8299839553230687
TP_hypo,-0.2055494766021159,0.09832306280792281,-2.0905520101999184,0.04369077139376492,38,TRUE,decreasing,Improving,17.612368421052633,-1.1670745903567177
