parameter,estimate,std.error,statistic,p.value,non_na_n,significant,slope_dir,trend,mean_value,percent_change
CHL_comp,0.2734855600539722,0.189017042998442,1.4468830731640767,0.17853850159349816,12,FALSE,NA,Stable,7.0141638888888895,3.8990471906024267
PH_epi,0.028982793522269595,0.021537077096502478,1.3457161987397197,0.2081101697267133,12,FALSE,NA,Stable,6.501875,0.4457605463388576
SECCHI,-0.0440789473684237,0.021209941226363948,-2.078221099152957,0.06438972203926752,12,FALSE,NA,Stable,1.86875,-2.3587396585109675
SPCD_epi,3.0718387314441133,0.5545677978241768,5.539158139899833,2.4782446592619075e-4,12,TRUE,increasing,Worsening,73.58277777777778,4.174670791474004
TP_epi,-0.044466936572233134,0.314045776976685,-0.14159380520991496,0.8902127671972135,12,FALSE,NA,Stable,20.719444444444445,-0.2146145215981221
TP_hypo,NA,NA,NA,NA,0,FALSE,NA,Stable,NA,NA
