parameter,estimate,std.error,statistic,p.value,non_na_n,significant,slope_dir,trend,mean_value,percent_change
CHL_comp,-0.04764294372294401,0.03769228268212298,-1.2639973048260227,0.22151891005605231,21,FALSE,NA,Stable,3.7700095238095237,-1.263735367830098
PH_epi,-0.004160173160173001,0.007252062745645688,-0.5736537735654409,0.572930595994477,21,FALSE,NA,Stable,7.016349206349206,-0.05929256138517727
SECCHI,-0.02621861471861465,0.016889568366862926,-1.5523555220070142,0.13707546659425096,21,FALSE,NA,Stable,3.328531746031746,-0.7876930947067672
SPCD_epi,0.4065641560548754,0.19984490089517953,2.034398447164394,0.055387655807010515,22,FALSE,NA,Stable,64.738,0.6280146993340471
TP_epi,0.13030303030302925,0.10412522835377414,1.251406910343705,0.2259751538939727,21,FALSE,NA,Stable,10.507936507936508,1.2400439439714264
TP_hypo,-0.26796536796536874,0.1716404125405664,-1.5612020735619965,0.13497834393271774,21,FALSE,NA,Stable,14.222222222222223,-1.8841314935064988
