parameter,estimate,std.error,statistic,p.value,non_na_n,significant,slope_dir,trend,mean_value,percent_change
CHL_comp,-0.020269455465585257,0.014438027074644538,-1.4038937148955504,0.16868874451269467,39,FALSE,NA,Stable,3.742507948717949,-0.5416008661392118
PH_epi,-0.00491474358974374,0.0039795176130862945,-1.2350098850127054,0.2246121771471851,39,FALSE,NA,Stable,6.7617692307692305,-0.07268428457125312
SECCHI,0.013282186234817937,0.008072873898653183,1.6452859788920817,0.10838124281634168,39,FALSE,NA,Stable,4.51373717948718,0.2942614004018499
SPCD_epi,0.13622935222672314,0.054629418509863935,2.49369947443474,0.017239073407726062,39,TRUE,increasing,Worsening,41.331914529914535,0.3295984562440854
TP_epi,0.019243758434552453,0.04286655183786281,0.44892247240551286,0.6561060119677196,39,FALSE,NA,Stable,8.398482905982906,0.22913374534397868
TP_hypo,0.10789811066127472,0.029975053526189177,3.599596930394277,9.290998744298418e-4,39,TRUE,increasing,Worsening,12.955149572649573,0.8328588570607103
