parameter,estimate,std.error,statistic,p.value,non_na_n,significant,slope_dir,trend,mean_value,percent_change
CHL_comp,0.046745930284231525,0.04883129778878398,0.9572944484585982,0.3458253466451996,33,FALSE,NA,Stable,6.285539393939394,0.7437059471666762
PH_epi,-0.010489361323924312,0.005412835934810718,-1.9378679587285728,0.06179432845581629,33,FALSE,NA,Stable,6.984090909090909,-0.1501893583640318
SECCHI,-0.019572675400395166,0.009537713846249012,-2.0521348947885136,0.04868312857469858,33,TRUE,decreasing,Worsening,2.4766666666666666,-0.7902829905946904
SPCD_epi,0.5501308281636055,0.26227826152736833,2.0975082912321357,0.044197987134964624,33,TRUE,increasing,Worsening,93.8648484848485,0.5860882290268723
TP_epi,0.1109481931137461,0.06885958341257839,1.611223705043204,0.11726756178711312,33,FALSE,NA,Stable,11.728636363636364,0.9459598684270876
TP_hypo,0.08919267293415321,0.0934060820181636,0.9548914910788031,0.3472642328985277,32,FALSE,NA,Stable,14.893125000000001,0.5988848742903401
