parameter,estimate,std.error,statistic,p.value,non_na_n,significant,slope_dir,trend,mean_value,percent_change
CHL_comp,0.06355614718613826,0.026802251747836472,2.371298791761727,0.029087793179929444,20,TRUE,increasing,Worsening,3.1273316666666666,2.0322803578387623
PH_epi,0.01755151515151476,0.01135846029984293,1.5452371790001738,0.13968884805955212,20,FALSE,NA,Stable,5.767475,0.30431887700449084
SECCHI,0.021034632034630952,0.021822770649245316,0.9638845760109008,0.3478756092884656,20,FALSE,NA,Stable,4.0825000000000005,0.5152389965616889
SPCD_epi,-0.2365281385281288,0.042235303758128284,-5.600247126969186,2.5815377834978443e-5,20,TRUE,decreasing,Improving,13.705,-1.7258528896616474
TP_epi,0.08409956709957284,0.09489426641124195,0.8862449785439273,0.3871729443652274,20,FALSE,NA,Stable,8.173583333333333,1.0289191859903082
TP_hypo,0.5452589184997206,0.47772745175662945,1.1413598203217636,0.2716147025985539,17,FALSE,NA,Stable,12.453823529411764,4.378245100486621
