parameter,estimate,std.error,statistic,p.value,non_na_n,significant,slope_dir,trend,mean_value,percent_change
CHL_comp,-0.0020298697551081857,0.02170615624744526,-0.09351585476341968,0.9262106734513073,28,FALSE,NA,Stable,3.518352976190476,-0.0576937495710292
PH_epi,0.002412127593199175,0.004907968506063793,0.49147169347541503,0.6272163472860005,28,FALSE,NA,Stable,6.7001904761904765,0.03600088089690604
SECCHI,-0.0022041413196065567,0.007852253237159223,-0.28070176203384495,0.7811607498980799,28,FALSE,NA,Stable,3.136264880952381,-0.07027918250760858
SPCD_epi,2.1196539541413046,0.4865482854520988,4.356513048179237,1.836103635437824e-4,28,TRUE,increasing,Worsening,111.33827380952381,1.9037963151535682
TP_epi,0.2188792700046784,0.10138776114314303,2.1588332510435504,0.04027183823126401,28,TRUE,increasing,Worsening,14.963988095238095,1.4627067905402245
TP_hypo,0.28246073018319157,0.08934920631239228,3.1613121351702,0.006455250301195485,17,TRUE,increasing,Worsening,15.705882352941178,1.798439106035302
