parameter,estimate,std.error,statistic,p.value,non_na_n,significant,slope_dir,trend,mean_value,percent_change
CHL_comp,-0.0021551260504201527,0.010880691777511407,-0.19806884474702632,0.8442063228745078,35,FALSE,NA,Stable,1.8563571428571428,-0.11609436571581107
PH_epi,0.012352474323062593,0.0035362001289930274,3.4931491070840774,0.001381005424222526,35,TRUE,increasing,Improving,6.407542857142857,0.19278020605500246
SECCHI,0.012971521942110355,0.01592159129281579,0.8147126567658737,0.42107768332949236,35,FALSE,NA,Stable,8.534130952380952,0.15199581556094363
SPCD_epi,-0.0829000933706815,0.024127917969571817,-3.435857726109165,0.0016137036880840513,35,TRUE,decreasing,Improving,24.25042857142857,-0.3418500136049263
TP_epi,-0.08183006535947736,0.040343815762477614,-2.0283174462536753,0.050662173825888286,35,FALSE,NA,Stable,4.173238095238095,-1.9608290610796966
TP_hypo,-0.05854154995331499,0.04653914650518146,-1.2578990881750964,0.21725668745903542,35,FALSE,NA,Stable,8.173857142857143,-0.7162047113151772
