parameter,estimate,std.error,statistic,p.value,non_na_n,significant,slope_dir,trend,mean_value,percent_change
CHL_comp,0.003260212569316811,0.09988318845652996,0.03264025327681328,0.9742850199282189,22,FALSE,NA,Stable,6.663517424242425,0.0489263006570057
PH_epi,0.0029420825631546067,0.009520139037030978,0.30903777263237814,0.7604891059343257,22,FALSE,NA,Stable,6.627651515151515,0.044391026843048305
SECCHI,-0.019457409118913697,0.013896719989954521,-1.4001440003812995,0.1767925527882163,22,FALSE,NA,Stable,2.2923295454545456,-0.8488050576103137
SPCD_epi,-0.03949014171289579,0.23779255911601446,-0.16606971159946726,0.869769438199388,22,FALSE,NA,Stable,61.6725,-0.06403201056045367
TP_epi,0.018838570548364703,0.0990220411035903,0.19024623546849576,0.8510339238831873,22,FALSE,NA,Stable,16.458333333333332,0.11446220080019061
TP_hypo,0.6148644485520419,0.22541126087600108,2.727745038834947,0.012965157340282167,22,TRUE,increasing,Worsening,22.27348484848485,2.7605219961521557
