parameter,estimate,std.error,statistic,p.value,non_na_n,significant,slope_dir,trend,mean_value,percent_change
CHL_comp,-0.019938626106407602,0.02342216665166663,-0.8512716352391271,0.4000945042033919,39,FALSE,NA,Stable,3.6771643162393164,-0.5422283148553746
PH_epi,-0.004727358719968805,0.0024918386056620155,-1.897136800604657,0.06563579559135169,39,FALSE,NA,Stable,6.95574358974359,-0.06796338391397015
SECCHI,0.029753914988815168,0.009893360838421286,3.0074628303523085,0.004716120797139477,39,TRUE,increasing,Improving,5.696030982905983,0.5223622392172349
SPCD_epi,0.2982545903728547,0.09905042628833405,3.011138887021453,0.004736833587562348,38,TRUE,increasing,Worsening,64.51001754385965,0.4623384115034145
TP_epi,-0.047044499562300654,0.022755604757027953,-2.0673807646343128,0.045746086905244704,39,TRUE,decreasing,Improving,6.654145299145299,-0.7069953757749076
TP_hypo,-0.04574360470770405,0.060348718984336566,-0.7579879983794974,0.45325921209660125,39,FALSE,NA,Stable,13.125641025641027,-0.3485056815003824
