parameter,estimate,std.error,statistic,p.value,non_na_n,significant,slope_dir,trend,mean_value,percent_change
CHL_comp,-0.037550766623197264,0.015416167783803038,-2.4358042251362813,0.02009051924757852,37,TRUE,decreasing,Improving,3.288563063063063,-1.1418594049469555
PH_epi,-0.0036173328147521117,0.003292108274720143,-1.098789138416055,0.27936128412877465,37,FALSE,NA,Stable,6.672702702702703,-0.054210909370905315
SECCHI,-0.0010212713628773389,0.008061797542323073,-0.12668035354594767,0.8999183747137046,37,FALSE,NA,Stable,3.3880855855855856,-0.030143021393033247
SPCD_epi,0.44238032594354987,0.07635790874110322,5.793510236686432,1.444842582387594e-6,37,TRUE,increasing,Worsening,45.97752252252253,0.9621665145764338
TP_epi,-0.08710576387776724,0.03468240182580607,-2.511526286883471,0.01678728997457792,37,TRUE,decreasing,Improving,10.643603603603603,-0.8183860196397755
TP_hypo,-0.08651506673298753,0.050701269276444874,-1.7063688536330444,0.10140814052857192,25,FALSE,NA,Stable,11.692666666666668,-0.7399087752978009
