parameter,estimate,std.error,statistic,p.value,non_na_n,significant,slope_dir,trend,mean_value,percent_change
CHL_comp,0.006360697167752484,0.07342684264991658,0.08662631999688346,0.9319806974106499,19,FALSE,NA,Stable,4.266836842105263,0.14907289411643185
PH_epi,-0.0071190994916486595,0.018548083948455734,-0.3838185934154874,0.7058709855266261,19,FALSE,NA,Stable,6.558947368421053,-0.10854027470817247
SECCHI,0.004217138707335418,0.02643111502554707,0.1595520545863968,0.875114274092712,19,FALSE,NA,Stable,3.867368421052632,0.10904414186087771
SPCD_epi,-0.05446405228758595,0.09991392328347863,-0.5451097354375625,0.5927584278932663,19,FALSE,NA,Stable,20.87421052631579,-0.2609155072903187
TP_epi,-0.0021154684095859135,0.07893421531996657,-0.026800398293828374,0.9789310326494939,19,FALSE,NA,Stable,8.016315789473683,-0.02638953435896025
TP_hypo,0.042222222222228045,0.20574575606210743,0.20521551953413142,0.8399918138333545,18,FALSE,NA,Stable,18.63888888888889,0.2265275707898971
