parameter,estimate,std.error,statistic,p.value,non_na_n,significant,slope_dir,trend,mean_value,percent_change
CHL_comp,-0.004338543914607397,0.02325971606489268,-0.18652609096788708,0.8530793872959744,38,FALSE,NA,Stable,5.307602192982456,-0.08174207027692623
PH_epi,0.003476554481601433,0.0029202972359697404,1.1904796671996907,0.24164909981883978,38,FALSE,NA,Stable,6.248662280701755,0.05563677992869538
SECCHI,-0.015561065891991813,0.0070834951294156435,-2.196806182215238,0.03455618822102808,38,TRUE,decreasing,Worsening,2.7997697368421055,-0.5557980603627543
SPCD_epi,0.8953382375253248,0.11816722800527915,7.57687433850378,5.834669615855263e-9,38,TRUE,increasing,Worsening,78.21401315789474,1.1447286763279343
TP_epi,0.017077449641668192,0.03286234326026021,0.5196662181518753,0.6064770383440354,38,FALSE,NA,Stable,11.063552631578947,0.1543577385163211
TP_hypo,0.011190312993654014,0.1366442121618985,0.08189379423107604,0.9351848036202564,38,FALSE,NA,Stable,14.801271929824562,0.075603725454874815
