parameter,estimate,std.error,statistic,p.value,non_na_n,significant,slope_dir,trend,mean_value,percent_change
CHL_comp,-0.03092785312248787,0.023804527608998996,-1.299242464731625,0.20168858182450122,40,FALSE,NA,Stable,4.234849047619048,-0.7303177226559323
PH_epi,-0.0035849236129724517,0.002775927955530493,-1.2914325120831012,0.2043542952465868,40,FALSE,NA,Stable,6.69482261904762,-0.05354770121575573
SECCHI,0.006873190833556776,0.006992039688533659,0.9830022625340951,0.33182395326574377,40,FALSE,NA,Stable,4.011839285714286,0.17132268628086486
SPCD_epi,0.37535492718663377,0.07392901453132686,5.077234284349617,1.042799376862166e-5,40,TRUE,increasing,Worsening,31.62817380952381,1.1867739485913906
TP_epi,-0.07786453587063345,0.049604480829610144,-1.5697077072149133,0.1247736515149227,40,FALSE,NA,Stable,10.834839285714287,-0.7186496616825474
TP_hypo,-0.0034992182614145295,0.06465107143150291,-0.05412467549160283,0.9571193932707699,40,FALSE,NA,Stable,12.328375000000001,-0.028383450871785853
