parameter,estimate,std.error,statistic,p.value,non_na_n,significant,slope_dir,trend,mean_value,percent_change
CHL_comp,-0.10873820728623372,0.03441339543312141,-3.1597639790457257,0.0032496945737873835,37,TRUE,decreasing,Improving,4.704279954954955,-2.311473983849563
PH_epi,-0.005702149517938989,0.003842472805995593,-1.4839791472412383,0.14676508538230948,37,FALSE,NA,Stable,6.928828828828829,-0.08229600786519668
SECCHI,0.002819958116010729,0.01133441016967795,0.24879619440231124,0.8049726155838515,37,FALSE,NA,Stable,2.7937612612612615,0.10093769124487181
SPCD_epi,2.4591188556978048,0.3130609094589397,7.855081172375935,3.1187845066977323e-9,37,TRUE,increasing,Worsening,168.2218018018018,1.461831242656126
TP_epi,-0.012773826458037037,0.03454480179464686,-0.36977564769286064,0.7137777555091848,37,FALSE,NA,Stable,9.207297297297298,-0.13873589660004412
TP_hypo,-0.04479572605641509,0.09013397887776235,-0.4969904426072883,0.6224908249025122,35,FALSE,NA,Stable,14.148,-0.31662232157488757
