parameter,estimate,std.error,statistic,p.value,non_na_n,significant,slope_dir,trend,mean_value,percent_change
CHL_comp,-0.002951335940372549,0.03143456113142213,-0.09388825019804016,0.9257045208906607,39,FALSE,NA,Stable,4.338214957264958,-0.06803111347514298
PH_epi,-0.0043699154383502,0.0035396084671804116,-1.2345759365388782,0.22477184885797197,39,FALSE,NA,Stable,7.047863247863248,-0.06200340847525751
SECCHI,0.014414415588756278,0.010332550230177064,1.3950491667253444,0.17131943154128035,39,FALSE,NA,Stable,4.926200854700855,0.2926071431902993
SPCD_epi,1.1173036364851843,0.1838269634895085,6.07801823669329,4.923293772521732e-7,39,TRUE,increasing,Worsening,114.8232905982906,0.9730635924675528
TP_epi,0.02258084327684993,0.04120084870476904,0.5480674303254384,0.586937250728528,39,FALSE,NA,Stable,9.112692307692308,0.24779551985738327
TP_hypo,0.08238144657241533,0.058185851405552505,1.4158329659597266,0.16518775623838342,39,FALSE,NA,Stable,11.937008547008547,0.690134770767676
