parameter,estimate,std.error,statistic,p.value,non_na_n,significant,slope_dir,trend,mean_value,percent_change
CHL_comp,-0.1213785056328213,0.028306085895820732,-4.2880709851425385,1.2899518398560002e-4,38,TRUE,decreasing,Improving,5.628911111414901,-2.1563407776448473
PH_epi,-9.443271285388777e-5,0.0026175591738552156,-0.03607662963156802,0.9714205637088988,38,FALSE,NA,Stable,6.889605120756436,-0.001370654938835154
SECCHI,0.029578841529499373,0.007994036806069532,3.7001132527988134,7.160323221357703e-4,38,TRUE,increasing,Improving,3.5306683114035087,0.837768912870244
SPCD_epi,2.71596389149021,0.32974543705343295,8.236547306794444,8.436495300961851e-10,38,TRUE,increasing,Worsening,161.61442754613807,1.6805206891042264
TP_epi,-0.052013484855590084,0.04244795657631468,-1.2253472028053485,0.2284010417013855,38,FALSE,NA,Stable,8.575142857142858,-0.606561146818263
TP_hypo,-0.03497237115658145,0.06994847616372807,-0.49997330999351275,0.620136379444549,38,FALSE,NA,Stable,15.645592105263159,-0.22352858825213004
