parameter,estimate,std.error,statistic,p.value,non_na_n,significant,slope_dir,trend,mean_value,percent_change
CHL_comp,0.41647318221064844,0.18563818695339795,2.24346719306841,0.03296051239280294,30,TRUE,increasing,Worsening,15.533095000000001,2.681198963958235
PH_epi,0.001828546759331408,0.01155287840409402,0.1582762923120027,0.8753750976652015,30,FALSE,NA,Stable,7.382833333333333,0.02476754759010418
SECCHI,-0.040141538922466566,0.013715476327480304,-2.926733127163732,0.006728154698491496,30,TRUE,decreasing,Worsening,2.421902777777778,-1.6574380809496623
SPCD_epi,1.1977162215082084,0.25703856483842236,4.659675182442401,7.030048658538364e-5,30,TRUE,increasing,Worsening,88.41955555555556,1.3545829471577273
TP_epi,-0.024047757222324113,0.10509865852498532,-0.22881126704968544,0.820678604877922,30,FALSE,NA,Stable,16.468333333333334,-0.1460242316910684
TP_hypo,3.0851852113971945,0.8282011163223665,3.7251642754322565,8.735334411335983e-4,30,TRUE,increasing,Worsening,129.50833333333333,2.382229106027047
