parameter,estimate,std.error,statistic,p.value,non_na_n,significant,slope_dir,trend,mean_value,percent_change
CHL_comp,-0.004876330713959455,0.01645316837159062,-0.2963763941283993,0.7692104685789566,29,FALSE,NA,Stable,1.342948275862069,-0.36310636839897853
PH_epi,0.006264748996707852,0.007306887454172767,0.8573758711898898,0.3987838072287304,29,FALSE,NA,Stable,6.237183908045977,0.10044194766529677
SECCHI,-0.02072355157198591,0.008931747099130033,-2.3202125342313398,0.027838090432825025,30,TRUE,decreasing,Worsening,5.240833333333334,-0.3954247398057416
SPCD_epi,-0.12113366015427743,0.03501142746036873,-3.4598320874347377,0.0018109339802844726,29,TRUE,decreasing,Improving,16.401781609195403,-0.7385396479512063
TP_epi,0.11913002293349308,0.049174317166842445,2.4226065514910857,0.022678853025318513,28,TRUE,increasing,Worsening,8.227857142857143,1.447886379953905
TP_hypo,0.21837269262386969,0.10210305302026597,2.1387479234389386,0.04330123977878529,25,TRUE,increasing,Worsening,10.1728,2.1466331061641797
