parameter,estimate,std.error,statistic,p.value,non_na_n,significant,slope_dir,trend,mean_value,percent_change
CHL_comp,0.21788962318840785,0.05650604844243794,3.8560407105863987,8.562535280941548e-4,24,TRUE,increasing,Worsening,3.753922222222222,5.804319063899597
PH_epi,0.03065072463768147,0.007559702558932367,4.0544881757901035,5.281013353406426e-4,24,TRUE,increasing,Improving,6.182222222222222,0.4957881411558829
SECCHI,-0.019032830383703833,0.007629946386369908,-2.4944907106692087,0.02102695710430862,23,TRUE,decreasing,Worsening,2.655253623188406,-0.7167989610291681
SPCD_epi,0.10155362318840702,0.06739159062467275,1.5069183298253717,0.14605729491150382,24,FALSE,NA,Stable,19.27277777777778,0.5269277960829397
TP_epi,0.260635507246378,0.11370313889277105,2.2922454893015143,0.0318258713919415,24,TRUE,increasing,Worsening,9.79326388888889,2.6613753106570157
TP_hypo,NA,NA,NA,NA,7,FALSE,NA,Stable,8.814285714285715,NA
