parameter,estimate,std.error,statistic,p.value,non_na_n,significant,slope_dir,trend,mean_value,percent_change
CHL_comp,0.0425815217391305,0.07208433392267524,0.5907181133810244,0.5610137004969502,23,FALSE,NA,Stable,7.003121739130434,0.6080362918897048
PH_epi,0.010886034255599438,0.0059494983493913935,1.8297398564221856,0.08152289525918868,23,FALSE,NA,Stable,6.625072463768116,0.16431570092454253
SECCHI,-0.025153985507246415,0.009795313791257967,-2.567961174423592,0.017928371589839686,23,TRUE,decreasing,Worsening,2.6292028985507248,-0.9567152661025838
SPCD_epi,0.30430171277997264,0.5882195686686295,0.5173267415579632,0.6103346172486557,23,FALSE,NA,Stable,126.13739130434783,0.24124623922635674
TP_epi,0.03602108036890636,0.11244530552307211,0.3203431232753009,0.7518739265953698,23,FALSE,NA,Stable,11.24,0.3204722452749676
TP_hypo,0.4048748353096179,0.08006858763868577,5.05660018803678,5.2445312188560075e-5,23,TRUE,increasing,Worsening,14.535507246376813,2.7854193764757595
