parameter,estimate,std.error,statistic,p.value,non_na_n,significant,slope_dir,trend,mean_value,percent_change
CHL_comp,-0.01138008793057413,0.025331738458429925,-0.4492422795715014,0.6568423582311764,29,FALSE,NA,Stable,4.598835632183908,-0.24745585275831924
PH_epi,0.004280794815919121,0.0040158479615461885,1.0659753200096058,0.2958746186249044,29,FALSE,NA,Stable,6.425373563218391,0.06662328304807423
SECCHI,2.9569522498679527e-5,0.004828228139053758,0.006124301016247049,0.9951585723368831,29,FALSE,NA,Stable,2.748126436781609,0.0010759884298958617
SPCD_epi,0.7927846943456787,0.1458802875068522,5.4344881539148355,9.499226975265628e-6,29,TRUE,increasing,Worsening,51.312097701149426,1.5450249158843485
TP_epi,0.03217100584929305,0.05537447124545353,0.5809717930613093,0.5660779793026793,29,FALSE,NA,Stable,12.926954022988507,0.24886764346869408
TP_hypo,0.24605164319249379,0.06415227843764529,3.8354310896634947,9.002209668766987e-4,24,TRUE,increasing,Worsening,13.596944444444444,1.8096098296042362
