parameter,estimate,std.error,statistic,p.value,non_na_n,significant,slope_dir,trend,mean_value,percent_change
CHL_comp,-0.016339813497707814,0.02917500895904929,-0.5600619873208179,0.5790044803860277,37,FALSE,NA,Stable,4.78418018018018,-0.34153842209789914
PH_epi,0.0019650703334914157,0.003972558292595271,0.494661170146766,0.6239302369058801,37,FALSE,NA,Stable,6.781144144144144,0.028978448057152002
SECCHI,0.006908092302829331,0.006977858381678839,0.990001792092444,0.3289684344098809,37,FALSE,NA,Stable,3.623434684684685,0.19065038848438579
SPCD_epi,0.40897621305516185,0.08597747998672303,4.756782975243255,3.3373569918488854e-5,37,TRUE,increasing,Worsening,46.733693693693695,0.875120669330594
TP_epi,0.07760154891733875,0.061005060698635726,1.2720510073859197,0.2117420862520276,37,FALSE,NA,Stable,9.707252252252253,0.7994182792492471
TP_hypo,0.05245376955903427,0.10204269395560842,0.5140374829956293,0.6104562406369252,37,FALSE,NA,Stable,19.231081081081083,0.2727551786500271
