parameter,estimate,std.error,statistic,p.value,non_na_n,significant,slope_dir,trend,mean_value,percent_change
CHL_comp,-0.014574618758433485,0.008993471427996,-1.6205776462539032,0.1136010362824825,39,FALSE,NA,Stable,2.0080431623931623,-0.725812025925958
PH_epi,-0.0038274291497975847,0.003685820942429257,-1.038419719671731,0.3058134970831355,39,FALSE,NA,Stable,6.970897435897436,-0.054905830777078994
SECCHI,-0.02104141363023014,0.010323699001074795,-2.038166129024057,0.048729112062040975,39,TRUE,decreasing,Worsening,7.8409882478632476,-0.2683515516805442
SPCD_epi,1.1145973346828772,0.11264487152895668,9.894789878617395,6.116475268785939e-12,39,TRUE,increasing,Worsening,87.05121794871795,1.28039257915896
TP_epi,-0.09202284075573618,0.023435247524336608,-3.926685248797734,3.6158038391193666e-4,39,TRUE,decreasing,Improving,5.8836602564102565,-1.564040694828991
TP_hypo,-0.10337419028340139,0.02814851958401775,-3.6724556676897313,7.548219446582718e-4,39,TRUE,decreasing,Improving,7.83140811965812,-1.3199949319958846
