parameter,estimate,std.error,statistic,p.value,non_na_n,significant,slope_dir,trend,mean_value,percent_change
CHL_comp,-0.013067765567766445,0.13089999368378877,-0.09983014666397814,0.9222753557825485,13,FALSE,NA,Stable,4.296923076923077,-0.3041191413909126
PH_epi,-0.027051282051282453,0.010069019480973924,-2.6865855312324736,0.02115781600218807,13,TRUE,decreasing,Worsening,6.87,-0.3937595640652468
SECCHI,-0.006959706959706605,0.03071636118738304,-0.2265797995162706,0.8249059933497778,13,FALSE,NA,Stable,3.9025641025641025,-0.17833677492020866
SPCD_epi,5.264468864468952,0.5164705771329511,10.193163168545341,6.104478104837295e-7,13,TRUE,increasing,Worsening,82.05641025641026,6.415670449168462
TP_epi,-0.1043956043956068,0.17437695265175845,-0.5986777656568599,0.561513540018777,13,FALSE,NA,Stable,7.82051282051282,-1.334894613583169
TP_hypo,-0.09849531705815402,0.2817367318447257,-0.3496005523072441,0.7338889937120285,12,FALSE,NA,Stable,9.347222222222223,-1.05373890463404
