parameter,estimate,std.error,statistic,p.value,non_na_n,significant,slope_dir,trend,mean_value,percent_change
CHL_comp,-0.016240219780220094,0.208733096068887,-0.07780376033353344,0.9392664261392527,14,FALSE,NA,Stable,6.78245,-0.23944474017825557
PH_epi,-0.022362637362637793,0.017901224823434217,-1.2492238706126526,0.23540172763119926,14,FALSE,NA,Stable,6.778928571428572,-0.3298845404108625
SECCHI,0.02144072550486038,0.03064475917467058,0.6996539076274486,0.49867232338519674,13,FALSE,NA,Stable,2.441346153846154,0.8782337347402439
SPCD_epi,-2.3458241758242795,1.2142997678732088,-1.9318328454701796,0.07733479881572747,14,FALSE,NA,Stable,125.33214285714286,-1.8716860035642386
TP_epi,0.7395604395604489,0.1940517461492033,3.8111506556184898,0.0024790338970139985,14,TRUE,increasing,Worsening,12.464285714285715,5.933436191315923
TP_hypo,0.9692307692307865,0.20846707054707114,4.6493231122175604,5.611018314323655e-4,14,TRUE,increasing,Worsening,15.785714285714286,6.139923424991408
