parameter,estimate,std.error,statistic,p.value,non_na_n,significant,slope_dir,trend,mean_value,percent_change
CHL_comp,0.13578708333333228,0.1005049246134107,1.3510490541198192,0.19972597501115427,15,FALSE,NA,Stable,4.431234444444445,3.064317292071335
PH_epi,0.009794642857142802,0.01751874648073779,0.5590949596714699,0.5856001376960865,15,FALSE,NA,Stable,7.086666666666667,0.13821226985620136
SECCHI,0.05293750000000001,0.01700150677554444,3.113694609477035,0.008227008650030357,15,TRUE,increasing,Improving,3.183866666666667,1.6626795510699781
SPCD_epi,0.1502083333333282,0.21308333880981162,0.7049276314719155,0.4932923744705858,15,FALSE,NA,Stable,40.98111111111111,0.3665306509774025
TP_epi,0.3731547619047583,0.13133068517999497,2.841337204578899,0.013885626916674979,15,TRUE,increasing,Worsening,16.254444444444445,2.2957091100846436
TP_hypo,NA,NA,NA,NA,8,FALSE,NA,Stable,23.875,NA
