parameter,estimate,std.error,statistic,p.value,non_na_n,significant,slope_dir,trend,mean_value,percent_change
CHL_comp,-0.03933625848653233,0.018943567785428002,-2.076496831647048,0.04547633748030253,36,TRUE,decreasing,Improving,3.586526851851852,-1.0967785858405497
PH_epi,-6.496640808568226e-4,0.0031017838473009177,-0.20944853440453032,0.8353480523516401,36,FALSE,NA,Stable,6.677314814814815,-0.00972942116515799
SECCHI,-0.018082850412666857,0.015801082451999605,-1.1444058005265643,0.2604482560785205,36,FALSE,NA,Stable,6.108479166666667,-0.29602868274222954
SPCD_epi,0.13556622152952313,0.04764860876856716,2.8451244439890857,0.007467093732536661,36,TRUE,increasing,Worsening,28.24361111111111,0.47998898227355574
TP_epi,-0.017220360596505783,0.04079382816949692,-0.4221315176637944,0.6755864840577093,36,FALSE,NA,Stable,5.410555555555556,-0.31827342718667634
TP_hypo,-0.16599358860826238,0.08346175575077351,-1.9888580957239685,0.05481284780270144,36,FALSE,NA,Stable,8.543750000000001,-1.942865704266421
