parameter,estimate,std.error,statistic,p.value,non_na_n,significant,slope_dir,trend,mean_value,percent_change
CHL_comp,-0.17534090909092778,0.2626645042452097,-0.6675470276990254,0.5211701955847103,11,FALSE,NA,Stable,6.066136363636364,-2.890487430220232
PH_epi,-0.016060606060608044,0.015599455959161592,-1.0295619348939935,0.33008911737442187,11,FALSE,NA,Stable,6.4783333333333335,-0.2479126224945929
SECCHI,0.12120833333334084,0.05019515053385274,2.4147419032361546,0.038945007011493935,11,TRUE,increasing,Improving,4.673295454545455,2.5936372847012747
SPCD_epi,-0.8859090909091454,0.7606015647713623,-1.1647479205166382,0.27406428654466236,11,FALSE,NA,Stable,15.582121212121212,-5.6854203535524
TP_epi,-0.07369696969696715,0.20745746856929367,-0.35523893261211437,0.7305936097007117,11,FALSE,NA,Stable,10.045909090909092,-0.733601797807012
TP_hypo,0.2648484848484932,0.17248133592870904,1.535519674766213,0.15902943743414952,11,FALSE,NA,Stable,18.286363636363635,1.4483387190322772
