parameter,estimate,std.error,statistic,p.value,non_na_n,significant,slope_dir,trend,mean_value,percent_change
CHL_comp,-0.030880482162425116,0.03958170273047672,-0.7801706352225236,0.44140280760507955,32,FALSE,NA,Stable,4.8753875,-0.6333954411300664
PH_epi,-0.008936543690896508,0.0049591085354011195,-1.8020464015058448,0.0815953069248381,32,FALSE,NA,Stable,7.02703125,-0.1271738145592637
SECCHI,-0.028339522707901996,0.01646872224186504,-1.7208088333568627,0.09558550131678092,32,FALSE,NA,Stable,3.5764062500000002,-0.7924022252198557
SPCD_epi,0.7580492308941105,0.19314548538937368,3.9247576994404665,4.693670585452803e-4,32,TRUE,increasing,Worsening,86.7459375,0.8738728898907924
TP_epi,0.005754900767076883,0.046007496617900205,0.12508615313004914,0.9012898063234871,32,FALSE,NA,Stable,8.2246875,0.06997105685871813
TP_hypo,0.016309103453873642,0.11425957531478712,0.14273730152542383,0.8874520298299866,32,FALSE,NA,Stable,13.350000000000001,0.12216556894287371
