parameter,estimate,std.error,statistic,p.value,non_na_n,significant,slope_dir,trend,mean_value,percent_change
CHL_comp,0.033425035760263205,0.04023204248545597,0.8308063348348889,0.4200266316262239,16,FALSE,NA,Stable,3.1270515625,1.0688994118645334
PH_epi,0.004980331855242599,0.017968416710346713,0.27717143560983787,0.7856990152177855,16,FALSE,NA,Stable,6.83109375,0.07290679995780469
SECCHI,-0.014779243119265418,0.013376364521795393,-1.1048774198089608,0.2892427706184763,15,FALSE,NA,Stable,3.3620833333333335,-0.4395858654881274
SPCD_epi,0.15944857674152318,0.23468633509832115,0.6794114223766913,0.5079553724240558,16,FALSE,NA,Stable,41.4440625,0.3847320149696309
TP_epi,0.08387784294092403,0.09294796253538827,0.9024172305981322,0.38209919185510655,16,FALSE,NA,Stable,7.589375,1.1052009281518442
TP_hypo,NA,NA,NA,NA,0,FALSE,NA,Stable,NA,NA
