parameter,estimate,std.error,statistic,p.value,non_na_n,significant,slope_dir,trend,mean_value,percent_change
CHL_comp,0.04918990883190977,0.02790603017005649,1.7626981886048105,0.09068330589465048,26,FALSE,NA,Stable,3.4268647435897437,1.4354202022103115
PH_epi,0.0037868945868947076,0.006175367147041803,0.6132258207042395,0.545495244411891,26,FALSE,NA,Stable,6.470589743589744,0.058524720882610314
SECCHI,-0.04143287749287792,0.010273655451628522,-4.032924569833633,4.848288601845297e-4,26,TRUE,decreasing,Worsening,4.246391025641025,-0.9757197875252976
SPCD_epi,0.12150398860398676,0.08994313001776291,1.3508979349505723,0.18932778372872688,26,FALSE,NA,Stable,27.94092948717949,0.434860224173065
TP_epi,0.07195954415954413,0.04240338159283826,1.6970237150071485,0.10262527835263167,26,FALSE,NA,Stable,9.776858974358975,0.736019046078776
TP_hypo,0.35888205128205775,0.085788926079221,4.183314416952269,3.312355251787002e-4,26,TRUE,increasing,Worsening,14.236282051282052,2.5208973100511067
