parameter,estimate,std.error,statistic,p.value,non_na_n,significant,slope_dir,trend,mean_value,percent_change
CHL_comp,0.17583708547008867,0.1310467755640776,1.3417887217233366,0.19222269180645732,26,FALSE,NA,Stable,12.717338269230769,1.3826563526702864
PH_epi,4.000000000000021e-4,0.007015560645314966,0.05701611321215283,0.9550044015301966,26,FALSE,NA,Stable,6.9515,0.005754153779759794
SECCHI,-0.033285790598290975,0.007013029640031702,-4.746278328597013,7.915986370203759e-5,26,TRUE,decreasing,Worsening,2.6846274038461537,-1.2398663051194296
SPCD_epi,1.2105230769230755,0.8914208745245088,1.3579703050691723,0.18710383515546217,26,FALSE,NA,Stable,202.7926923076923,0.5969263799143112
TP_epi,0.3296700854700876,0.04906480088370374,6.719075172678085,5.980276721764121e-7,26,TRUE,increasing,Worsening,17.427115384615387,1.8917077106238678
TP_hypo,3.4012439782440196,0.8922653485808234,3.8119198326527046,8.463299289022286e-4,26,TRUE,increasing,Worsening,72.83505244755244,4.6697899760465065
