parameter,estimate,std.error,statistic,p.value,non_na_n,significant,slope_dir,trend,mean_value,percent_change
CHL_comp,-0.011688885521120306,0.012031336801282728,-0.9715367223261582,0.33856791854467183,34,FALSE,NA,Stable,2.3476176470588235,-0.49790414277063155
PH_epi,-0.003261164153469249,0.003152492311873756,-1.0344717229558924,0.3086705626073992,34,FALSE,NA,Stable,6.957269607843138,-0.046874195442891
SECCHI,-0.02677796616234146,0.015681496897252945,-1.7076154360641664,0.09739382886856855,34,FALSE,NA,Stable,7.606323529411765,-0.35204874021986726
SPCD_epi,1.2017925159758378,0.11189233887095255,10.740614845506865,3.836580218165755e-12,34,TRUE,increasing,Worsening,88.23068627450981,1.362102650133234
TP_epi,-0.053035378410919605,0.031180922189337497,-1.7008919136155431,0.09866317833076439,34,FALSE,NA,Stable,6.416387254901961,-0.8265613701916431
TP_hypo,-0.06318533883963987,0.03828669602767585,-1.6503210095215797,0.10866016180150541,34,FALSE,NA,Stable,9.739661764705883,-0.6487426397968753
