parameter,estimate,std.error,statistic,p.value,non_na_n,significant,slope_dir,trend,mean_value,percent_change
CHL_comp,-0.04460853880196104,0.032331103936307004,-1.3797406636606302,0.17641796877604646,37,FALSE,NA,Stable,2.902276126126126,-1.5370191140807552
PH_epi,0.012864035087719331,0.00282800374119053,4.5488041265121675,6.21737347396579e-5,37,TRUE,increasing,Improving,6.376272522522522,0.2017485143911349
SECCHI,0.006443713450292621,0.010669792329783039,0.6039211683910674,0.5497906995619382,37,FALSE,NA,Stable,6.520659588159588,0.09881996388821326
SPCD_epi,0.6265953763914326,0.1275111671113811,4.914043142935873,2.0793564614950628e-5,37,TRUE,increasing,Worsening,71.48919916344917,0.8764895728637521
TP_epi,-0.046632171645331025,0.030139073349692114,-1.5472330918829458,0.13080257304827209,37,FALSE,NA,Stable,5.44913963963964,-0.8557712726997556
TP_hypo,-0.08355361940888506,0.04818385677536008,-1.7340583548225248,0.09170921134451485,37,FALSE,NA,Stable,11.48235842985843,-0.7276694933299972
