parameter,estimate,std.error,statistic,p.value,non_na_n,significant,slope_dir,trend,mean_value,percent_change
CHL_comp,0.025754547908232162,0.010325446280554214,2.4942793956262586,0.01721507400366993,39,TRUE,increasing,Worsening,3.4274324786324786,0.7514239323106386
PH_epi,5.352756892232529e-4,0.002620156242402446,0.20429151535347126,0.8392452948537722,39,FALSE,NA,Stable,6.735083638583639,0.00794757300647003
SECCHI,-0.031290810680546934,0.006431172665793919,-4.8654906821233865,2.1359600718487615e-5,39,TRUE,decreasing,Worsening,3.5671064713064715,-0.8772042811799367
SPCD_epi,1.388148578176233,0.19993065766517867,6.94315016209744,3.3753049028279e-8,39,TRUE,increasing,Worsening,116.0027148962149,1.1966518020015129
TP_epi,-0.03805550414498151,0.024904298829222977,-1.528069688126564,0.13499995286222216,39,FALSE,NA,Stable,9.270930402930404,-0.41048203892192664
TP_hypo,0.0074170233275479055,0.025547534312415847,0.2903224724878168,0.7731905623631392,39,FALSE,NA,Stable,9.470070818070818,0.07832067436491308
