parameter,estimate,std.error,statistic,p.value,non_na_n,significant,slope_dir,trend,mean_value,percent_change
CHL_comp,-0.102467876344085,0.018740594558307216,-5.467696130199011,6.220103979733259e-6,32,TRUE,decreasing,Improving,4.30144375,-2.38217403968342
PH_epi,-0.00520735581622661,0.0032434881524786205,-1.6054801409548032,0.1188648791870672,32,FALSE,NA,Stable,6.477458333333334,-0.0803919616036631
SECCHI,-0.007729296493157447,0.007044585406664788,-1.0971967897280177,0.28128447891157754,32,FALSE,NA,Stable,2.8110611979166666,-0.2749600933229694
SPCD_epi,0.741823985825995,0.18934890434379675,3.9177622305069217,4.7843850022989074e-4,32,TRUE,increasing,Worsening,75.01765625,0.9888658522652725
TP_epi,0.024256781524926267,0.06378066495093596,0.3803155947587892,0.7063906861955632,32,FALSE,NA,Stable,12.637656250000001,0.19194050736208515
TP_hypo,0.0352278836754612,0.0563944333597748,0.6246695210273832,0.5369103870814382,32,FALSE,NA,Stable,14.942604166666667,0.2357546467974176
