parameter,estimate,std.error,statistic,p.value,non_na_n,significant,slope_dir,trend,mean_value,percent_change
CHL_comp,0.0796578026251596,0.7883637845333183,0.10104193544648175,0.921514358479398,12,FALSE,NA,Stable,31.783247222222222,0.25062826988132425
PH_epi,-0.007825665859564289,0.018409550675560354,-0.42508728200266566,0.6819760491195859,10,FALSE,NA,Stable,6.9908,-0.11194235079768108
SECCHI,0.009774043915087882,0.014068963285813856,0.6947238198384762,0.5030498067331,12,FALSE,NA,Stable,1.32309375,0.7387264821625741
SPCD_epi,2.1837180521925914,0.6018657701918391,3.6282476265373123,0.006702021035398282,10,TRUE,increasing,Worsening,103.80633333333334,2.1036462632587525
TP_epi,0.6359698681732513,0.24315633087149394,2.615477318208737,0.030866539995988523,10,TRUE,increasing,Worsening,25.151666666666667,2.5285396653896415
TP_hypo,1.7673661555017277,0.9007656443010604,1.9620710077959254,0.08538422841113004,10,FALSE,NA,Stable,54.86166666666667,3.2214955594405215
