parameter,estimate,std.error,statistic,p.value,non_na_n,significant,slope_dir,trend,mean_value,percent_change
CHL_comp,-0.014928805120910396,0.01456222475703898,-1.0251733763204156,0.31231496825342825,37,FALSE,NA,Stable,3.968759009009009,-0.3761580153146685
PH_epi,0.0015850719140193651,0.0037369112280386634,0.42416632809639904,0.6740403653788954,37,FALSE,NA,Stable,6.630923423423424,0.02390424097524899
SECCHI,0.00699472498814589,0.007231461543898029,0.9672629724551465,0.34004926420519577,37,FALSE,NA,Stable,4.005045045045045,0.1746478481384276
SPCD_epi,0.9555760629050157,0.10001248194236106,9.554568033375382,2.7550511636322935e-11,37,TRUE,increasing,Worsening,55.49460810810811,1.7219259590832214
TP_epi,-0.03506401137980167,0.024785556040182007,-1.4146953702776073,0.16599332325813115,37,FALSE,NA,Stable,9.427837837837838,-0.37191996704774866
TP_hypo,0.24091394025604768,0.09029107091997408,2.6681923007599746,0.01147645100141546,37,TRUE,increasing,Worsening,17.180675675675676,1.4022378677291054
