parameter,estimate,std.error,statistic,p.value,non_na_n,significant,slope_dir,trend,mean_value,percent_change
CHL_comp,0.01650755159474669,0.01157154551979174,1.4265641150970287,0.16187058369609605,40,FALSE,NA,Stable,3.289254166666667,0.501863059475135
PH_epi,-0.0018568792995622512,0.0025776079810175974,-0.7203885591746133,0.47569409511065464,40,FALSE,NA,Stable,6.5842,-0.028202048837554314
SECCHI,-0.020076816983829144,0.008631786093787173,-2.3259168804333163,0.025457798185410826,40,TRUE,decreasing,Worsening,5.02074255952381,-0.399877443342431
SPCD_epi,0.023033067542213865,0.08392200972982648,0.2744580070992717,0.7852192799396406,40,FALSE,NA,Stable,39.3224875,0.05857479779786023
TP_epi,-0.01195716072545326,0.03121209615052418,-0.3830938065738481,0.7037849865105371,40,FALSE,NA,Stable,6.805083333333333,-0.17570924762792414
TP_hypo,-0.043214196372732785,0.04099385438926658,-1.054162801145324,0.2984652202305706,40,FALSE,NA,Stable,10.92925,-0.39539946814953253
