parameter,estimate,std.error,statistic,p.value,non_na_n,significant,slope_dir,trend,mean_value,percent_change
CHL_comp,-0.20520049002849813,0.34287732268926,-0.5984662048194581,0.5551356176628516,26,FALSE,NA,Stable,14.052460256410257,-1.46024600877197
PH_epi,-0.00591971509971525,0.005343710049973181,-1.1077912245154393,0.2789311907667822,26,FALSE,NA,Stable,7.11299358974359,-0.08322396224637459
SECCHI,-0.014644729344729568,0.007774393011392636,-1.8837135353549923,0.07177587404728891,26,FALSE,NA,Stable,2.505929487179487,-0.5844030895383546
SPCD_epi,-2.4947692307693945,5.995458403300207,-0.4161098389734713,0.681027165326991,26,FALSE,NA,Stable,917.874358974359,-0.27179855351412935
TP_epi,0.021914529914526287,0.15787863651034367,0.13880617668680284,0.8907614722773909,26,FALSE,NA,Stable,24.085897435897436,0.09098490090664024
TP_hypo,0.9794985754985798,0.5558441338992456,1.7621820862395345,0.09077231548879872,26,FALSE,NA,Stable,54.065384615384616,1.811692606029955
