parameter,estimate,std.error,statistic,p.value,non_na_n,significant,slope_dir,trend,mean_value,percent_change
CHL_comp,-0.05942020066889631,0.06208117700606732,-0.9571371474334169,0.3547356512556159,16,FALSE,NA,Stable,3.48455,-1.7052474686515136
PH_epi,0.007334695393758957,0.005379274732842638,1.3635100934662603,0.19283701753168397,17,FALSE,NA,Stable,6.4473529411764705,0.11376289557401785
SECCHI,-0.09255819712729657,0.0546949792928245,-1.6922613066870544,0.11125823890677351,17,FALSE,NA,Stable,4.757352941176471,-1.9455818870652755
SPCD_epi,0.25054420505203556,0.5275594314935301,0.47491181105935393,0.6416906188092634,17,FALSE,NA,Stable,70.43205882352942,0.3557246646442424
TP_epi,-0.5215700842001127,0.17132331949554158,-3.0443613031539805,0.00819719548158706,17,TRUE,decreasing,Improving,8.205882352941176,-6.356051205306034
TP_hypo,-0.29784546805349094,0.10292416519111337,-2.8938341885060765,0.011132995766416012,17,TRUE,decreasing,Improving,8.476470588235294,-3.5137910873763674
