parameter,estimate,std.error,statistic,p.value,non_na_n,significant,slope_dir,trend,mean_value,percent_change
CHL_comp,0.0013929392446623207,0.043285466104698724,0.03218029907066461,0.9745649800177378,29,FALSE,NA,Stable,5.174143678160919,0.026921155099377186
PH_epi,0.01631149425287392,0.0047720740352044655,3.418114248132161,0.0020149752104833044,29,TRUE,increasing,Improving,6.698568965517241,0.24350714812136598
SECCHI,-0.01651424466338239,0.010874396687144204,-1.5186354828222939,0.14047814606270068,29,FALSE,NA,Stable,2.7450344827586206,-0.6016042700777445
SPCD_epi,-0.012743021346468146,0.4592606151956569,-0.027746819398043285,0.9780681556549389,29,FALSE,NA,Stable,131.59528735632185,-0.009683493689225924
TP_epi,0.07250082101806282,0.04132982268102968,1.7542011147156598,0.09074136100624407,29,FALSE,NA,Stable,11.519655172413794,0.6293662434591019
TP_hypo,0.32077175697864707,0.10861320689609662,2.9533402626211847,0.006439956660887468,29,TRUE,increasing,Worsening,15.586494252873564,2.0580109405904974
