parameter,estimate,std.error,statistic,p.value,non_na_n,significant,slope_dir,trend,mean_value,percent_change
CHL_comp,-0.015083249299720278,0.022650946148941968,-0.6658993050683149,0.5101038230084523,35,FALSE,NA,Stable,4.991378095238096,-0.3021860698974115
PH_epi,0.003922035480858997,0.0027077160133980992,1.4484663315695963,0.15692250104674038,35,FALSE,NA,Stable,6.50047619047619,0.06033458728154636
SECCHI,-0.01714957983193234,0.007793732963741878,-2.200432053768826,0.03488361425506879,35,TRUE,decreasing,Worsening,3.322347619047619,-0.5161886051179805
SPCD_epi,0.4222735760971046,0.10788596601044277,3.914073273035631,4.2910965777268463e-4,35,TRUE,increasing,Worsening,41.54257142857143,1.0164839622967599
TP_epi,-0.011113211951447075,0.0454665178489953,-0.24442628283865045,0.808414109434143,35,FALSE,NA,Stable,10.009976190476191,-0.11102136248855954
TP_hypo,-0.05665359477124174,0.053549162778713716,-1.057973492608218,0.29775084647173355,35,FALSE,NA,Stable,14.340190476190477,-0.39506863500387734
