parameter,estimate,std.error,statistic,p.value,non_na_n,significant,slope_dir,trend,mean_value,percent_change
CHL_comp,-0.021723221906117127,0.04801776123944757,-0.45239972346463864,0.6537727304505923,37,FALSE,NA,Stable,6.500512162162162,-0.3341770827314578
PH_epi,-0.006992650545282228,0.004087726573022995,-1.710645372278644,0.09599794566240073,37,FALSE,NA,Stable,6.592972972972973,-0.10606217519695106
SECCHI,-0.0020943245943245885,0.00846249545735823,-0.2474830982040352,0.8060228194803902,36,FALSE,NA,Stable,3.4807638888888888,-0.06016853372358813
SPCD_epi,0.3263904694167871,0.0907281511061874,3.597455314996805,9.825072717605083e-4,37,TRUE,increasing,Worsening,32.277297297297295,1.0112075568486865
TP_epi,0.11849454717875829,0.04833478705513493,2.451537586037008,0.01935900339023592,37,TRUE,increasing,Worsening,9.76945945945946,1.212907916456153
TP_hypo,0.038899952584162976,0.052486427162348484,0.7411430856941266,0.4635506454311553,37,FALSE,NA,Stable,13.895135135135137,0.2799537550793647
