parameter,estimate,std.error,statistic,p.value,non_na_n,significant,slope_dir,trend,mean_value,percent_change
CHL_comp,-0.06536042671305678,0.0264269072511661,-2.4732529649368153,0.018709643185674214,35,TRUE,decreasing,Improving,5.962447857142857,-1.0962012294121228
PH_epi,-0.00193493761140807,0.004224039429705576,-0.4580775448734244,0.6500916907377696,33,FALSE,NA,Stable,7.163785353535354,-0.027009988657088556
SECCHI,-0.017624558744220854,0.010104606183533144,-1.7442103555646251,0.09043178251456364,35,FALSE,NA,Stable,3.491559761904762,-0.5047760870805221
SPCD_epi,1.197346256684509,0.5392590178542078,2.220354629300273,0.033838523573394924,33,TRUE,increasing,Worsening,176.05335858585858,0.6801041833579001
TP_epi,0.15525958110517696,0.07500314833422318,2.070040852329576,0.04686731533835491,33,TRUE,increasing,Worsening,14.72409090909091,1.054459538886146
TP_hypo,0.5662051108314649,0.15616051916303075,3.625789116648298,9.891563379002357e-4,34,TRUE,increasing,Worsening,25.88073529411765,2.187747389697061
