parameter,estimate,std.error,statistic,p.value,non_na_n,significant,slope_dir,trend,mean_value,percent_change
CHL_comp,-0.0191421277997365,0.02002571248395494,-0.9558774907546292,0.35000948011546074,23,FALSE,NA,Stable,2.0581608695652176,-0.9300598453113259
PH_epi,0.0012422595520421612,0.006147858330721611,0.2020637895695215,0.8418115215463555,23,FALSE,NA,Stable,6.729268115942029,0.01846054475224692
SECCHI,-0.00883891469721581,0.028409521700569186,-0.3111250794848377,0.7589251315504033,22,FALSE,NA,Stable,4.159176136363636,-0.21251599853964498
SPCD_epi,0.39566452569170013,0.14509648463495634,2.7269063526048893,0.012632120183773993,23,TRUE,increasing,Worsening,44.09702898550725,0.8972589192386128
TP_epi,-0.04139130434782617,0.12843103872135853,-0.32228427613692306,0.7504238108420249,23,FALSE,NA,Stable,8.386521739130435,-0.49354554409248885
TP_hypo,-0.06422496706192393,0.2308852668561176,-0.2781683211599095,0.7836036022778939,23,FALSE,NA,Stable,9.411434782608696,-0.6824141966175514
