parameter,estimate,std.error,statistic,p.value,non_na_n,significant,slope_dir,trend,mean_value,percent_change
CHL_comp,-0.012629962887988436,0.01051954218266268,-1.2006190638984227,0.23752935944230313,39,FALSE,NA,Stable,2.411952136752137,-0.5236406931770864
PH_epi,0.0067309379217277065,0.0029338663029911316,2.294221081194255,0.02755229515204521,39,TRUE,increasing,Improving,6.874594017094017,0.09791033339555612
SECCHI,0.033030128205128184,0.008709050552898577,3.792621021603208,5.341457630091861e-4,39,TRUE,increasing,Improving,5.298293803418804,0.6234106569140239
SPCD_epi,0.551772267206468,0.24361476712301294,2.2649376871634854,0.02946332004606297,39,TRUE,increasing,Worsening,93.22149572649573,0.5918938147327338
TP_epi,-0.08175910931173724,0.03724125560497582,-2.1953907832477424,0.03448510626232821,39,TRUE,decreasing,Improving,6.833119658119658,-1.1965121848054359
TP_hypo,-0.020442982456140027,0.02764749475714995,-0.7394153660469813,0.46432040146716735,39,FALSE,NA,Stable,6.815790598290598,-0.2999356004462216
