parameter,estimate,std.error,statistic,p.value,non_na_n,significant,slope_dir,trend,mean_value,percent_change
CHL_comp,0.00816218487394993,0.01751388836851088,0.4660407045088366,0.6442480096618963,35,FALSE,NA,Stable,2.8786,0.2835470323751105
PH_epi,0.0025633986928103925,0.0037676609869849113,0.6803687225749482,0.5010169143131133,35,FALSE,NA,Stable,6.985504761904762,0.036695969442177026
SECCHI,-0.018104575163398733,0.008223684351096534,-2.2015163022380224,0.03479995563649909,35,TRUE,decreasing,Worsening,5.154238095238095,-0.35125608923897433
SPCD_epi,0.1018548085901036,0.16493154806728746,0.6175580705066182,0.5411051239143192,35,FALSE,NA,Stable,56.907476190476196,0.1789831765674922
TP_epi,-0.05296918767506992,0.043067620265921036,-1.229907465237495,0.22742819101098152,35,FALSE,NA,Stable,7.721809523809524,-0.6859685869192197
TP_hypo,-0.055079365079362334,0.08475492260240078,-0.6498662660309261,0.5202771228816728,35,FALSE,NA,Stable,15.854761904761906,-0.3473995094358339
