parameter,estimate,std.error,statistic,p.value,non_na_n,significant,slope_dir,trend,mean_value,percent_change
CHL_comp,0.0047293345977556045,0.00970447118797481,0.487335631808141,0.6290590437989705,37,FALSE,NA,Stable,1.3154963963963964,0.3595095061233845
PH_epi,0.001823336494389257,0.005041780215942003,0.3616453745095642,0.7197912572819039,37,FALSE,NA,Stable,6.334076576576576,0.02878614542065939
SECCHI,-0.020856448553817505,0.02324814665464872,-0.8971230637710654,0.3757829613972299,37,FALSE,NA,Stable,8.569211711711711,-0.24338818149763514
SPCD_epi,0.5627686897423755,0.12216900328061414,4.60647688554627,5.234551427904393e-5,37,TRUE,increasing,Worsening,64.84288288288289,0.867895850279868
TP_epi,0.016628733997155476,0.034100542296914484,0.48763840329483826,0.6288466926109986,37,FALSE,NA,Stable,4.903558558558559,0.33911564017385015
TP_hypo,-0.025393156314208958,0.027359540523765172,-0.9281280251088952,0.3596979903387061,37,FALSE,NA,Stable,5.57545045045045,-0.45544582522758137
