parameter,estimate,std.error,statistic,p.value,non_na_n,significant,slope_dir,trend,mean_value,percent_change
CHL_comp,0.025979513758598787,0.023699185181404587,1.0962197037467536,0.27988151773194353,40,FALSE,NA,Stable,4.4658179166666665,0.5817414467715282
PH_epi,1.0082082551589364e-4,0.002635829689361826,0.0382501289528702,0.9696885006855276,40,FALSE,NA,Stable,6.839789583333333,0.0014740340223559796
SECCHI,-0.01959716619762348,0.008258830676086584,-2.3728741956615003,0.022813260686771527,40,TRUE,decreasing,Worsening,4.147355208333334,-0.47252201012941075
SPCD_epi,0.09018223889931175,0.07363560669175039,1.2247096608686614,0.22822272744479075,40,FALSE,NA,Stable,48.65871666666667,0.18533624615934538
TP_epi,-0.037855222013758884,0.05514434959505404,-0.6864750838797482,0.4965813678617611,40,FALSE,NA,Stable,12.108291666666668,-0.3126388350717701
TP_hypo,-0.04850297060662776,0.37275902442162623,-0.13011883664489435,0.8971587762956721,40,FALSE,NA,Stable,39.692875,-0.12219566006903698
