parameter,estimate,std.error,statistic,p.value,non_na_n,significant,slope_dir,trend,mean_value,percent_change
CHL_comp,-0.00898657058388975,0.046100791104848445,-0.19493311000783733,0.8471570137411859,25,FALSE,NA,Stable,4.804049142857143,-0.1870624199848445
PH_epi,0.007312796959138793,0.007809852177344024,0.9363553615461297,0.35881874100580624,25,FALSE,NA,Stable,6.3915523809523815,0.11441347145854322
SECCHI,-0.02489994055874784,0.01425625789500266,-1.7465972306432658,0.09465634784097986,24,FALSE,NA,Stable,4.470694444444445,-0.556959122753066
SPCD_epi,-0.2719046035265604,0.05778082124664472,-4.705793335229718,9.690911494616198e-5,25,TRUE,decreasing,Improving,21.56910476190476,-1.2606207189776224
TP_epi,0.09301736881005292,0.05685559687904284,1.6360283580865795,0.11544624696804145,25,FALSE,NA,Stable,7.147428571428572,1.3014102607738454
TP_hypo,0.3255458768873498,0.10372909260883766,3.1384240303246758,0.004607621123839413,25,TRUE,increasing,Worsening,15.920190476190477,2.0448616954314813
