parameter,estimate,std.error,statistic,p.value,non_na_n,significant,slope_dir,trend,mean_value,percent_change
CHL_comp,-0.060911172161176204,0.14865116674041273,-0.40975912599155345,0.6898491645892577,13,FALSE,NA,Stable,3.8178846153846155,-1.5954167895940978
PH_epi,-0.006652930402930601,0.0156731968241407,-0.4244782017082437,0.6794003420059278,13,FALSE,NA,Stable,6.394935897435897,-0.10403435639750741
SECCHI,-0.08652243589743691,0.03413526989792145,-2.534693182628253,0.027740756153959083,13,TRUE,decreasing,Worsening,3.8150320512820515,-2.267934704987886
SPCD_epi,0.33338827838827273,0.23782799206733898,1.401804200970072,0.18855501873089556,13,FALSE,NA,Stable,32.70974358974359,1.0192323197935718
TP_epi,0.2873672161172202,0.0991612746280543,2.8979782399440785,0.014497454870921557,13,TRUE,increasing,Worsening,8.024294871794872,3.5812145578960006
TP_hypo,-0.23707875457876865,0.4727361725302748,-0.5015033085152496,0.6259019879063832,13,FALSE,NA,Stable,12.960384615384616,-1.8292570908531873
