parameter,estimate,std.error,statistic,p.value,non_na_n,significant,slope_dir,trend,mean_value,percent_change
CHL_comp,-0.0023327992277991975,0.009432394317009,-0.24731782296172333,0.8061496680118774,36,FALSE,NA,Stable,2.2848208333333333,-0.10209987556861813
PH_epi,-0.006981231231231257,0.0039049152308360106,-1.787806090155927,0.0827236801055232,36,FALSE,NA,Stable,6.644736111111111,-0.10506408553317068
SECCHI,-0.050151404976404974,0.012847923600195288,-3.9034638231848353,4.266650208294761e-4,36,TRUE,decreasing,Worsening,4.454046296296297,-1.1259740388892614
SPCD_epi,0.4220726083226084,0.06826136149399198,6.183184734159706,4.986020272976269e-7,36,TRUE,increasing,Worsening,42.76965277777778,0.9868506777822348
TP_epi,0.009486765336765358,0.037605382021907933,0.252271478886682,0.8023500717945419,36,FALSE,NA,Stable,6.845699074074074,0.13857993514049557
TP_hypo,0.051434856284856376,0.04540258399224246,1.1328618717746242,0.26519812658601755,36,FALSE,NA,Stable,8.505078703703704,0.6047546187016242
