parameter,estimate,std.error,statistic,p.value,non_na_n,significant,slope_dir,trend,mean_value,percent_change
CHL_comp,-0.08942344129554682,0.04668105416757285,-1.9156260048142852,0.06316514668901795,39,FALSE,NA,Stable,9.793168376068376,-0.9131206353407689
PH_epi,-0.004221659919028565,0.0025974065899291706,-1.62533657048421,0.1125799554397619,39,FALSE,NA,Stable,6.891410256410256,-0.061259738746531005
SECCHI,-0.0030429318488527954,0.003851139927371323,-0.7901379607699202,0.4344822772457002,39,FALSE,NA,Stable,2.818536324786325,-0.10796142033342367
SPCD_epi,1.3220668016194483,0.25460504786400107,5.192618185345794,7.76816548942975e-6,39,TRUE,increasing,Worsening,108.6454700854701,1.2168632530922774
TP_epi,0.017004723346829873,0.033716809031592895,0.5043396405305236,0.6170130849480049,39,FALSE,NA,Stable,11.026666666666667,0.1542145406302588
TP_hypo,-0.053358974358976255,0.05535766531027839,-0.9638949558277157,0.34135646060158675,39,FALSE,NA,Stable,13.967435897435898,-0.38202412204212616
