parameter,estimate,std.error,statistic,p.value,non_na_n,significant,slope_dir,trend,mean_value,percent_change
CHL_comp,-0.02297426470588221,0.09195079693266812,-0.24985389438990227,0.8063292516145888,16,FALSE,NA,Stable,4.11546875,-0.5582417484249447
PH_epi,0.01920098039215678,0.01289542293623805,1.488976397834861,0.15867231926388248,16,FALSE,NA,Stable,6.490833333333334,0.2958168759864955
SECCHI,-0.04892095588235291,0.0547766727300463,-0.8930983472371188,0.3868991682758107,16,FALSE,NA,Stable,3.592109375,-1.3619005095676662
SPCD_epi,0.6226960784313729,0.3713299952751708,1.6769344958786039,0.1157320598022216,16,FALSE,NA,Stable,38.01166666666667,1.638170943389414
TP_epi,0.2064583333333334,0.12265555665010668,1.6832366912025576,0.11448631432063051,16,FALSE,NA,Stable,8.663020833333334,2.3832140924667837
TP_hypo,0.2156348039215687,0.18714771233140845,1.1522171510155261,0.26852791890831074,16,FALSE,NA,Stable,10.479895833333334,2.057604458583458
