parameter,estimate,std.error,statistic,p.value,non_na_n,significant,slope_dir,trend,mean_value,percent_change
CHL_comp,0.20543939393940383,0.2380545876695987,0.8629927948481202,0.4105482101515695,11,FALSE,NA,Stable,6.781818181818182,3.0292672028598417
PH_epi,0.0190606060606046,0.02923479777035331,0.6519835098682897,0.5307078750100276,11,FALSE,NA,Stable,6.741060606060606,0.2827538153783694
SECCHI,-0.1004848484848526,0.044160436404714426,-2.2754496256319867,0.04892518759017798,11,TRUE,decreasing,Worsening,4.237954545454546,-2.3710695196726093
SPCD_epi,0.8630303030302714,0.9688808223689602,0.8907497012069253,0.39625089201752206,11,FALSE,NA,Stable,112.5109090909091,0.7670636652068474
TP_epi,0.2786363636363837,0.18876907424547026,1.4760699799483703,0.17403392661564945,11,FALSE,NA,Stable,8.955151515151515,3.111464537087393
TP_hypo,0.702121212121206,0.6765654454367388,1.0377727932409708,0.32645260379257085,11,FALSE,NA,Stable,53.483333333333334,1.3127850647327006
