parameter,estimate,std.error,statistic,p.value,non_na_n,significant,slope_dir,trend,mean_value,percent_change
CHL_comp,0.02929477477477449,0.008270760975644149,3.5419684912962843,0.0011766582363080215,36,TRUE,increasing,Worsening,2.1890796296296298,1.3382233509582686
PH_epi,0.016020061985536686,0.0032860283558984278,4.875205034911108,2.49162797743677e-5,36,TRUE,increasing,Improving,6.150833333333334,0.26045352096794505
SECCHI,-0.04536010625298513,0.021045689853503538,-2.155315723491663,0.03830560369553283,36,TRUE,decreasing,Worsening,8.203327546296297,-0.5529476422462818
SPCD_epi,-0.18712190488885747,0.027871605647345924,-6.713710980862567,1.0350190192793978e-7,36,TRUE,decreasing,Improving,19.115694444444443,-0.9788914832923599
TP_epi,-0.01364950400461965,0.031243879829164288,-0.4368696870956038,0.6649679762691644,36,FALSE,NA,Stable,5.538981481481482,-0.2464262437102225
TP_hypo,-0.022110152075626013,0.028480426961228916,-0.776327970986007,0.44292272032971336,36,FALSE,NA,Stable,6.444351851851852,-0.3430934961950041
