parameter,estimate,std.error,statistic,p.value,non_na_n,significant,slope_dir,trend,mean_value,percent_change
CHL_comp,0.0038133828794273596,0.01677715505378112,0.22729615761451316,0.8215957743264735,35,FALSE,NA,Stable,3.6256978571428573,0.10517652131202138
PH_epi,-0.005215797212632719,0.004786677933829297,-1.0896486633810623,0.283761271492192,35,FALSE,NA,Stable,6.85502380952381,-0.07608722241615436
SECCHI,-0.004908195882879652,0.009939978830775437,-0.49378333359053583,0.6247298689473331,35,FALSE,NA,Stable,4.6504047619047615,-0.105543412545219
SPCD_epi,0.2892448216340639,0.054684691471053995,5.2893198051079535,7.85601808567616e-6,35,TRUE,increasing,Worsening,43.72526190476191,0.6615050637411131
TP_epi,0.00702991944764179,0.03409769313125178,0.20616994295131985,0.8379248850322722,35,FALSE,NA,Stable,6.999380952380952,0.10043630280261355
TP_hypo,0.09969658611430811,0.0793655552219953,1.2561694533030656,0.2178751141581694,35,FALSE,NA,Stable,17.224285714285717,0.5788140522519338
