parameter,estimate,std.error,statistic,p.value,non_na_n,significant,slope_dir,trend,mean_value,percent_change
CHL_comp,-0.027384306777452544,0.008885977313894539,-3.081743944431766,0.004383449768280592,32,TRUE,decreasing,Improving,1.7240094246031747,-1.5884081830791468
PH_epi,0.006349543098031001,0.0032878347005024133,1.9312233358510171,0.06295206297392726,32,FALSE,NA,Stable,6.788135044642857,0.0935388447087836
SECCHI,-0.005326604175394315,0.014957077299844523,-0.35612600433974384,0.7242385292924621,32,FALSE,NA,Stable,8.275661458333333,-0.06436469401525108
SPCD_epi,0.6737374973816465,0.1474238164668734,4.570072282269517,7.820952225787046e-5,32,TRUE,increasing,Worsening,91.07559895833333,0.7397563179242755
TP_epi,0.036748242796630935,0.020421537993539494,1.7994845837887683,0.08200830270712214,32,FALSE,NA,Stable,5.243799603174603,0.7007941869934065
TP_hypo,-0.027382770679140283,0.026866447899488628,-1.0192181259533561,0.3162489012748929,32,FALSE,NA,Stable,6.352914186507936,-0.4310269252069343
