parameter,estimate,std.error,statistic,p.value,non_na_n,significant,slope_dir,trend,mean_value,percent_change
CHL_comp,-0.32016060398859336,0.13613501125101013,-2.351787398748371,0.02722630401917045,26,TRUE,decreasing,Improving,11.420203846153846,-2.8034578743217327
PH_epi,-0.00924689458689459,0.005734592643525821,-1.612476275421943,0.11993221515945945,26,FALSE,NA,Stable,7.007724358974359,-0.13195288674636102
SECCHI,-0.0097645299145305,0.00644105069167378,-1.5159840190596412,0.14258499226063254,26,FALSE,NA,Stable,1.5781891025641026,-0.6187173576769699
SPCD_epi,2.384695156694994,4.038515696554581,0.590488024778379,0.5603832741573969,26,FALSE,NA,Stable,676.7576923076923,0.35237060232937506
TP_epi,0.03591168091169525,0.13767220561478888,0.2608491725060122,0.7964340484266964,26,FALSE,NA,Stable,27.169551282051284,0.13217620172998287
TP_hypo,NA,NA,NA,NA,9,FALSE,NA,Stable,36.27037037037037,NA
