parameter,estimate,std.error,statistic,p.value,non_na_n,significant,slope_dir,trend,mean_value,percent_change
CHL_comp,-0.004162084270810978,0.006567616213626162,-0.6337283019333093,0.5302642980144179,38,FALSE,NA,Stable,1.5546222943722945,-0.26772318175788745
PH_epi,0.008201089261615769,0.0021415157874120575,3.8295721702460486,4.798958767929714e-4,39,TRUE,increasing,Improving,6.795174603174604,0.12068989747201408
SECCHI,-0.015344387193165498,0.011809017749966262,-1.2993787898412918,0.20207396797646032,38,FALSE,NA,Stable,8.462154078377763,-0.18132956515614632
SPCD_epi,0.9325866348563827,0.10023563710704492,9.303942806892552,3.157280449333206e-11,39,TRUE,increasing,Worsening,87.90839438339438,1.0608618680817874
TP_epi,0.06338586818126433,0.013781273935908696,4.599420088160729,5.6449712128647224e-5,36,TRUE,increasing,Worsening,4.904365079365079,1.2924378009287654
TP_hypo,0.03050872373240891,0.018819471700829545,1.6211254076310821,0.11348312259612066,39,FALSE,NA,Stable,5.830799755799756,0.5232339474882947
