parameter,estimate,std.error,statistic,p.value,non_na_n,significant,slope_dir,trend,mean_value,percent_change
CHL_comp,0.08506204580819553,0.07374198155415845,1.1535090868926985,0.2596108281069205,27,FALSE,NA,Stable,5.835996296296297,1.4575411204797803
PH_epi,-0.004407537331768164,0.004406052936625921,-1.0003368990712536,0.326732107268776,27,FALSE,NA,Stable,6.643888888888889,-0.06633972068887611
SECCHI,-0.0557455433922088,0.013757991533721897,-4.051866382936214,4.3360887332354915e-4,27,TRUE,decreasing,Worsening,4.284907407407408,-1.3009742823343238
SPCD_epi,0.7583494854085352,0.4853977459884161,1.5623259310038762,0.1307824272527945,27,FALSE,NA,Stable,125.01777777777778,0.6065933172772598
TP_epi,-0.04309027293979038,0.03987415027077327,-1.0806568327394415,0.2905899164942195,26,FALSE,NA,Stable,7.461923076923076,-0.5774687368870419
TP_hypo,0.09625299955104397,0.2334658117615647,0.4122787778852425,0.6837945468231903,26,FALSE,NA,Stable,18.830384615384617,0.5111579052527917
