parameter,estimate,std.error,statistic,p.value,non_na_n,significant,slope_dir,trend,mean_value,percent_change
CHL_comp,-0.015521052631579779,0.019635420746704622,-0.790461932636949,0.4342954733994081,39,FALSE,NA,Stable,3.0548811965811966,-0.5080738540323539
PH_epi,-0.003390114709851559,0.0027021243267711737,-1.2546109282478797,0.21748767483145848,39,FALSE,NA,Stable,6.757320512820513,-0.050169511767564824
SECCHI,-0.007820006747638409,0.007526151202438264,-1.0390445976032137,0.305526672431828,39,FALSE,NA,Stable,5.906944444444444,-0.1323866649024137
SPCD_epi,0.32130600539810716,0.11683064437776557,2.7501860244747225,0.009161885104191428,39,TRUE,increasing,Worsening,70.19089743589744,0.4577602183980383
TP_epi,0.003506072874495416,0.021420843970380587,0.16367575803004755,0.8708772039510286,39,FALSE,NA,Stable,7.268119658119659,0.048239063738838815
TP_hypo,-0.11327125506072616,0.05198584538981929,-2.1788864682560067,0.03578331915055228,39,TRUE,decreasing,Improving,14.670641025641027,-0.7720947902873032
