parameter,estimate,std.error,statistic,p.value,non_na_n,significant,slope_dir,trend,mean_value,percent_change
CHL_comp,-0.06851712779973473,0.08637067431516378,-0.7932915696561308,0.43647998918296727,23,FALSE,NA,Stable,6.664481884057971,-1.0280938412276843
PH_epi,-0.013102766798418817,0.005957287032493497,-2.1994519866091613,0.03918423790738414,23,TRUE,decreasing,Worsening,6.135144927536232,-0.21356898578890884
SECCHI,0.03983860342555961,0.01356680705285895,2.9364760087130723,0.007884495742694096,23,TRUE,increasing,Improving,3.1715579710144928,1.2561209282520651
SPCD_epi,-0.14995388669301313,0.03965081852651643,-3.781861062785669,0.0010931894567136563,23,TRUE,decreasing,Improving,18.746231884057973,-0.7999148181909335
TP_epi,-0.21706192358365747,0.07408859281707113,-2.9297617262025137,0.008005685041619654,23,TRUE,decreasing,Improving,9.357971014492755,-2.319540456446084
TP_hypo,-0.3351449275362365,0.13826094692051397,-2.424002836671666,0.024463719970049817,23,TRUE,decreasing,Improving,20.195652173913043,-1.659490491568017
