parameter,estimate,std.error,statistic,p.value,non_na_n,significant,slope_dir,trend,mean_value,percent_change
CHL_comp,0.0427337924616122,0.030685655782468926,1.3926309010487732,0.18278319341428198,18,FALSE,NA,Stable,3.4979333333333336,1.2216868759156512
PH_epi,0.008023731968357869,0.004974492257721191,1.6129750641191127,0.12629679570896937,18,FALSE,NA,Stable,6.829722222222222,0.11748255210513006
SECCHI,-0.0031025283077404965,0.00922079123213335,-0.3364709415531021,0.7408883404825294,18,FALSE,NA,Stable,2.5812962962962964,-0.12019264553984274
SPCD_epi,0.6400089964325455,0.6166752751004733,1.037837938821644,0.31477654084547185,18,FALSE,NA,Stable,72.05981481481481,0.8881635320286247
TP_epi,0.26114657980456396,0.12526351642290742,2.0847776532386018,0.05347088779723663,18,FALSE,NA,Stable,11.416666666666668,2.287415297558224
TP_hypo,NA,NA,NA,NA,5,FALSE,NA,Stable,11.266666666666667,NA
