parameter,estimate,std.error,statistic,p.value,non_na_n,significant,slope_dir,trend,mean_value,percent_change
CHL_comp,0.011923775203775222,0.009842754896611645,1.2114266106412916,0.2340846961053441,36,FALSE,NA,Stable,1.97275,0.604424037702457
PH_epi,0.007631917631917648,0.004081572368296148,1.8698474370316238,0.07013625808370931,36,FALSE,NA,Stable,6.495333333333334,0.11749847529381578
SECCHI,-0.03855871943371936,0.014900198665254107,-2.587799015300027,0.014105700372702656,36,TRUE,decreasing,Worsening,8.038391203703704,-0.47968204652634167
SPCD_epi,0.27318382668382807,0.33147015597529883,0.8241581384002056,0.41559404280083934,36,FALSE,NA,Stable,134.6248611111111,0.20292227188138667
TP_epi,0.018080759330759352,0.022873678768785415,0.79046136450221,0.43473748072145935,36,FALSE,NA,Stable,6.547106481481482,0.27616412505128574
TP_hypo,-0.05234834834834836,0.0461708406777143,-1.1337967336084442,0.26481116294212886,36,FALSE,NA,Stable,11.716018518518519,-0.44681005126106416
