parameter,estimate,std.error,statistic,p.value,non_na_n,significant,slope_dir,trend,mean_value,percent_change
CHL_comp,-0.005090894761078433,0.023520085684541725,-0.2164488186547874,0.8299313855931125,36,FALSE,NA,Stable,3.4711319444444446,-0.1466638215590284
PH_epi,-7.390823326602761e-4,0.004064599723872309,-0.18183397698904502,0.8567927835876903,36,FALSE,NA,Stable,6.620671296296297,-0.011163253688092473
SECCHI,-0.01137964766863825,0.009802606530166035,-1.1608797755596036,0.2537768220665148,36,FALSE,NA,Stable,3.8642824074074076,-0.29448281644283314
SPCD_epi,-0.012216570436754323,0.03998182247939787,-0.3055531158703275,0.7618078886101016,36,FALSE,NA,Stable,24.8475,-0.04916619553981014
TP_epi,-0.08353122454039899,0.034482567956497685,-2.422418905859326,0.02089659590221731,36,TRUE,decreasing,Improving,8.781944444444445,-0.9511700406308282
TP_hypo,-0.07666210902908094,0.0757861873243949,-1.0115578014359892,0.31889451230031607,36,FALSE,NA,Stable,16.543333333333333,-0.46340182769946164
