parameter,estimate,std.error,statistic,p.value,non_na_n,significant,slope_dir,trend,mean_value,percent_change
CHL_comp,0.03696625291084927,0.30419601127643825,0.12152116247591482,0.9048912570421217,17,FALSE,NA,Stable,8.75407156862745,0.4222749679512296
PH_epi,0.011732368596141251,0.011515942492139422,1.01879360757051,0.3244526609862678,17,FALSE,NA,Stable,6.6782352941176475,0.17568067130661608
SECCHI,0.023538236027941865,0.014983052728454217,1.5709906688935664,0.13703607222299083,17,FALSE,NA,Stable,1.803872549019608,1.3048724556917688
SPCD_epi,0.8814005322687758,0.5193427473023374,1.6971461271907684,0.11031440125247714,17,FALSE,NA,Stable,58.257745098039216,1.512932796807546
TP_epi,0.23106287425149766,0.37525642781242596,0.6157466125190418,0.5472919527269324,17,FALSE,NA,Stable,28.312745098039215,0.8161090471849012
TP_hypo,NA,NA,NA,NA,0,FALSE,NA,Stable,NA,NA
