parameter,estimate,std.error,statistic,p.value,non_na_n,significant,slope_dir,trend,mean_value,percent_change
CHL_comp,-0.019451337959922505,0.028185284689493616,-0.6901238775556243,0.4950914535757994,34,FALSE,NA,Stable,5.290054745989305,-0.36769634519698846
PH_epi,-0.005458029878618124,0.0046575203708488395,-1.1718746122463852,0.24963876837119864,35,FALSE,NA,Stable,6.843985714285714,-0.07974928800954931
SECCHI,-0.0016578548085900752,0.00896663496805573,-0.18489152446779644,0.854445760715955,35,FALSE,NA,Stable,3.0212797619047618,-0.05487260165357487
SPCD_epi,1.0712812791783397,0.1513864956616246,7.076465271861775,4.2225410874573675e-8,35,TRUE,increasing,Worsening,62.59583333333333,1.7114258603661157
TP_epi,0.005555555555555233,0.06127227937406701,0.09066996710924674,0.9283029620621968,35,FALSE,NA,Stable,12.202619047619049,0.0455275669417806
TP_hypo,0.17413865546218504,0.14044192874649744,1.2399335228193238,0.22374486737840885,35,FALSE,NA,Stable,22.105,0.7877794863704367
