parameter,estimate,std.error,statistic,p.value,non_na_n,significant,slope_dir,trend,mean_value,percent_change
CHL_comp,-0.02720655727155729,0.008075025547905562,-3.3692224390068852,0.0018879408701166854,36,TRUE,decreasing,Improving,2.447676388888889,-1.111525910657968
PH_epi,-0.007254504504504463,0.0040106733294587435,-1.8087996474854977,0.0793328345945733,36,FALSE,NA,Stable,6.643208333333334,-0.10920182147688873
SECCHI,-0.0630607893607894,0.013122180526303798,-4.805663908858912,3.0640518998449975e-5,36,TRUE,decreasing,Worsening,4.5462847222222225,-1.3870840304512497
SPCD_epi,0.39091194766194765,0.0668591728083146,5.846796052692621,1.3616322641703002e-6,36,TRUE,increasing,Worsening,42.5318287037037,0.919104490863114
TP_epi,6.504504504504473e-4,0.03088444547867346,0.02106077801848833,0.9833202882363927,36,FALSE,NA,Stable,7.143740740740741,0.009105179961822097
TP_hypo,0.02815973830973831,0.025383966332736714,1.1093513890073905,0.2750637621787397,36,FALSE,NA,Stable,7.378199074074074,0.38166140581226066
