parameter,estimate,std.error,statistic,p.value,non_na_n,significant,slope_dir,trend,mean_value,percent_change
CHL_comp,0.0415547999416429,0.02134046523873928,1.9472302724782493,0.05934040947777588,38,FALSE,NA,Stable,4.736623684210526,0.8773084524355457
PH_epi,0.0017003526343745189,0.003717429535340003,0.45740009816191485,0.650210207482159,37,FALSE,NA,Stable,7.368648648648649,0.023075501566849028
SECCHI,-0.02118443848707067,0.008919399546751885,-2.375096930688037,0.022992498207136877,38,TRUE,decreasing,Worsening,3.6311513157894737,-0.5834083089557179
SPCD_epi,5.384649846645947,0.6157230088280665,8.745247082604228,2.5043460975864094e-10,37,TRUE,increasing,Worsening,333.2549174174174,1.6157750614378543
TP_epi,0.2657264119780435,0.034472890701260125,7.7082718209160825,4.769543727705842e-9,37,TRUE,increasing,Worsening,11.185624195624197,2.375606468899566
TP_hypo,2.1779356198371937,0.37745533817983806,5.770048531674281,1.55154994941485e-6,37,TRUE,increasing,Worsening,37.33790218790219,5.833042276657054
