parameter,estimate,std.error,statistic,p.value,non_na_n,significant,slope_dir,trend,mean_value,percent_change
CHL_comp,-0.0013805242246332967,0.013844785690370287,-0.09971438023728439,0.9211931674949739,34,FALSE,NA,Stable,2.478537254901961,-0.05569915166306038
PH_epi,-0.002107439364288319,0.0040371760512408015,-0.5220082893438869,0.6052594980520023,34,FALSE,NA,Stable,6.88639705882353,-0.03060293134837557
SECCHI,0.03959561614184728,0.010763900693495008,3.678556433150322,8.559449171303739e-4,34,TRUE,increasing,Improving,6.923031862745098,0.571940400201292
SPCD_epi,1.9389201209748588,0.19495231919720044,9.945611978145179,2.5903035374808302e-11,34,TRUE,increasing,Worsening,101.38401960784314,1.9124514183543602
TP_epi,0.016324853228962002,0.04191910833161759,0.38943703429514365,0.6995326295993589,34,FALSE,NA,Stable,5.690980392156863,0.28685484932368455
TP_hypo,0.004425650833186515,0.055320871723376866,0.07999965827213047,0.9367357537310557,34,FALSE,NA,Stable,11.043700980392158,0.040073982816486595
