parameter,estimate,std.error,statistic,p.value,non_na_n,significant,slope_dir,trend,mean_value,percent_change
CHL_comp,0.03009680733364927,0.016930364937111808,1.7776821377120036,0.08414651180990461,37,FALSE,NA,Stable,3.1378765765765766,0.9591456706205089
PH_epi,0.0036620831357673544,0.003905549435460425,0.9376614472006117,0.3548441741481627,37,FALSE,NA,Stable,6.466846846846847,0.0566285737469249
SECCHI,-0.010835506559191353,0.011169536721905904,-0.9700945373983645,0.3386559605129459,37,FALSE,NA,Stable,5.296227477477477,-0.2045891458641078
SPCD_epi,0.015512881302355366,0.03336612483659021,0.46492906737984485,0.6448619038411331,37,FALSE,NA,Stable,24.981261261261263,0.06209807079041031
TP_epi,0.07821650196650198,0.03685382340327557,2.122344298191598,0.04117342828928998,36,TRUE,increasing,Worsening,6.205162037037037,1.2605070020677547
TP_hypo,0.28638267138267137,0.09182758889868578,3.1186996720412643,0.003687148167322656,36,TRUE,increasing,Worsening,13.2425,2.1626027667183036
