parameter,estimate,std.error,statistic,p.value,non_na_n,significant,slope_dir,trend,mean_value,percent_change
CHL_comp,-0.01127432969043016,0.0074786263718365454,-1.5075401724690647,0.15244256379079177,17,FALSE,NA,Stable,1.6071159817994183,-0.7015255786210763
PH_epi,NA,NA,NA,NA,1,FALSE,NA,Stable,6.69,NA
SECCHI,0.010744198770360043,0.012043833098963362,0.8920913036635171,0.3855642249255493,18,FALSE,NA,Stable,8.079915998150648,0.13297413949376705
SPCD_epi,NA,NA,NA,NA,1,FALSE,NA,Stable,104.23333333333333,NA
TP_epi,NA,NA,NA,NA,1,FALSE,NA,Stable,13.666666666666668,NA
TP_hypo,NA,NA,NA,NA,1,FALSE,NA,Stable,13.000000000000002,NA
