parameter,estimate,std.error,statistic,p.value,non_na_n,significant,slope_dir,trend,mean_value,percent_change
CHL_comp,-0.011422994152055435,0.09382512234556939,-0.12174771390100779,0.9045263897473239,19,FALSE,NA,Stable,6.511620701754386,-0.17542474715976328
PH_epi,0.004328771929824371,0.009083136215190062,0.4765723894556603,0.6397347042386523,19,FALSE,NA,Stable,6.736663157894737,0.06425691515763937
SECCHI,0.021064035087720052,0.01747860327154004,1.2051326276177958,0.24466056868619648,19,FALSE,NA,Stable,2.0015964912280704,1.0523617112656063
SPCD_epi,3.053403508771928,1.1337155932451024,2.693271158097056,0.015389634104135224,19,TRUE,increasing,Worsening,212.82631578947368,1.4346926494711931
TP_epi,0.16945029239763287,0.12389321779575962,1.3677124172928898,0.18921235388501714,19,FALSE,NA,Stable,18.16561403508772,0.9328079528186156
TP_hypo,1.1299883040935244,0.3384538094161576,3.3386780489863184,0.0038910616583265247,19,TRUE,increasing,Worsening,28.348070175438597,3.986120738026716
