parameter,estimate,std.error,statistic,p.value,non_na_n,significant,slope_dir,trend,mean_value,percent_change
CHL_comp,-0.03375561419855248,0.01815864954675816,-1.8589275657109001,0.0714621689746537,37,FALSE,NA,Stable,3.068591891891892,-1.10003595746129
PH_epi,-0.0015104147510634836,0.0026454200634096407,-0.5709545988385427,0.5716785026099496,37,FALSE,NA,Stable,6.921756756756757,-0.021821263071532725
SECCHI,-0.030925966792125902,0.04362593911400959,-0.7088894226736463,0.4830885325520212,37,FALSE,NA,Stable,3.8117905405405406,-0.811323876881765
SPCD_epi,0.37118400619531594,0.15293869541522181,2.427011719876175,0.020510198333358667,37,TRUE,increasing,Worsening,69.03644144144144,0.5376638749698073
TP_epi,-0.0457704709012223,0.031206057390530687,-1.4667175134758006,0.15138130385079057,37,FALSE,NA,Stable,8.692792792792794,-0.5265335547762126
TP_hypo,-0.06335006804222298,0.058686955639606006,-1.0794573913708005,0.2877668040189115,37,FALSE,NA,Stable,11.596306306306307,-0.5462952285743947
