STATNAME,Alk. (mg/L),Chlor-a (μg/L),Chloride (mg/L),Color (pcu),Cond. (μS/cm),Total P (μg/L),Trans. NVS (m),Trans. VS (m),Turb. (ntu),pH,E. coli (mpn/100 mL)
Epilimnion,8.6,2.21,31,14,133.83333333333334,3.9200000000000004,7.69,7.86,0.49,7.05,-
Metalimnion,-,-,-,-,134.39999999999998,8.58,-,-,0.72,6.66,-
Hypolimnion,-,-,-,-,133.33333333333334,12.6,-,-,0.96,6.31,-
Outlet,-,-,29,-,137.66666666666666,0.0072633333333333334,-,-,0.74,7.03,-
Perkins Cove,-,-,29,-,139.56666666666666,0.007516666666666667,-,-,0.57,6.96,-
